/*
SQLyog Community v11.31 (32 bit)
MySQL - 5.5.46-0ubuntu0.14.04.2 : Database - sapev_taller
*********************************************************************
*/

/*!40101 SET NAMES utf8 */;

/*!40101 SET SQL_MODE=''*/;

/*!40014 SET @OLD_UNIQUE_CHECKS=@@UNIQUE_CHECKS, UNIQUE_CHECKS=0 */;
/*!40014 SET @OLD_FOREIGN_KEY_CHECKS=@@FOREIGN_KEY_CHECKS, FOREIGN_KEY_CHECKS=0 */;
/*!40101 SET @OLD_SQL_MODE=@@SQL_MODE, SQL_MODE='NO_AUTO_VALUE_ON_ZERO' */;
/*!40111 SET @OLD_SQL_NOTES=@@SQL_NOTES, SQL_NOTES=0 */;
CREATE DATABASE /*!32312 IF NOT EXISTS*/`sapev_taller` /*!40100 DEFAULT CHARACTER SET latin1 */;

USE `sapev_taller`;

/*Table structure for table `Alerts` */

DROP TABLE IF EXISTS `Alerts`;

CREATE TABLE `Alerts` (
  `id` int(11) NOT NULL AUTO_INCREMENT COMMENT 'Id de la alerta',
  `date` datetime NOT NULL COMMENT 'Fecha de creación de la alerta',
  `link` varchar(250) CHARACTER SET utf8 NOT NULL COMMENT 'Enlace relacionado con la alerta',
  `closed` bit(1) NOT NULL COMMENT 'Indica si se ha leido la alerta',
  `typeId` int(11) NOT NULL COMMENT 'Tipo de la alerta',
  `userId` int(11) NOT NULL COMMENT 'Id del usuario al que va digida la alerta',
  PRIMARY KEY (`id`),
  UNIQUE KEY `UQ_Alerts_id` (`id`),
  KEY `typeId` (`typeId`),
  KEY `userId` (`userId`),
  CONSTRAINT `FK_Alerts_TableElements` FOREIGN KEY (`typeId`) REFERENCES `TableElements` (`id`),
  CONSTRAINT `FK_Alerts_Users` FOREIGN KEY (`userId`) REFERENCES `Users` (`id`)
) ENGINE=InnoDB AUTO_INCREMENT=162 DEFAULT CHARSET=latin1;

/*Data for the table `Alerts` */

insert  into `Alerts`(`id`,`date`,`link`,`closed`,`typeId`,`userId`) values (1,'2015-07-14 08:45:49','app.visits.detail({id: \'8039dff6-7067-4d59-bc71-e37e0c4a144f\'})','',8002,3),(2,'2015-07-14 08:45:49','app.visits.detail({id: \'8039dff6-7067-4d59-bc71-e37e0c4a144f\'})','',8002,6),(3,'2015-07-14 08:45:49','app.visits.detail({id: \'8039dff6-7067-4d59-bc71-e37e0c4a144f\'})','',8002,15),(4,'2015-07-14 08:45:49','app.visits.detail({id: \'8039dff6-7067-4d59-bc71-e37e0c4a144f\'})','',8002,16),(5,'2015-07-14 08:48:46','app.visits.detail({id: \'070c67a5-7bc3-4fe7-a7cb-7afe66457920\'})','',8002,3),(6,'2015-07-14 08:48:46','app.visits.detail({id: \'070c67a5-7bc3-4fe7-a7cb-7afe66457920\'})','',8002,6),(7,'2015-07-14 08:48:46','app.visits.detail({id: \'070c67a5-7bc3-4fe7-a7cb-7afe66457920\'})','',8002,15),(8,'2015-07-14 08:48:46','app.visits.detail({id: \'070c67a5-7bc3-4fe7-a7cb-7afe66457920\'})','',8002,16),(9,'2015-07-14 09:16:56','app.visits.detail({id: \'71a7634b-8a6a-4bc8-a724-de78fb01c44f\'})','',8002,3),(10,'2015-07-14 09:16:56','app.visits.detail({id: \'71a7634b-8a6a-4bc8-a724-de78fb01c44f\'})','',8002,6),(11,'2015-07-14 09:16:56','app.visits.detail({id: \'71a7634b-8a6a-4bc8-a724-de78fb01c44f\'})','',8002,15),(12,'2015-07-14 09:16:56','app.visits.detail({id: \'71a7634b-8a6a-4bc8-a724-de78fb01c44f\'})','',8002,16),(13,'2015-07-14 09:20:36','app.visits.detail({id: \'04154652-c76c-4faa-a45d-de0337fc1065\'})','',8002,3),(14,'2015-07-14 09:20:36','app.visits.detail({id: \'04154652-c76c-4faa-a45d-de0337fc1065\'})','',8002,6),(15,'2015-07-14 09:20:36','app.visits.detail({id: \'04154652-c76c-4faa-a45d-de0337fc1065\'})','',8002,15),(16,'2015-07-14 09:20:36','app.visits.detail({id: \'04154652-c76c-4faa-a45d-de0337fc1065\'})','',8002,16),(17,'2015-07-14 09:27:59','app.visits.detail({id: \'f23b8785-6363-4f7e-886a-93c5a4570feb\'})','',8002,3),(18,'2015-07-14 09:27:59','app.visits.detail({id: \'f23b8785-6363-4f7e-886a-93c5a4570feb\'})','',8002,6),(19,'2015-07-14 09:27:59','app.visits.detail({id: \'f23b8785-6363-4f7e-886a-93c5a4570feb\'})','',8002,15),(20,'2015-07-14 09:27:59','app.visits.detail({id: \'f23b8785-6363-4f7e-886a-93c5a4570feb\'})','',8002,16),(21,'2015-07-16 14:29:43','app.visits.detail({id: \'84c12ce9-d869-4ef2-9aa6-f2955beca00c\'})','',8002,3),(22,'2015-07-16 14:29:43','app.visits.detail({id: \'84c12ce9-d869-4ef2-9aa6-f2955beca00c\'})','',8002,6),(23,'2015-07-16 14:29:43','app.visits.detail({id: \'84c12ce9-d869-4ef2-9aa6-f2955beca00c\'})','\0',8002,15),(24,'2015-07-16 14:29:43','app.visits.detail({id: \'84c12ce9-d869-4ef2-9aa6-f2955beca00c\'})','\0',8002,16),(25,'2015-07-16 14:30:46','app.visits.detail({id: \'292fa777-bf17-4753-9ca7-98a653c82783\'})','',8002,3),(26,'2015-07-16 14:30:46','app.visits.detail({id: \'292fa777-bf17-4753-9ca7-98a653c82783\'})','\0',8002,6),(27,'2015-07-16 14:30:46','app.visits.detail({id: \'292fa777-bf17-4753-9ca7-98a653c82783\'})','\0',8002,15),(28,'2015-07-16 14:30:46','app.visits.detail({id: \'292fa777-bf17-4753-9ca7-98a653c82783\'})','\0',8002,16),(29,'2015-07-17 09:58:57','app.visits.detail({id: \'e7c4f1e2-610e-4e4f-944e-c06da0a4eb5c\'})','',8002,3),(30,'2015-07-17 09:58:57','app.visits.detail({id: \'e7c4f1e2-610e-4e4f-944e-c06da0a4eb5c\'})','',8002,6),(31,'2015-07-17 09:58:57','app.visits.detail({id: \'e7c4f1e2-610e-4e4f-944e-c06da0a4eb5c\'})','\0',8002,15),(32,'2015-07-17 09:58:58','app.visits.detail({id: \'e7c4f1e2-610e-4e4f-944e-c06da0a4eb5c\'})','\0',8002,16),(33,'2015-07-17 10:09:03','app.visits.detail({id: \'08c1c071-fe18-4095-8609-80a6f3f6522e\'})','',8002,3),(34,'2015-07-17 10:09:03','app.visits.detail({id: \'08c1c071-fe18-4095-8609-80a6f3f6522e\'})','\0',8002,6),(35,'2015-07-17 10:09:03','app.visits.detail({id: \'08c1c071-fe18-4095-8609-80a6f3f6522e\'})','\0',8002,15),(36,'2015-07-17 10:09:03','app.visits.detail({id: \'08c1c071-fe18-4095-8609-80a6f3f6522e\'})','\0',8002,16),(37,'2015-07-17 11:36:08','app.visits.detail({id: \'4f0b3155-f4c3-4e97-93d8-eefbf4ea5ff6\'})','',8002,3),(38,'2015-07-17 11:36:08','app.visits.detail({id: \'4f0b3155-f4c3-4e97-93d8-eefbf4ea5ff6\'})','\0',8002,6),(39,'2015-07-17 11:36:08','app.visits.detail({id: \'4f0b3155-f4c3-4e97-93d8-eefbf4ea5ff6\'})','\0',8002,15),(40,'2015-07-17 11:36:08','app.visits.detail({id: \'4f0b3155-f4c3-4e97-93d8-eefbf4ea5ff6\'})','\0',8002,16),(41,'2015-07-17 11:36:09','app.visits.detail({id: \'990b0968-73d6-44ca-8cc5-78d8f6143bba\'})','',8002,3),(42,'2015-07-17 11:36:09','app.visits.detail({id: \'990b0968-73d6-44ca-8cc5-78d8f6143bba\'})','\0',8002,6),(43,'2015-07-17 11:36:09','app.visits.detail({id: \'990b0968-73d6-44ca-8cc5-78d8f6143bba\'})','\0',8002,15),(44,'2015-07-17 11:36:09','app.visits.detail({id: \'990b0968-73d6-44ca-8cc5-78d8f6143bba\'})','\0',8002,16),(45,'2015-07-17 11:42:12','app.visits.detail({id: \'05a89262-85c2-46fd-a657-2c46af620983\'})','',8002,3),(46,'2015-07-17 11:42:12','app.visits.detail({id: \'05a89262-85c2-46fd-a657-2c46af620983\'})','\0',8002,6),(47,'2015-07-17 11:42:12','app.visits.detail({id: \'05a89262-85c2-46fd-a657-2c46af620983\'})','\0',8002,15),(48,'2015-07-17 11:42:12','app.visits.detail({id: \'05a89262-85c2-46fd-a657-2c46af620983\'})','\0',8002,16),(49,'2015-07-17 11:49:10','app.visits.detail({id: \'a37bd27e-65c6-4c9b-a1da-112244661f1e\'})','',8002,3),(50,'2015-07-17 11:49:10','app.visits.detail({id: \'a37bd27e-65c6-4c9b-a1da-112244661f1e\'})','\0',8002,6),(51,'2015-07-17 11:49:10','app.visits.detail({id: \'a37bd27e-65c6-4c9b-a1da-112244661f1e\'})','\0',8002,15),(52,'2015-07-17 11:49:10','app.visits.detail({id: \'a37bd27e-65c6-4c9b-a1da-112244661f1e\'})','\0',8002,16),(53,'2015-07-17 12:11:25','app.visits.detail({id: \'9902fdb0-d6e8-4289-9600-bd8fd2af14c2\'})','',8002,3),(54,'2015-07-17 12:11:25','app.visits.detail({id: \'9902fdb0-d6e8-4289-9600-bd8fd2af14c2\'})','\0',8002,6),(55,'2015-07-17 12:11:25','app.visits.detail({id: \'9902fdb0-d6e8-4289-9600-bd8fd2af14c2\'})','\0',8002,15),(56,'2015-07-17 12:11:25','app.visits.detail({id: \'9902fdb0-d6e8-4289-9600-bd8fd2af14c2\'})','\0',8002,16),(57,'2015-07-17 12:15:53','app.visits.detail({id: \'b740b081-4a29-4ee5-a2ba-3acc3ed22bd9\'})','',8002,3),(58,'2015-07-17 12:15:54','app.visits.detail({id: \'b740b081-4a29-4ee5-a2ba-3acc3ed22bd9\'})','\0',8002,6),(59,'2015-07-17 12:15:54','app.visits.detail({id: \'b740b081-4a29-4ee5-a2ba-3acc3ed22bd9\'})','\0',8002,15),(60,'2015-07-17 12:15:54','app.visits.detail({id: \'b740b081-4a29-4ee5-a2ba-3acc3ed22bd9\'})','\0',8002,16),(61,'2015-07-20 10:25:14','app.visits.detail({id: \'001b4b55-e97f-48a5-bfd2-b738fe6a433f\'})','',8002,3),(62,'2015-07-20 10:25:14','app.visits.detail({id: \'001b4b55-e97f-48a5-bfd2-b738fe6a433f\'})','',8002,6),(63,'2015-07-20 10:25:14','app.visits.detail({id: \'001b4b55-e97f-48a5-bfd2-b738fe6a433f\'})','\0',8002,15),(64,'2015-07-20 10:25:14','app.visits.detail({id: \'001b4b55-e97f-48a5-bfd2-b738fe6a433f\'})','\0',8002,16),(65,'2015-07-20 18:37:43','app.visits.detail({id: \'f1b3ff3e-d709-4fb3-b8ae-c6f5b3bc3587\'})','',8002,3),(66,'2015-07-20 18:37:45','app.visits.detail({id: \'f1b3ff3e-d709-4fb3-b8ae-c6f5b3bc3587\'})','',8002,6),(67,'2015-07-20 18:37:48','app.visits.detail({id: \'f1b3ff3e-d709-4fb3-b8ae-c6f5b3bc3587\'})','\0',8002,15),(68,'2015-07-20 18:37:49','app.visits.detail({id: \'f1b3ff3e-d709-4fb3-b8ae-c6f5b3bc3587\'})','\0',8002,16),(69,'2015-07-20 19:38:40','app.visits.detail({id: \'8c1475c7-34eb-4047-b30c-210580f6dcd6\'})','',8002,3),(70,'2015-07-20 19:38:40','app.visits.detail({id: \'8c1475c7-34eb-4047-b30c-210580f6dcd6\'})','',8002,6),(71,'2015-07-20 19:38:40','app.visits.detail({id: \'8c1475c7-34eb-4047-b30c-210580f6dcd6\'})','\0',8002,15),(72,'2015-07-20 19:38:40','app.visits.detail({id: \'8c1475c7-34eb-4047-b30c-210580f6dcd6\'})','\0',8002,16),(73,'2015-07-21 01:44:07','app.visits.detail({id: \'3454c56a-860c-40cf-ba54-dfb656703152\'})','',8002,3),(74,'2015-07-21 01:44:07','app.visits.detail({id: \'3454c56a-860c-40cf-ba54-dfb656703152\'})','',8002,6),(75,'2015-07-21 01:44:07','app.visits.detail({id: \'3454c56a-860c-40cf-ba54-dfb656703152\'})','\0',8002,15),(76,'2015-07-21 01:44:07','app.visits.detail({id: \'3454c56a-860c-40cf-ba54-dfb656703152\'})','\0',8002,16),(77,'2015-07-21 01:44:08','app.visits.detail({id: \'0e7f4f79-c7e3-4875-a757-3dca51950111\'})','',8002,3),(78,'2015-07-21 01:44:08','app.visits.detail({id: \'0e7f4f79-c7e3-4875-a757-3dca51950111\'})','',8002,6),(79,'2015-07-21 01:44:08','app.visits.detail({id: \'0e7f4f79-c7e3-4875-a757-3dca51950111\'})','\0',8002,15),(80,'2015-07-21 01:44:08','app.visits.detail({id: \'0e7f4f79-c7e3-4875-a757-3dca51950111\'})','\0',8002,16),(81,'2015-07-21 01:46:55','app.visits.detail({id: \'c9c6cf56-7a4c-426c-9672-cb690a9a7c3d\'})','',8002,3),(82,'2015-07-21 01:46:55','app.visits.detail({id: \'c9c6cf56-7a4c-426c-9672-cb690a9a7c3d\'})','',8002,6),(83,'2015-07-21 01:46:55','app.visits.detail({id: \'c9c6cf56-7a4c-426c-9672-cb690a9a7c3d\'})','\0',8002,15),(84,'2015-07-21 01:46:55','app.visits.detail({id: \'c9c6cf56-7a4c-426c-9672-cb690a9a7c3d\'})','\0',8002,16),(85,'2015-07-21 01:50:48','app.visits.detail({id: \'1d15f008-47d5-4b64-af5e-81874d77c280\'})','',8002,3),(86,'2015-07-21 01:50:48','app.visits.detail({id: \'1d15f008-47d5-4b64-af5e-81874d77c280\'})','',8002,6),(87,'2015-07-21 01:50:48','app.visits.detail({id: \'1d15f008-47d5-4b64-af5e-81874d77c280\'})','\0',8002,15),(88,'2015-07-21 01:50:48','app.visits.detail({id: \'1d15f008-47d5-4b64-af5e-81874d77c280\'})','\0',8002,16),(89,'2015-07-21 01:56:06','app.visits.detail({id: \'f9103699-d3ce-427b-b151-3c218e806808\'})','',8002,3),(90,'2015-07-21 01:56:06','app.visits.detail({id: \'f9103699-d3ce-427b-b151-3c218e806808\'})','',8002,6),(91,'2015-07-21 01:56:06','app.visits.detail({id: \'f9103699-d3ce-427b-b151-3c218e806808\'})','\0',8002,15),(92,'2015-07-21 01:56:06','app.visits.detail({id: \'f9103699-d3ce-427b-b151-3c218e806808\'})','\0',8002,16),(93,'2015-07-21 01:57:13','app.visits.detail({id: \'267f225e-56c9-403b-89c1-7d82f5895be7\'})','',8002,3),(94,'2015-07-21 01:57:13','app.visits.detail({id: \'267f225e-56c9-403b-89c1-7d82f5895be7\'})','',8002,6),(95,'2015-07-21 01:57:13','app.visits.detail({id: \'267f225e-56c9-403b-89c1-7d82f5895be7\'})','\0',8002,15),(96,'2015-07-21 01:57:13','app.visits.detail({id: \'267f225e-56c9-403b-89c1-7d82f5895be7\'})','\0',8002,16),(97,'2015-07-21 02:01:04','app.visits.detail({id: \'4030bd82-a7e8-4085-88d9-999160af2126\'})','',8002,3),(98,'2015-07-21 02:01:04','app.visits.detail({id: \'4030bd82-a7e8-4085-88d9-999160af2126\'})','',8002,6),(99,'2015-07-21 02:01:04','app.visits.detail({id: \'4030bd82-a7e8-4085-88d9-999160af2126\'})','\0',8002,15),(100,'2015-07-21 02:01:04','app.visits.detail({id: \'4030bd82-a7e8-4085-88d9-999160af2126\'})','\0',8002,16),(101,'2015-07-21 02:02:08','app.visits.detail({id: \'c9c6cf56-7a4c-426c-9672-cb690a9a7c3d\'})','',8002,3),(102,'2015-07-21 02:02:08','app.visits.detail({id: \'c9c6cf56-7a4c-426c-9672-cb690a9a7c3d\'})','',8002,6),(103,'2015-07-21 02:02:08','app.visits.detail({id: \'c9c6cf56-7a4c-426c-9672-cb690a9a7c3d\'})','\0',8002,15),(104,'2015-07-21 02:02:08','app.visits.detail({id: \'c9c6cf56-7a4c-426c-9672-cb690a9a7c3d\'})','\0',8002,16),(105,'2015-07-21 02:07:02','app.visits.detail({id: \'3454c56a-860c-40cf-ba54-dfb656703152\'})','',8002,3),(106,'2015-07-21 02:07:02','app.visits.detail({id: \'3454c56a-860c-40cf-ba54-dfb656703152\'})','',8002,6),(107,'2015-07-21 02:07:02','app.visits.detail({id: \'3454c56a-860c-40cf-ba54-dfb656703152\'})','\0',8002,15),(108,'2015-07-21 02:07:02','app.visits.detail({id: \'3454c56a-860c-40cf-ba54-dfb656703152\'})','\0',8002,16),(109,'2015-07-21 02:07:03','app.visits.detail({id: \'0e7f4f79-c7e3-4875-a757-3dca51950111\'})','',8002,3),(110,'2015-07-21 02:07:03','app.visits.detail({id: \'0e7f4f79-c7e3-4875-a757-3dca51950111\'})','',8002,6),(111,'2015-07-21 02:07:03','app.visits.detail({id: \'0e7f4f79-c7e3-4875-a757-3dca51950111\'})','\0',8002,15),(112,'2015-07-21 02:07:03','app.visits.detail({id: \'0e7f4f79-c7e3-4875-a757-3dca51950111\'})','\0',8002,16),(113,'2015-07-21 22:09:06','app.visits.detail({id: \'fd5b22a1-309f-447c-9bef-d0b5b296e4a2\'})','',8002,3),(114,'2015-07-21 22:09:06','app.visits.detail({id: \'fd5b22a1-309f-447c-9bef-d0b5b296e4a2\'})','',8002,6),(115,'2015-07-21 22:09:06','app.visits.detail({id: \'fd5b22a1-309f-447c-9bef-d0b5b296e4a2\'})','\0',8002,15),(116,'2015-07-21 22:09:06','app.visits.detail({id: \'fd5b22a1-309f-447c-9bef-d0b5b296e4a2\'})','\0',8002,16),(117,'2015-07-21 22:09:07','app.visits.detail({id: \'b0d20fce-5a1b-43fc-8931-7f1f6ba85985\'})','',8002,3),(118,'2015-07-21 22:09:07','app.visits.detail({id: \'b0d20fce-5a1b-43fc-8931-7f1f6ba85985\'})','',8002,6),(119,'2015-07-21 22:09:07','app.visits.detail({id: \'b0d20fce-5a1b-43fc-8931-7f1f6ba85985\'})','\0',8002,15),(120,'2015-07-21 22:09:07','app.visits.detail({id: \'b0d20fce-5a1b-43fc-8931-7f1f6ba85985\'})','\0',8002,16),(121,'2015-07-23 00:00:22','app.visits.detail({id: \'6b9053d6-5e50-464f-9a0a-1b6adaf50188\'})','',8002,3),(122,'2015-07-23 00:00:22','app.visits.detail({id: \'6b9053d6-5e50-464f-9a0a-1b6adaf50188\'})','\0',8002,6),(123,'2015-07-23 00:00:22','app.visits.detail({id: \'6b9053d6-5e50-464f-9a0a-1b6adaf50188\'})','\0',8002,15),(124,'2015-07-23 00:00:22','app.visits.detail({id: \'6b9053d6-5e50-464f-9a0a-1b6adaf50188\'})','\0',8002,16),(125,'2015-07-23 00:00:22','app.visits.detail({id: \'93064f8c-0c69-4a72-ac0c-51a77544562c\'})','\0',8002,3),(126,'2015-07-23 00:00:22','app.visits.detail({id: \'93064f8c-0c69-4a72-ac0c-51a77544562c\'})','\0',8002,6),(127,'2015-07-23 00:00:22','app.visits.detail({id: \'93064f8c-0c69-4a72-ac0c-51a77544562c\'})','\0',8002,15),(128,'2015-07-23 00:00:22','app.visits.detail({id: \'93064f8c-0c69-4a72-ac0c-51a77544562c\'})','\0',8002,16),(129,'2015-07-23 00:00:22','app.visits.detail({id: \'ee70630b-d0d8-4dc0-9812-38f729ef7042\'})','\0',8002,3),(130,'2015-07-23 00:00:22','app.visits.detail({id: \'ee70630b-d0d8-4dc0-9812-38f729ef7042\'})','\0',8002,6),(131,'2015-07-23 00:00:22','app.visits.detail({id: \'ee70630b-d0d8-4dc0-9812-38f729ef7042\'})','\0',8002,15),(132,'2015-07-23 00:00:22','app.visits.detail({id: \'ee70630b-d0d8-4dc0-9812-38f729ef7042\'})','\0',8002,16),(133,'2015-07-23 00:00:22','app.visits.detail({id: \'0b4be8dc-027a-40e0-8a43-bdf8d3879e86\'})','',8002,3),(134,'2015-07-23 00:00:22','app.visits.detail({id: \'0b4be8dc-027a-40e0-8a43-bdf8d3879e86\'})','\0',8002,6),(135,'2015-07-23 00:00:22','app.visits.detail({id: \'0b4be8dc-027a-40e0-8a43-bdf8d3879e86\'})','\0',8002,15),(136,'2015-07-23 00:00:22','app.visits.detail({id: \'0b4be8dc-027a-40e0-8a43-bdf8d3879e86\'})','\0',8002,16),(137,'2015-07-23 00:00:22','app.visits.detail({id: \'816e3b62-37b6-416a-bc9a-25ff80cd2d14\'})','',8002,3),(138,'2015-07-23 00:00:22','app.visits.detail({id: \'816e3b62-37b6-416a-bc9a-25ff80cd2d14\'})','\0',8002,6),(139,'2015-07-23 00:00:22','app.visits.detail({id: \'816e3b62-37b6-416a-bc9a-25ff80cd2d14\'})','\0',8002,15),(140,'2015-07-23 00:00:22','app.visits.detail({id: \'816e3b62-37b6-416a-bc9a-25ff80cd2d14\'})','\0',8002,16),(141,'2015-07-23 00:46:30','app.visits.detail({id: \'07ebd3c2-e91b-4d3e-9f36-e57930a5f23e\'})','',8002,3),(142,'2015-07-23 00:46:30','app.visits.detail({id: \'07ebd3c2-e91b-4d3e-9f36-e57930a5f23e\'})','',8002,6),(143,'2015-07-23 00:46:30','app.visits.detail({id: \'07ebd3c2-e91b-4d3e-9f36-e57930a5f23e\'})','',8002,15),(144,'2015-07-23 00:46:30','app.visits.detail({id: \'07ebd3c2-e91b-4d3e-9f36-e57930a5f23e\'})','\0',8002,16),(145,'2015-07-23 00:49:12','app.visits.detail({id: \'93064f8c-0c69-4a72-ac0c-51a77544562c\'})','',8002,3),(146,'2015-07-23 00:49:12','app.visits.detail({id: \'93064f8c-0c69-4a72-ac0c-51a77544562c\'})','',8002,6),(147,'2015-07-23 00:49:12','app.visits.detail({id: \'93064f8c-0c69-4a72-ac0c-51a77544562c\'})','\0',8002,15),(148,'2015-07-23 00:49:12','app.visits.detail({id: \'93064f8c-0c69-4a72-ac0c-51a77544562c\'})','\0',8002,16),(149,'2015-07-23 20:13:53','app.visits.detail({id: \'7e7075bf-9191-43ed-8fc5-4a08887078b9\'})','',8002,3),(150,'2015-07-23 20:13:53','app.visits.detail({id: \'7e7075bf-9191-43ed-8fc5-4a08887078b9\'})','',8002,6),(151,'2015-07-23 20:13:53','app.visits.detail({id: \'7e7075bf-9191-43ed-8fc5-4a08887078b9\'})','\0',8002,15),(152,'2015-07-23 20:13:53','app.visits.detail({id: \'7e7075bf-9191-43ed-8fc5-4a08887078b9\'})','\0',8002,16),(153,'2015-07-24 17:18:09','app.visits.detail({id: \'3ac4c94f-a60b-46be-94e5-101accc63289\'})','\0',8002,3),(154,'2015-07-24 17:18:09','app.visits.detail({id: \'3ac4c94f-a60b-46be-94e5-101accc63289\'})','',8002,6),(155,'2015-07-24 17:18:09','app.visits.detail({id: \'3ac4c94f-a60b-46be-94e5-101accc63289\'})','\0',8002,15),(156,'2015-07-24 17:18:09','app.visits.detail({id: \'3ac4c94f-a60b-46be-94e5-101accc63289\'})','\0',8002,16),(157,'2015-11-25 20:00:12','app.visits.detail({id: \'5186e188-0752-4a1b-b1d3-f2205ea547ee\'})','\0',8003,3),(158,'2015-11-25 20:00:12','app.visits.detail({id: \'5186e188-0752-4a1b-b1d3-f2205ea547ee\'})','\0',8003,6),(159,'2015-11-25 20:00:12','app.visits.detail({id: \'5186e188-0752-4a1b-b1d3-f2205ea547ee\'})','\0',8003,15),(160,'2015-11-25 20:00:12','app.visits.detail({id: \'5186e188-0752-4a1b-b1d3-f2205ea547ee\'})','\0',8003,16),(161,'2015-11-25 20:00:12','app.visits.detail({id: \'5186e188-0752-4a1b-b1d3-f2205ea547ee\'})','\0',8003,20);

/*Table structure for table `AreaDescendants` */

DROP TABLE IF EXISTS `AreaDescendants`;

CREATE TABLE `AreaDescendants` (
  `id` int(11) NOT NULL AUTO_INCREMENT,
  `areaId` int(11) NOT NULL COMMENT 'Id de la zona a la que se refiere',
  `descendantId` int(11) NOT NULL COMMENT 'Zona descendiente ',
  `level` int(11) NOT NULL COMMENT 'Nivel relativo a la zona de la que se refiere',
  PRIMARY KEY (`id`),
  UNIQUE KEY `UQ_AreaDescendants_id` (`id`),
  KEY `areaId` (`areaId`),
  KEY `descendantId` (`descendantId`),
  CONSTRAINT `FK_AreaDescendants_Descendants` FOREIGN KEY (`descendantId`) REFERENCES `Areas` (`id`),
  CONSTRAINT `FK_AreaDescendants_Areas` FOREIGN KEY (`areaId`) REFERENCES `Areas` (`id`)
) ENGINE=InnoDB AUTO_INCREMENT=1619 DEFAULT CHARSET=latin1;

/*Data for the table `AreaDescendants` */

insert  into `AreaDescendants`(`id`,`areaId`,`descendantId`,`level`) values (1,1,1,0),(2,2,2,0),(3,1,2,1),(4,3,3,0),(5,2,3,1),(6,1,3,2),(7,4,4,0),(8,3,4,1),(9,2,4,2),(10,1,4,3),(11,5,5,0),(12,4,5,1),(13,3,5,2),(14,2,5,3),(15,1,5,4),(16,6,6,0),(17,5,6,1),(18,4,6,2),(19,3,6,3),(20,2,6,4),(21,1,6,5),(22,7,7,0),(23,6,7,1),(24,5,7,2),(25,4,7,3),(26,3,7,4),(27,2,7,5),(28,1,7,6),(29,8,8,0),(30,6,8,1),(31,5,8,2),(32,4,8,3),(33,3,8,4),(34,2,8,5),(35,1,8,6),(36,9,9,0),(37,6,9,1),(38,5,9,2),(39,4,9,3),(40,3,9,4),(41,2,9,5),(42,1,9,6),(43,10,10,0),(44,6,10,1),(45,5,10,2),(46,4,10,3),(47,3,10,4),(48,2,10,5),(49,1,10,6),(50,11,11,0),(51,7,11,1),(52,6,11,2),(53,5,11,3),(54,4,11,4),(55,3,11,5),(56,2,11,6),(57,1,11,7),(58,12,12,0),(59,7,12,1),(60,6,12,2),(61,5,12,3),(62,4,12,4),(63,3,12,5),(64,2,12,6),(65,1,12,7),(66,13,13,0),(67,7,13,1),(68,6,13,2),(69,5,13,3),(70,4,13,4),(71,3,13,5),(72,2,13,6),(73,1,13,7),(74,14,14,0),(75,7,14,1),(76,6,14,2),(77,5,14,3),(78,4,14,4),(79,3,14,5),(80,2,14,6),(81,1,14,7),(82,15,15,0),(83,7,15,1),(84,6,15,2),(85,5,15,3),(86,4,15,4),(87,3,15,5),(88,2,15,6),(89,1,15,7),(90,16,16,0),(91,7,16,1),(92,6,16,2),(93,5,16,3),(94,4,16,4),(95,3,16,5),(96,2,16,6),(97,1,16,7),(98,17,17,0),(99,7,17,1),(100,6,17,2),(101,5,17,3),(102,4,17,4),(103,3,17,5),(104,2,17,6),(105,1,17,7),(106,18,18,0),(107,7,18,1),(108,6,18,2),(109,5,18,3),(110,4,18,4),(111,3,18,5),(112,2,18,6),(113,1,18,7),(114,19,19,0),(115,7,19,1),(116,6,19,2),(117,5,19,3),(118,4,19,4),(119,3,19,5),(120,2,19,6),(121,1,19,7),(122,20,20,0),(123,7,20,1),(124,6,20,2),(125,5,20,3),(126,4,20,4),(127,3,20,5),(128,2,20,6),(129,1,20,7),(130,21,21,0),(131,7,21,1),(132,6,21,2),(133,5,21,3),(134,4,21,4),(135,3,21,5),(136,2,21,6),(137,1,21,7),(138,22,22,0),(139,7,22,1),(140,6,22,2),(141,5,22,3),(142,4,22,4),(143,3,22,5),(144,2,22,6),(145,1,22,7),(146,23,23,0),(147,7,23,1),(148,6,23,2),(149,5,23,3),(150,4,23,4),(151,3,23,5),(152,2,23,6),(153,1,23,7),(154,24,24,0),(155,7,24,1),(156,6,24,2),(157,5,24,3),(158,4,24,4),(159,3,24,5),(160,2,24,6),(161,1,24,7),(162,25,25,0),(163,7,25,1),(164,6,25,2),(165,5,25,3),(166,4,25,4),(167,3,25,5),(168,2,25,6),(169,1,25,7),(170,26,26,0),(171,7,26,1),(172,6,26,2),(173,5,26,3),(174,4,26,4),(175,3,26,5),(176,2,26,6),(177,1,26,7),(178,27,27,0),(179,7,27,1),(180,6,27,2),(181,5,27,3),(182,4,27,4),(183,3,27,5),(184,2,27,6),(185,1,27,7),(186,28,28,0),(187,7,28,1),(188,6,28,2),(189,5,28,3),(190,4,28,4),(191,3,28,5),(192,2,28,6),(193,1,28,7),(194,29,29,0),(195,7,29,1),(196,6,29,2),(197,5,29,3),(198,4,29,4),(199,3,29,5),(200,2,29,6),(201,1,29,7),(202,30,30,0),(203,7,30,1),(204,6,30,2),(205,5,30,3),(206,4,30,4),(207,3,30,5),(208,2,30,6),(209,1,30,7),(210,31,31,0),(211,7,31,1),(212,6,31,2),(213,5,31,3),(214,4,31,4),(215,3,31,5),(216,2,31,6),(217,1,31,7),(218,32,32,0),(219,7,32,1),(220,6,32,2),(221,5,32,3),(222,4,32,4),(223,3,32,5),(224,2,32,6),(225,1,32,7),(226,33,33,0),(227,7,33,1),(228,6,33,2),(229,5,33,3),(230,4,33,4),(231,3,33,5),(232,2,33,6),(233,1,33,7),(234,34,34,0),(235,7,34,1),(236,6,34,2),(237,5,34,3),(238,4,34,4),(239,3,34,5),(240,2,34,6),(241,1,34,7),(242,35,35,0),(243,8,35,1),(244,6,35,2),(245,5,35,3),(246,4,35,4),(247,3,35,5),(248,2,35,6),(249,1,35,7),(250,36,36,0),(251,8,36,1),(252,6,36,2),(253,5,36,3),(254,4,36,4),(255,3,36,5),(256,2,36,6),(257,1,36,7),(258,37,37,0),(259,8,37,1),(260,6,37,2),(261,5,37,3),(262,4,37,4),(263,3,37,5),(264,2,37,6),(265,1,37,7),(266,38,38,0),(267,8,38,1),(268,6,38,2),(269,5,38,3),(270,4,38,4),(271,3,38,5),(272,2,38,6),(273,1,38,7),(274,39,39,0),(275,8,39,1),(276,6,39,2),(277,5,39,3),(278,4,39,4),(279,3,39,5),(280,2,39,6),(281,1,39,7),(282,40,40,0),(283,8,40,1),(284,6,40,2),(285,5,40,3),(286,4,40,4),(287,3,40,5),(288,2,40,6),(289,1,40,7),(290,41,41,0),(291,8,41,1),(292,6,41,2),(293,5,41,3),(294,4,41,4),(295,3,41,5),(296,2,41,6),(297,1,41,7),(298,42,42,0),(299,8,42,1),(300,6,42,2),(301,5,42,3),(302,4,42,4),(303,3,42,5),(304,2,42,6),(305,1,42,7),(306,43,43,0),(307,8,43,1),(308,6,43,2),(309,5,43,3),(310,4,43,4),(311,3,43,5),(312,2,43,6),(313,1,43,7),(314,44,44,0),(315,8,44,1),(316,6,44,2),(317,5,44,3),(318,4,44,4),(319,3,44,5),(320,2,44,6),(321,1,44,7),(322,45,45,0),(323,8,45,1),(324,6,45,2),(325,5,45,3),(326,4,45,4),(327,3,45,5),(328,2,45,6),(329,1,45,7),(330,46,46,0),(331,8,46,1),(332,6,46,2),(333,5,46,3),(334,4,46,4),(335,3,46,5),(336,2,46,6),(337,1,46,7),(338,47,47,0),(339,8,47,1),(340,6,47,2),(341,5,47,3),(342,4,47,4),(343,3,47,5),(344,2,47,6),(345,1,47,7),(346,48,48,0),(347,8,48,1),(348,6,48,2),(349,5,48,3),(350,4,48,4),(351,3,48,5),(352,2,48,6),(353,1,48,7),(354,49,49,0),(355,8,49,1),(356,6,49,2),(357,5,49,3),(358,4,49,4),(359,3,49,5),(360,2,49,6),(361,1,49,7),(362,50,50,0),(363,8,50,1),(364,6,50,2),(365,5,50,3),(366,4,50,4),(367,3,50,5),(368,2,50,6),(369,1,50,7),(370,51,51,0),(371,8,51,1),(372,6,51,2),(373,5,51,3),(374,4,51,4),(375,3,51,5),(376,2,51,6),(377,1,51,7),(378,52,52,0),(379,8,52,1),(380,6,52,2),(381,5,52,3),(382,4,52,4),(383,3,52,5),(384,2,52,6),(385,1,52,7),(386,53,53,0),(387,8,53,1),(388,6,53,2),(389,5,53,3),(390,4,53,4),(391,3,53,5),(392,2,53,6),(393,1,53,7),(394,54,54,0),(395,8,54,1),(396,6,54,2),(397,5,54,3),(398,4,54,4),(399,3,54,5),(400,2,54,6),(401,1,54,7),(402,55,55,0),(403,8,55,1),(404,6,55,2),(405,5,55,3),(406,4,55,4),(407,3,55,5),(408,2,55,6),(409,1,55,7),(410,56,56,0),(411,8,56,1),(412,6,56,2),(413,5,56,3),(414,4,56,4),(415,3,56,5),(416,2,56,6),(417,1,56,7),(418,57,57,0),(419,9,57,1),(420,6,57,2),(421,5,57,3),(422,4,57,4),(423,3,57,5),(424,2,57,6),(425,1,57,7),(426,58,58,0),(427,9,58,1),(428,6,58,2),(429,5,58,3),(430,4,58,4),(431,3,58,5),(432,2,58,6),(433,1,58,7),(434,59,59,0),(435,9,59,1),(436,6,59,2),(437,5,59,3),(438,4,59,4),(439,3,59,5),(440,2,59,6),(441,1,59,7),(442,60,60,0),(443,9,60,1),(444,6,60,2),(445,5,60,3),(446,4,60,4),(447,3,60,5),(448,2,60,6),(449,1,60,7),(450,61,61,0),(451,9,61,1),(452,6,61,2),(453,5,61,3),(454,4,61,4),(455,3,61,5),(456,2,61,6),(457,1,61,7),(458,62,62,0),(459,9,62,1),(460,6,62,2),(461,5,62,3),(462,4,62,4),(463,3,62,5),(464,2,62,6),(465,1,62,7),(466,63,63,0),(467,9,63,1),(468,6,63,2),(469,5,63,3),(470,4,63,4),(471,3,63,5),(472,2,63,6),(473,1,63,7),(474,64,64,0),(475,9,64,1),(476,6,64,2),(477,5,64,3),(478,4,64,4),(479,3,64,5),(480,2,64,6),(481,1,64,7),(482,65,65,0),(483,9,65,1),(484,6,65,2),(485,5,65,3),(486,4,65,4),(487,3,65,5),(488,2,65,6),(489,1,65,7),(490,66,66,0),(491,9,66,1),(492,6,66,2),(493,5,66,3),(494,4,66,4),(495,3,66,5),(496,2,66,6),(497,1,66,7),(498,67,67,0),(499,9,67,1),(500,6,67,2),(501,5,67,3),(502,4,67,4),(503,3,67,5),(504,2,67,6),(505,1,67,7),(506,68,68,0),(507,9,68,1),(508,6,68,2),(509,5,68,3),(510,4,68,4),(511,3,68,5),(512,2,68,6),(513,1,68,7),(514,69,69,0),(515,9,69,1),(516,6,69,2),(517,5,69,3),(518,4,69,4),(519,3,69,5),(520,2,69,6),(521,1,69,7),(522,70,70,0),(523,9,70,1),(524,6,70,2),(525,5,70,3),(526,4,70,4),(527,3,70,5),(528,2,70,6),(529,1,70,7),(530,71,71,0),(531,9,71,1),(532,6,71,2),(533,5,71,3),(534,4,71,4),(535,3,71,5),(536,2,71,6),(537,1,71,7),(538,72,72,0),(539,9,72,1),(540,6,72,2),(541,5,72,3),(542,4,72,4),(543,3,72,5),(544,2,72,6),(545,1,72,7),(546,73,73,0),(547,9,73,1),(548,6,73,2),(549,5,73,3),(550,4,73,4),(551,3,73,5),(552,2,73,6),(553,1,73,7),(554,74,74,0),(555,9,74,1),(556,6,74,2),(557,5,74,3),(558,4,74,4),(559,3,74,5),(560,2,74,6),(561,1,74,7),(562,75,75,0),(563,9,75,1),(564,6,75,2),(565,5,75,3),(566,4,75,4),(567,3,75,5),(568,2,75,6),(569,1,75,7),(570,76,76,0),(571,9,76,1),(572,6,76,2),(573,5,76,3),(574,4,76,4),(575,3,76,5),(576,2,76,6),(577,1,76,7),(578,77,77,0),(579,9,77,1),(580,6,77,2),(581,5,77,3),(582,4,77,4),(583,3,77,5),(584,2,77,6),(585,1,77,7),(586,78,78,0),(587,9,78,1),(588,6,78,2),(589,5,78,3),(590,4,78,4),(591,3,78,5),(592,2,78,6),(593,1,78,7),(594,79,79,0),(595,9,79,1),(596,6,79,2),(597,5,79,3),(598,4,79,4),(599,3,79,5),(600,2,79,6),(601,1,79,7),(602,80,80,0),(603,9,80,1),(604,6,80,2),(605,5,80,3),(606,4,80,4),(607,3,80,5),(608,2,80,6),(609,1,80,7),(610,81,81,0),(611,9,81,1),(612,6,81,2),(613,5,81,3),(614,4,81,4),(615,3,81,5),(616,2,81,6),(617,1,81,7),(618,82,82,0),(619,9,82,1),(620,6,82,2),(621,5,82,3),(622,4,82,4),(623,3,82,5),(624,2,82,6),(625,1,82,7),(626,83,83,0),(627,9,83,1),(628,6,83,2),(629,5,83,3),(630,4,83,4),(631,3,83,5),(632,2,83,6),(633,1,83,7),(634,84,84,0),(635,9,84,1),(636,6,84,2),(637,5,84,3),(638,4,84,4),(639,3,84,5),(640,2,84,6),(641,1,84,7),(642,85,85,0),(643,9,85,1),(644,6,85,2),(645,5,85,3),(646,4,85,4),(647,3,85,5),(648,2,85,6),(649,1,85,7),(650,86,86,0),(651,9,86,1),(652,6,86,2),(653,5,86,3),(654,4,86,4),(655,3,86,5),(656,2,86,6),(657,1,86,7),(658,87,87,0),(659,9,87,1),(660,6,87,2),(661,5,87,3),(662,4,87,4),(663,3,87,5),(664,2,87,6),(665,1,87,7),(666,88,88,0),(667,9,88,1),(668,6,88,2),(669,5,88,3),(670,4,88,4),(671,3,88,5),(672,2,88,6),(673,1,88,7),(674,89,89,0),(675,9,89,1),(676,6,89,2),(677,5,89,3),(678,4,89,4),(679,3,89,5),(680,2,89,6),(681,1,89,7),(682,90,90,0),(683,9,90,1),(684,6,90,2),(685,5,90,3),(686,4,90,4),(687,3,90,5),(688,2,90,6),(689,1,90,7),(690,91,91,0),(691,9,91,1),(692,6,91,2),(693,5,91,3),(694,4,91,4),(695,3,91,5),(696,2,91,6),(697,1,91,7),(698,92,92,0),(699,10,92,1),(700,6,92,2),(701,5,92,3),(702,4,92,4),(703,3,92,5),(704,2,92,6),(705,1,92,7),(706,93,93,0),(707,10,93,1),(708,6,93,2),(709,5,93,3),(710,4,93,4),(711,3,93,5),(712,2,93,6),(713,1,93,7),(714,94,94,0),(715,10,94,1),(716,6,94,2),(717,5,94,3),(718,4,94,4),(719,3,94,5),(720,2,94,6),(721,1,94,7),(722,95,95,0),(723,10,95,1),(724,6,95,2),(725,5,95,3),(726,4,95,4),(727,3,95,5),(728,2,95,6),(729,1,95,7),(730,96,96,0),(731,10,96,1),(732,6,96,2),(733,5,96,3),(734,4,96,4),(735,3,96,5),(736,2,96,6),(737,1,96,7),(738,97,97,0),(739,10,97,1),(740,6,97,2),(741,5,97,3),(742,4,97,4),(743,3,97,5),(744,2,97,6),(745,1,97,7),(746,98,98,0),(747,10,98,1),(748,6,98,2),(749,5,98,3),(750,4,98,4),(751,3,98,5),(752,2,98,6),(753,1,98,7),(754,99,99,0),(755,10,99,1),(756,6,99,2),(757,5,99,3),(758,4,99,4),(759,3,99,5),(760,2,99,6),(761,1,99,7),(762,100,100,0),(763,10,100,1),(764,6,100,2),(765,5,100,3),(766,4,100,4),(767,3,100,5),(768,2,100,6),(769,1,100,7),(770,101,101,0),(771,10,101,1),(772,6,101,2),(773,5,101,3),(774,4,101,4),(775,3,101,5),(776,2,101,6),(777,1,101,7),(778,102,102,0),(779,10,102,1),(780,6,102,2),(781,5,102,3),(782,4,102,4),(783,3,102,5),(784,2,102,6),(785,1,102,7),(786,103,103,0),(787,10,103,1),(788,6,103,2),(789,5,103,3),(790,4,103,4),(791,3,103,5),(792,2,103,6),(793,1,103,7),(794,104,104,0),(795,10,104,1),(796,6,104,2),(797,5,104,3),(798,4,104,4),(799,3,104,5),(800,2,104,6),(801,1,104,7),(802,105,105,0),(803,10,105,1),(804,6,105,2),(805,5,105,3),(806,4,105,4),(807,3,105,5),(808,2,105,6),(809,1,105,7),(810,106,106,0),(811,10,106,1),(812,6,106,2),(813,5,106,3),(814,4,106,4),(815,3,106,5),(816,2,106,6),(817,1,106,7),(818,107,107,0),(819,10,107,1),(820,6,107,2),(821,5,107,3),(822,4,107,4),(823,3,107,5),(824,2,107,6),(825,1,107,7),(826,108,108,0),(827,10,108,1),(828,6,108,2),(829,5,108,3),(830,4,108,4),(831,3,108,5),(832,2,108,6),(833,1,108,7),(834,109,109,0),(835,10,109,1),(836,6,109,2),(837,5,109,3),(838,4,109,4),(839,3,109,5),(840,2,109,6),(841,1,109,7),(842,110,110,0),(843,10,110,1),(844,6,110,2),(845,5,110,3),(846,4,110,4),(847,3,110,5),(848,2,110,6),(849,1,110,7),(850,111,111,0),(851,10,111,1),(852,6,111,2),(853,5,111,3),(854,4,111,4),(855,3,111,5),(856,2,111,6),(857,1,111,7),(858,112,112,0),(859,10,112,1),(860,6,112,2),(861,5,112,3),(862,4,112,4),(863,3,112,5),(864,2,112,6),(865,1,112,7),(866,113,113,0),(867,10,113,1),(868,6,113,2),(869,5,113,3),(870,4,113,4),(871,3,113,5),(872,2,113,6),(873,1,113,7),(874,114,114,0),(875,10,114,1),(876,6,114,2),(877,5,114,3),(878,4,114,4),(879,3,114,5),(880,2,114,6),(881,1,114,7),(882,115,115,0),(883,10,115,1),(884,6,115,2),(885,5,115,3),(886,4,115,4),(887,3,115,5),(888,2,115,6),(889,1,115,7),(890,116,116,0),(891,10,116,1),(892,6,116,2),(893,5,116,3),(894,4,116,4),(895,3,116,5),(896,2,116,6),(897,1,116,7),(898,117,117,0),(899,10,117,1),(900,6,117,2),(901,5,117,3),(902,4,117,4),(903,3,117,5),(904,2,117,6),(905,1,117,7),(906,118,118,0),(907,10,118,1),(908,6,118,2),(909,5,118,3),(910,4,118,4),(911,3,118,5),(912,2,118,6),(913,1,118,7),(914,119,119,0),(915,10,119,1),(916,6,119,2),(917,5,119,3),(918,4,119,4),(919,3,119,5),(920,2,119,6),(921,1,119,7),(922,120,120,0),(923,10,120,1),(924,6,120,2),(925,5,120,3),(926,4,120,4),(927,3,120,5),(928,2,120,6),(929,1,120,7),(930,121,121,0),(931,10,121,1),(932,6,121,2),(933,5,121,3),(934,4,121,4),(935,3,121,5),(936,2,121,6),(937,1,121,7),(938,122,122,0),(939,10,122,1),(940,6,122,2),(941,5,122,3),(942,4,122,4),(943,3,122,5),(944,2,122,6),(945,1,122,7),(946,123,123,0),(947,10,123,1),(948,6,123,2),(949,5,123,3),(950,4,123,4),(951,3,123,5),(952,2,123,6),(953,1,123,7),(954,124,124,0),(955,3,124,1),(956,2,124,2),(957,1,124,3),(958,125,125,0),(959,124,125,1),(960,3,125,2),(961,2,125,3),(962,1,125,4),(963,126,126,0),(964,125,126,1),(965,124,126,2),(966,3,126,3),(967,2,126,4),(968,1,126,5),(969,127,127,0),(970,126,127,1),(971,125,127,2),(972,124,127,3),(973,3,127,4),(974,2,127,5),(975,1,127,6),(976,128,128,0),(977,126,128,1),(978,125,128,2),(979,124,128,3),(980,3,128,4),(981,2,128,5),(982,1,128,6),(983,129,129,0),(984,126,129,1),(985,125,129,2),(986,124,129,3),(987,3,129,4),(988,2,129,5),(989,1,129,6),(990,130,130,0),(991,126,130,1),(992,125,130,2),(993,124,130,3),(994,3,130,4),(995,2,130,5),(996,1,130,6),(997,131,131,0),(998,127,131,1),(999,126,131,2),(1000,125,131,3),(1001,124,131,4),(1002,3,131,5),(1003,2,131,6),(1004,1,131,7),(1005,132,132,0),(1006,127,132,1),(1007,126,132,2),(1008,125,132,3),(1009,124,132,4),(1010,3,132,5),(1011,2,132,6),(1012,1,132,7),(1013,133,133,0),(1014,127,133,1),(1015,126,133,2),(1016,125,133,3),(1017,124,133,4),(1018,3,133,5),(1019,2,133,6),(1020,1,133,7),(1021,134,134,0),(1022,128,134,1),(1023,126,134,2),(1024,125,134,3),(1025,124,134,4),(1026,3,134,5),(1027,2,134,6),(1028,1,134,7),(1029,135,135,0),(1030,128,135,1),(1031,126,135,2),(1032,125,135,3),(1033,124,135,4),(1034,3,135,5),(1035,2,135,6),(1036,1,135,7),(1037,136,136,0),(1038,128,136,1),(1039,126,136,2),(1040,125,136,3),(1041,124,136,4),(1042,3,136,5),(1043,2,136,6),(1044,1,136,7),(1045,137,137,0),(1046,129,137,1),(1047,126,137,2),(1048,125,137,3),(1049,124,137,4),(1050,3,137,5),(1051,2,137,6),(1052,1,137,7),(1053,138,138,0),(1054,129,138,1),(1055,126,138,2),(1056,125,138,3),(1057,124,138,4),(1058,3,138,5),(1059,2,138,6),(1060,1,138,7),(1061,139,139,0),(1062,129,139,1),(1063,126,139,2),(1064,125,139,3),(1065,124,139,4),(1066,3,139,5),(1067,2,139,6),(1068,1,139,7),(1069,140,140,0),(1070,129,140,1),(1071,126,140,2),(1072,125,140,3),(1073,124,140,4),(1074,3,140,5),(1075,2,140,6),(1076,1,140,7),(1077,141,141,0),(1078,129,141,1),(1079,126,141,2),(1080,125,141,3),(1081,124,141,4),(1082,3,141,5),(1083,2,141,6),(1084,1,141,7),(1085,142,142,0),(1086,130,142,1),(1087,126,142,2),(1088,125,142,3),(1089,124,142,4),(1090,3,142,5),(1091,2,142,6),(1092,1,142,7),(1093,143,143,0),(1094,130,143,1),(1095,126,143,2),(1096,125,143,3),(1097,124,143,4),(1098,3,143,5),(1099,2,143,6),(1100,1,143,7),(1101,144,144,0),(1102,130,144,1),(1103,126,144,2),(1104,125,144,3),(1105,124,144,4),(1106,3,144,5),(1107,2,144,6),(1108,1,144,7),(1109,145,145,0),(1110,125,145,1),(1111,124,145,2),(1112,3,145,3),(1113,2,145,4),(1114,1,145,5),(1115,146,146,0),(1116,125,146,1),(1117,124,146,2),(1118,3,146,3),(1119,2,146,4),(1120,1,146,5),(1121,147,147,0),(1122,125,147,1),(1123,124,147,2),(1124,3,147,3),(1125,2,147,4),(1126,1,147,5),(1127,148,148,0),(1128,145,148,1),(1129,125,148,2),(1130,124,148,3),(1131,3,148,4),(1132,2,148,5),(1133,1,148,6),(1134,149,149,0),(1135,148,149,1),(1136,145,149,2),(1137,125,149,3),(1138,124,149,4),(1139,3,149,5),(1140,2,149,6),(1141,1,149,7),(1142,150,150,0),(1143,148,150,1),(1144,145,150,2),(1145,125,150,3),(1146,124,150,4),(1147,3,150,5),(1148,2,150,6),(1149,1,150,7),(1150,151,151,0),(1151,148,151,1),(1152,145,151,2),(1153,125,151,3),(1154,124,151,4),(1155,3,151,5),(1156,2,151,6),(1157,1,151,7),(1158,152,152,0),(1159,148,152,1),(1160,145,152,2),(1161,125,152,3),(1162,124,152,4),(1163,3,152,5),(1164,2,152,6),(1165,1,152,7),(1166,153,153,0),(1167,148,153,1),(1168,145,153,2),(1169,125,153,3),(1170,124,153,4),(1171,3,153,5),(1172,2,153,6),(1173,1,153,7),(1174,154,154,0),(1175,148,154,1),(1176,145,154,2),(1177,125,154,3),(1178,124,154,4),(1179,3,154,5),(1180,2,154,6),(1181,1,154,7),(1182,155,155,0),(1183,145,155,1),(1184,125,155,2),(1185,124,155,3),(1186,3,155,4),(1187,2,155,5),(1188,1,155,6),(1189,156,156,0),(1190,155,156,1),(1191,145,156,2),(1192,125,156,3),(1193,124,156,4),(1194,3,156,5),(1195,2,156,6),(1196,1,156,7),(1197,157,157,0),(1198,155,157,1),(1199,145,157,2),(1200,125,157,3),(1201,124,157,4),(1202,3,157,5),(1203,2,157,6),(1204,1,157,7),(1205,158,158,0),(1206,155,158,1),(1207,145,158,2),(1208,125,158,3),(1209,124,158,4),(1210,3,158,5),(1211,2,158,6),(1212,1,158,7),(1213,159,159,0),(1214,155,159,1),(1215,145,159,2),(1216,125,159,3),(1217,124,159,4),(1218,3,159,5),(1219,2,159,6),(1220,1,159,7),(1221,160,160,0),(1222,145,160,1),(1223,125,160,2),(1224,124,160,3),(1225,3,160,4),(1226,2,160,5),(1227,1,160,6),(1228,161,161,0),(1229,160,161,1),(1230,145,161,2),(1231,125,161,3),(1232,124,161,4),(1233,3,161,5),(1234,2,161,6),(1235,1,161,7),(1236,162,162,0),(1237,160,162,1),(1238,145,162,2),(1239,125,162,3),(1240,124,162,4),(1241,3,162,5),(1242,2,162,6),(1243,1,162,7),(1244,163,163,0),(1245,160,163,1),(1246,145,163,2),(1247,125,163,3),(1248,124,163,4),(1249,3,163,5),(1250,2,163,6),(1251,1,163,7),(1252,164,164,0),(1253,160,164,1),(1254,145,164,2),(1255,125,164,3),(1256,124,164,4),(1257,3,164,5),(1258,2,164,6),(1259,1,164,7),(1260,165,165,0),(1261,160,165,1),(1262,145,165,2),(1263,125,165,3),(1264,124,165,4),(1265,3,165,5),(1266,2,165,6),(1267,1,165,7),(1268,166,166,0),(1269,146,166,1),(1270,125,166,2),(1271,124,166,3),(1272,3,166,4),(1273,2,166,5),(1274,1,166,6),(1275,167,167,0),(1276,166,167,1),(1277,146,167,2),(1278,125,167,3),(1279,124,167,4),(1280,3,167,5),(1281,2,167,6),(1282,1,167,7),(1283,168,168,0),(1284,166,168,1),(1285,146,168,2),(1286,125,168,3),(1287,124,168,4),(1288,3,168,5),(1289,2,168,6),(1290,1,168,7),(1291,169,169,0),(1292,166,169,1),(1293,146,169,2),(1294,125,169,3),(1295,124,169,4),(1296,3,169,5),(1297,2,169,6),(1298,1,169,7),(1299,170,170,0),(1300,146,170,1),(1301,125,170,2),(1302,124,170,3),(1303,3,170,4),(1304,2,170,5),(1305,1,170,6),(1306,171,171,0),(1307,170,171,1),(1308,146,171,2),(1309,125,171,3),(1310,124,171,4),(1311,3,171,5),(1312,2,171,6),(1313,1,171,7),(1314,172,172,0),(1315,170,172,1),(1316,146,172,2),(1317,125,172,3),(1318,124,172,4),(1319,3,172,5),(1320,2,172,6),(1321,1,172,7),(1322,173,173,0),(1323,170,173,1),(1324,146,173,2),(1325,125,173,3),(1326,124,173,4),(1327,3,173,5),(1328,2,173,6),(1329,1,173,7),(1330,174,174,0),(1331,170,174,1),(1332,146,174,2),(1333,125,174,3),(1334,124,174,4),(1335,3,174,5),(1336,2,174,6),(1337,1,174,7),(1338,175,175,0),(1339,170,175,1),(1340,146,175,2),(1341,125,175,3),(1342,124,175,4),(1343,3,175,5),(1344,2,175,6),(1345,1,175,7),(1346,176,176,0),(1347,146,176,1),(1348,125,176,2),(1349,124,176,3),(1350,3,176,4),(1351,2,176,5),(1352,1,176,6),(1353,177,177,0),(1354,176,177,1),(1355,146,177,2),(1356,125,177,3),(1357,124,177,4),(1358,3,177,5),(1359,2,177,6),(1360,1,177,7),(1361,178,178,0),(1362,176,178,1),(1363,146,178,2),(1364,125,178,3),(1365,124,178,4),(1366,3,178,5),(1367,2,178,6),(1368,1,178,7),(1369,179,179,0),(1370,176,179,1),(1371,146,179,2),(1372,125,179,3),(1373,124,179,4),(1374,3,179,5),(1375,2,179,6),(1376,1,179,7),(1377,180,180,0),(1378,146,180,1),(1379,125,180,2),(1380,124,180,3),(1381,3,180,4),(1382,2,180,5),(1383,1,180,6),(1384,181,181,0),(1385,180,181,1),(1386,146,181,2),(1387,125,181,3),(1388,124,181,4),(1389,3,181,5),(1390,2,181,6),(1391,1,181,7),(1392,182,182,0),(1393,180,182,1),(1394,146,182,2),(1395,125,182,3),(1396,124,182,4),(1397,3,182,5),(1398,2,182,6),(1399,1,182,7),(1400,183,183,0),(1401,180,183,1),(1402,146,183,2),(1403,125,183,3),(1404,124,183,4),(1405,3,183,5),(1406,2,183,6),(1407,1,183,7),(1408,184,184,0),(1409,180,184,1),(1410,146,184,2),(1411,125,184,3),(1412,124,184,4),(1413,3,184,5),(1414,2,184,6),(1415,1,184,7),(1416,185,185,0),(1417,147,185,1),(1418,125,185,2),(1419,124,185,3),(1420,3,185,4),(1421,2,185,5),(1422,1,185,6),(1423,186,186,0),(1424,185,186,1),(1425,147,186,2),(1426,125,186,3),(1427,124,186,4),(1428,3,186,5),(1429,2,186,6),(1430,1,186,7),(1431,187,187,0),(1432,185,187,1),(1433,147,187,2),(1434,125,187,3),(1435,124,187,4),(1436,3,187,5),(1437,2,187,6),(1438,1,187,7),(1439,188,188,0),(1440,185,188,1),(1441,147,188,2),(1442,125,188,3),(1443,124,188,4),(1444,3,188,5),(1445,2,188,6),(1446,1,188,7),(1447,189,189,0),(1448,185,189,1),(1449,147,189,2),(1450,125,189,3),(1451,124,189,4),(1452,3,189,5),(1453,2,189,6),(1454,1,189,7),(1455,190,190,0),(1456,147,190,1),(1457,125,190,2),(1458,124,190,3),(1459,3,190,4),(1460,2,190,5),(1461,1,190,6),(1462,191,191,0),(1463,190,191,1),(1464,147,191,2),(1465,125,191,3),(1466,124,191,4),(1467,3,191,5),(1468,2,191,6),(1469,1,191,7),(1470,192,192,0),(1471,190,192,1),(1472,147,192,2),(1473,125,192,3),(1474,124,192,4),(1475,3,192,5),(1476,2,192,6),(1477,1,192,7),(1478,193,193,0),(1479,190,193,1),(1480,147,193,2),(1481,125,193,3),(1482,124,193,4),(1483,3,193,5),(1484,2,193,6),(1485,1,193,7),(1486,194,194,0),(1487,190,194,1),(1488,147,194,2),(1489,125,194,3),(1490,124,194,4),(1491,3,194,5),(1492,2,194,6),(1493,1,194,7),(1494,195,195,0),(1495,190,195,1),(1496,147,195,2),(1497,125,195,3),(1498,124,195,4),(1499,3,195,5),(1500,2,195,6),(1501,1,195,7),(1502,196,196,0),(1503,147,196,1),(1504,125,196,2),(1505,124,196,3),(1506,3,196,4),(1507,2,196,5),(1508,1,196,6),(1509,197,197,0),(1510,196,197,1),(1511,147,197,2),(1512,125,197,3),(1513,124,197,4),(1514,3,197,5),(1515,2,197,6),(1516,1,197,7),(1517,198,198,0),(1518,196,198,1),(1519,147,198,2),(1520,125,198,3),(1521,124,198,4),(1522,3,198,5),(1523,2,198,6),(1524,1,198,7),(1525,199,199,0),(1526,196,199,1),(1527,147,199,2),(1528,125,199,3),(1529,124,199,4),(1530,3,199,5),(1531,2,199,6),(1532,1,199,7),(1533,200,200,0),(1534,196,200,1),(1535,147,200,2),(1536,125,200,3),(1537,124,200,4),(1538,3,200,5),(1539,2,200,6),(1540,1,200,7),(1541,201,201,0),(1542,147,201,1),(1543,125,201,2),(1544,124,201,3),(1545,3,201,4),(1546,2,201,5),(1547,1,201,6),(1548,202,202,0),(1549,201,202,1),(1550,147,202,2),(1551,125,202,3),(1552,124,202,4),(1553,3,202,5),(1554,2,202,6),(1555,1,202,7),(1556,203,203,0),(1557,201,203,1),(1558,147,203,2),(1559,125,203,3),(1560,124,203,4),(1561,3,203,5),(1562,2,203,6),(1563,1,203,7),(1564,204,204,0),(1565,201,204,1),(1566,147,204,2),(1567,125,204,3),(1568,124,204,4),(1569,3,204,5),(1570,2,204,6),(1571,1,204,7),(1572,205,205,0),(1573,201,205,1),(1574,147,205,2),(1575,125,205,3),(1576,124,205,4),(1577,3,205,5),(1578,2,205,6),(1579,1,205,7),(1580,206,206,0),(1581,147,206,1),(1582,125,206,2),(1583,124,206,3),(1584,3,206,4),(1585,2,206,5),(1586,1,206,6),(1587,207,207,0),(1588,206,207,1),(1589,147,207,2),(1590,125,207,3),(1591,124,207,4),(1592,3,207,5),(1593,2,207,6),(1594,1,207,7),(1595,208,208,0),(1596,206,208,1),(1597,147,208,2),(1598,125,208,3),(1599,124,208,4),(1600,3,208,5),(1601,2,208,6),(1602,1,208,7),(1603,209,209,0),(1604,206,209,1),(1605,147,209,2),(1606,125,209,3),(1607,124,209,4),(1608,3,209,5),(1609,2,209,6),(1610,1,209,7),(1611,210,210,0),(1612,206,210,1),(1613,147,210,2),(1614,125,210,3),(1615,124,210,4),(1616,3,210,5),(1617,2,210,6),(1618,1,210,7);

/*Table structure for table `Areas` */

DROP TABLE IF EXISTS `Areas`;

CREATE TABLE `Areas` (
  `id` int(11) NOT NULL AUTO_INCREMENT COMMENT 'Identificador',
  `code` varchar(10) CHARACTER SET utf8 NOT NULL COMMENT 'Código de la zona',
  `name` varchar(200) CHARACTER SET utf8 NOT NULL COMMENT 'Nombre de la zona',
  `houses` int(11) DEFAULT NULL COMMENT 'Número de casas que componen la zona',
  `coords` varchar(5000) CHARACTER SET utf8 DEFAULT NULL COMMENT 'Coordenas de la zona (en formato JSON)',
  `leaf` bit(1) NOT NULL COMMENT 'Indica si este area es una hoja, es decir si no tiene hijos',
  `parentId` int(11) DEFAULT NULL COMMENT 'Id de la zona a la que pertenece',
  PRIMARY KEY (`id`),
  UNIQUE KEY `UQ_Areas_id` (`id`),
  KEY `parentId` (`parentId`),
  CONSTRAINT `FK_Areas_Parents` FOREIGN KEY (`parentId`) REFERENCES `Areas` (`id`) ON UPDATE CASCADE
) ENGINE=InnoDB AUTO_INCREMENT=211 DEFAULT CHARSET=latin1 COMMENT='Zonas';

/*Data for the table `Areas` */

insert  into `Areas`(`id`,`code`,`name`,`houses`,`coords`,`leaf`,`parentId`) values (1,'ROOT','Perú',NULL,NULL,'\0',NULL),(2,'13','La Libertad',NULL,NULL,'\0',1),(3,'01','Trujillo',NULL,NULL,'\0',2),(4,'05','La Esperanza',NULL,NULL,'\0',3),(5,'101','Hospital Jerusalén',NULL,NULL,'\0',4),(6,'01','Jerusalén',3513,'[{\"latitude\":-8.074526277200686,\"longitude\":-79.05777007341385},{\"latitude\":-8.071806915067679,\"longitude\":-79.04918700456619},{\"latitude\":-8.062204021134043,\"longitude\":-79.0524485707283},{\"latitude\":-8.06534835665329,\"longitude\":-79.06120330095291}]','\0',5),(7,'01','Sector 1',780,'[{\"latitude\":-8.071743179798133,\"longitude\":-79.0493942052126},{\"latitude\":-8.066665571022984,\"longitude\":-79.05100353062153},{\"latitude\":-8.067600365713963,\"longitude\":-79.05392177402973},{\"latitude\":-8.067026741955296,\"longitude\":-79.05417926609516},{\"latitude\":-8.06743040320366,\"longitude\":-79.05542381107807},{\"latitude\":-8.073209088453666,\"longitude\":-79.05336387455463},{\"latitude\":-8.072444267210106,\"longitude\":-79.05098207294941}]','\0',6),(8,'02','Sector 2',755,'[{\"latitude\":-8.066580589580257,\"longitude\":-79.05106790363789},{\"latitude\":-8.064158610953587,\"longitude\":-79.0518618375063},{\"latitude\":-8.062373985841143,\"longitude\":-79.05241973698139},{\"latitude\":-8.062713915041101,\"longitude\":-79.05372865498066},{\"latitude\":-8.063053843955368,\"longitude\":-79.05493028461933},{\"latitude\":-8.063563736791101,\"longitude\":-79.05615337193012},{\"latitude\":-8.067217949965293,\"longitude\":-79.0548873692751},{\"latitude\":-8.066941760588493,\"longitude\":-79.05424363911152},{\"latitude\":-8.067472893837946,\"longitude\":-79.0538788586855}]','\0',6),(9,'03','Sector 3',1291,'[{\"latitude\":-8.067919045228159,\"longitude\":-79.05538089573383},{\"latitude\":-8.068535158243158,\"longitude\":-79.05748374760151},{\"latitude\":-8.069215005997325,\"longitude\":-79.0597153455019},{\"latitude\":-8.071466993513926,\"longitude\":-79.05883558094501},{\"latitude\":-8.073272823491948,\"longitude\":-79.05812747776508},{\"latitude\":-8.07446254236021,\"longitude\":-79.05767686665058},{\"latitude\":-8.073697723490042,\"longitude\":-79.05546672642231},{\"latitude\":-8.073357803527317,\"longitude\":-79.05428655445576},{\"latitude\":-8.073060373325271,\"longitude\":-79.05347116291523},{\"latitude\":-8.07087213010669,\"longitude\":-79.05426509678364},{\"latitude\":-8.069554929445568,\"longitude\":-79.05469425022602}]','\0',6),(10,'04','Sector 4',787,'[{\"latitude\":-8.063606227831723,\"longitude\":-79.05623450875282},{\"latitude\":-8.067175459304213,\"longitude\":-79.05498996376991},{\"latitude\":-8.06738791256492,\"longitude\":-79.05550494790077},{\"latitude\":-8.067897799935036,\"longitude\":-79.05533328652382},{\"latitude\":-8.068407686661928,\"longitude\":-79.05730739235878},{\"latitude\":-8.069130025090596,\"longitude\":-79.05971065163612},{\"latitude\":-8.067600365713963,\"longitude\":-79.0601398050785},{\"latitude\":-8.065475829199194,\"longitude\":-79.06112685799599},{\"latitude\":-8.064838466067773,\"longitude\":-79.0594531595707},{\"latitude\":-8.064286083874556,\"longitude\":-79.05773654580116}]','\0',6),(11,'107','mz 107',24,'[{\"latitude\":-8.071721934706058,\"longitude\":-79.04941381886601},{\"latitude\":-8.070585320650997,\"longitude\":-79.04976787045598},{\"latitude\":-8.070935865513647,\"longitude\":-79.05052961781621},{\"latitude\":-8.072045922238917,\"longitude\":-79.05008437111974}]','',7),(12,'108','mz 108',51,'[{\"latitude\":-8.070569386786381,\"longitude\":-79.04979452490807},{\"latitude\":-8.069045044166005,\"longitude\":-79.05027195811272},{\"latitude\":-8.06935841123693,\"longitude\":-79.0510605275631},{\"latitude\":-8.07089868652747,\"longitude\":-79.05049189925194}]','',7),(13,'109','mz 109',71,'[{\"latitude\":-8.069023798932053,\"longitude\":-79.0502867102623},{\"latitude\":-8.066654948343619,\"longitude\":-79.05105918645859},{\"latitude\":-8.066931137916379,\"longitude\":-79.05177801847458},{\"latitude\":-8.06933185471492,\"longitude\":-79.05105918645859}]','',7),(14,'102','mz 102',31,'[{\"latitude\":-8.066936449252461,\"longitude\":-79.05179008841515},{\"latitude\":-8.06720201596791,\"longitude\":-79.05260547995567},{\"latitude\":-8.06771721489835,\"longitude\":-79.05239626765251},{\"latitude\":-8.067467582508899,\"longitude\":-79.05163988471031}]','',7),(15,'103','mz 103',39,'[{\"latitude\":-8.067504761810717,\"longitude\":-79.0516385436058},{\"latitude\":-8.067770328152806,\"longitude\":-79.05237883329391},{\"latitude\":-8.068832591776326,\"longitude\":-79.05197113752365},{\"latitude\":-8.068567026132177,\"longitude\":-79.05128449201584}]','',7),(16,'104','mz 104',28,'[{\"latitude\":-8.068588271390125,\"longitude\":-79.05130594968796},{\"latitude\":-8.0688644596419,\"longitude\":-79.05193895101547},{\"latitude\":-8.069576174651582,\"longitude\":-79.05168145895004},{\"latitude\":-8.069363722541105,\"longitude\":-79.05110210180283}]','',7),(17,'105','mz 105',45,'[{\"latitude\":-8.069384967757195,\"longitude\":-79.0510806441307},{\"latitude\":-8.069618665060279,\"longitude\":-79.05167073011398},{\"latitude\":-8.071137694235992,\"longitude\":-79.05116647481918},{\"latitude\":-8.070903997811428,\"longitude\":-79.05051201581955}]','',7),(18,'106','mz 106',39,'[{\"latitude\":-8.070967733213347,\"longitude\":-79.05055493116379},{\"latitude\":-8.071180184480482,\"longitude\":-79.05114501714706},{\"latitude\":-8.072338041922855,\"longitude\":-79.05071586370468},{\"latitude\":-8.072019365893542,\"longitude\":-79.05013650655746}]','',7),(19,'88','mz 88',42,'[{\"latitude\":-8.072306174331242,\"longitude\":-79.05078023672104},{\"latitude\":-8.071127071674166,\"longitude\":-79.05119866132736},{\"latitude\":-8.071413880745306,\"longitude\":-79.0519067645073},{\"latitude\":-8.07257173751793,\"longitude\":-79.05143469572067}]','',7),(20,'89','mz 89',42,'[{\"latitude\":-8.071095203987035,\"longitude\":-79.05122011899948},{\"latitude\":-8.069969210761503,\"longitude\":-79.05159562826157},{\"latitude\":-8.070234775484233,\"longitude\":-79.05228227376938},{\"latitude\":-8.071371390525394,\"longitude\":-79.05188530683517}]','',7),(21,'90','mz 90',39,'[{\"latitude\":-8.068821969153905,\"longitude\":-79.05200332403183},{\"latitude\":-8.06771721489835,\"longitude\":-79.0524110198021},{\"latitude\":-8.06790842258173,\"longitude\":-79.05308693647385},{\"latitude\":-8.069050355474316,\"longitude\":-79.05266985297203}]','',7),(22,'91','mz 91',17,'[{\"latitude\":-8.067196704635313,\"longitude\":-79.05261620879173},{\"latitude\":-8.067403846554976,\"longitude\":-79.0532760322094},{\"latitude\":-8.067919045228159,\"longitude\":-79.05309900641441},{\"latitude\":-8.067695969594602,\"longitude\":-79.0524123609066}]','',7),(23,'82','mz 82',21,'[{\"latitude\":-8.06741446921466,\"longitude\":-79.05328676104546},{\"latitude\":-8.067621611022723,\"longitude\":-79.05393585562706},{\"latitude\":-8.068152743378885,\"longitude\":-79.05374273657799},{\"latitude\":-8.067913733904977,\"longitude\":-79.05309364199638}]','',7),(24,'83','mz 83',35,'[{\"latitude\":-8.067924356551265,\"longitude\":-79.05308827757835},{\"latitude\":-8.068158054698925,\"longitude\":-79.0537266433239},{\"latitude\":-8.069315920800868,\"longitude\":-79.05332431197166},{\"latitude\":-8.069071600706856,\"longitude\":-79.05267521739006}]','',7),(25,'71','mz 71',54,'[{\"latitude\":-8.068832591776326,\"longitude\":-79.05199259519577},{\"latitude\":-8.069958588168966,\"longitude\":-79.05159562826157},{\"latitude\":-8.070202907726722,\"longitude\":-79.05231446027756},{\"latitude\":-8.070319756158641,\"longitude\":-79.05228227376938},{\"latitude\":-8.070500340032426,\"longitude\":-79.05292600393295},{\"latitude\":-8.069353099932664,\"longitude\":-79.05329078435898}]','',7),(26,'84','mz 84',36,'[{\"latitude\":-8.071392635635917,\"longitude\":-79.05191749334335},{\"latitude\":-8.070341001324453,\"longitude\":-79.05227154493332},{\"latitude\":-8.070542830343937,\"longitude\":-79.0529152750969},{\"latitude\":-8.071658199423105,\"longitude\":-79.05245393514633}]','',7),(27,'87','mz 87',40,'[{\"latitude\":-8.07257704877988,\"longitude\":-79.05146285891533},{\"latitude\":-8.071408569468064,\"longitude\":-79.05192419886589},{\"latitude\":-8.071679444518537,\"longitude\":-79.05242845416069},{\"latitude\":-8.072773565423036,\"longitude\":-79.05203685164452}]','',7),(28,'86','mz 86',40,'[{\"latitude\":-8.072752320385145,\"longitude\":-79.05205830931664},{\"latitude\":-8.071631643052235,\"longitude\":-79.05248209834099},{\"latitude\":-8.071886584140465,\"longitude\":-79.05314192175865},{\"latitude\":-8.072986015740547,\"longitude\":-79.05274495482445}]','',7),(29,'85','mz 85',33,'[{\"latitude\":-8.071605086679636,\"longitude\":-79.05249819159508},{\"latitude\":-8.070473783585452,\"longitude\":-79.05296489596367},{\"latitude\":-8.070696857685727,\"longitude\":-79.05354425311089},{\"latitude\":-8.071860027784608,\"longitude\":-79.05313655734062}]','',7),(30,'71 A','mz 71 A',NULL,'[{\"latitude\":-8.070452538426636,\"longitude\":-79.05297562479973},{\"latitude\":-8.068901638815221,\"longitude\":-79.05349597334862},{\"latitude\":-8.069347788628336,\"longitude\":-79.05470296740532},{\"latitude\":-8.070888063959371,\"longitude\":-79.05416116118431}]','',7),(31,'72','mz 72',0,'[{\"latitude\":-8.068869770952576,\"longitude\":-79.05349597334862},{\"latitude\":-8.068158054698925,\"longitude\":-79.05375346541405},{\"latitude\":-8.068354573491222,\"longitude\":-79.05437037348747},{\"latitude\":-8.069098157245964,\"longitude\":-79.05410215258598}]','',7),(32,'73','mz 73',0,'[{\"latitude\":-8.068131498098039,\"longitude\":-79.05376955866814},{\"latitude\":-8.068551092187972,\"longitude\":-79.05497655272484},{\"latitude\":-8.067446337192049,\"longitude\":-79.05539497733116},{\"latitude\":-8.067053298628762,\"longitude\":-79.05419871211052},{\"latitude\":-8.067589743059164,\"longitude\":-79.05393585562706}]','',7),(33,'70','mz 70',40,'[{\"latitude\":-8.07070216897232,\"longitude\":-79.05357845127583},{\"latitude\":-8.070935865513647,\"longitude\":-79.05415780842304},{\"latitude\":-8.072061856045302,\"longitude\":-79.05372865498066},{\"latitude\":-8.071806915067679,\"longitude\":-79.05317075550556}]','',7),(34,'69','mz 69',46,'[{\"latitude\":-8.071891895411422,\"longitude\":-79.05319221317768},{\"latitude\":-8.07212559126458,\"longitude\":-79.05370719730854},{\"latitude\":-8.073251578480303,\"longitude\":-79.0533209592104},{\"latitude\":-8.072996638253494,\"longitude\":-79.05269868671894}]','',7),(35,'110','mz 110',47,'[{\"latitude\":-8.065316488510526,\"longitude\":-79.05151013284922},{\"latitude\":-8.065582056290086,\"longitude\":-79.05218604952097},{\"latitude\":-8.066782420477566,\"longitude\":-79.05176762491465},{\"latitude\":-8.066569966898651,\"longitude\":-79.05113462358713},{\"latitude\":-8.06540147021897,\"longitude\":-79.05149940401316}]','',8),(36,'111','mz 111',31,'[{\"latitude\":-8.065263374933688,\"longitude\":-79.05153997242451},{\"latitude\":-8.064116119971004,\"longitude\":-79.05190475285053},{\"latitude\":-8.064349820319977,\"longitude\":-79.0526557713747},{\"latitude\":-8.06556081087414,\"longitude\":-79.05214078724384}]','',8),(37,'112','mz 112',69,'[{\"latitude\":-8.064073628983943,\"longitude\":-79.05192621052265},{\"latitude\":-8.062480213746829,\"longitude\":-79.05241973698139},{\"latitude\":-8.0626076871968,\"longitude\":-79.0531063824892},{\"latitude\":-8.064286083874556,\"longitude\":-79.05256994068623}]','',8),(38,'114','mz 114',30,'[{\"latitude\":-8.062597064410847,\"longitude\":-79.05315164476633},{\"latitude\":-8.06273516060662,\"longitude\":-79.05378464609385},{\"latitude\":-8.063542491269118,\"longitude\":-79.05357006937265},{\"latitude\":-8.063404395348996,\"longitude\":-79.05288342386484}]','',8),(39,'113','mz 113',36,'[{\"latitude\":-8.063415018113755,\"longitude\":-79.05287269502878},{\"latitude\":-8.063563736791101,\"longitude\":-79.05351642519236},{\"latitude\":-8.064615388734415,\"longitude\":-79.05321601778269},{\"latitude\":-8.064371065799545,\"longitude\":-79.05264738947153},{\"latitude\":-8.064275461132686,\"longitude\":-79.05259374529123}]','',8),(40,'98','mz 98',34,'[{\"latitude\":-8.064392311278006,\"longitude\":-79.05265811830759},{\"latitude\":-8.064764106970326,\"longitude\":-79.05351642519236},{\"latitude\":-8.065252752217479,\"longitude\":-79.0532911196351},{\"latitude\":-8.064934070601533,\"longitude\":-79.05243281275034}]','',8),(41,'99','mz 99',31,'[{\"latitude\":-8.06495000468829,\"longitude\":-79.0524178929627},{\"latitude\":-8.065273997649617,\"longitude\":-79.05328692868352},{\"latitude\":-8.065831689843835,\"longitude\":-79.05308844521642},{\"latitude\":-8.065550188165757,\"longitude\":-79.05214430764318}]','',8),(42,'101','mz 101',36,'[{\"latitude\":-8.065582056290086,\"longitude\":-79.05219795182347},{\"latitude\":-8.065725462818527,\"longitude\":-79.05264856293797},{\"latitude\":-8.066947071924435,\"longitude\":-79.05217112973332},{\"latitude\":-8.066782420477566,\"longitude\":-79.05178489163518},{\"latitude\":-8.065619235765308,\"longitude\":-79.05218722298741}]','',8),(43,'92','mz 92',39,'[{\"latitude\":-8.065900737395308,\"longitude\":-79.05318500474095},{\"latitude\":-8.066091945937872,\"longitude\":-79.0537697263062},{\"latitude\":-8.06728168594853,\"longitude\":-79.0533191151917},{\"latitude\":-8.067069232631997,\"longitude\":-79.05268611386418}]','',8),(44,'93','mz 93',32,'[{\"latitude\":-8.065837001194359,\"longitude\":-79.05320528894663},{\"latitude\":-8.066049455158463,\"longitude\":-79.05376318842173},{\"latitude\":-8.064976561498165,\"longitude\":-79.05417088419199},{\"latitude\":-8.064742861511407,\"longitude\":-79.05362371355295}]','',8),(45,'94','mz 94',30,'[{\"latitude\":-8.064689747859214,\"longitude\":-79.05361415818334},{\"latitude\":-8.064912825151545,\"longitude\":-79.05418815091252},{\"latitude\":-8.063914287742747,\"longitude\":-79.05461193993688},{\"latitude\":-8.063712455413755,\"longitude\":-79.05405940487981}]','',8),(46,'95','mz 95',28,'[{\"latitude\":-8.06365403024709,\"longitude\":-79.05408086255193},{\"latitude\":-8.063877108110763,\"longitude\":-79.05461193993688},{\"latitude\":-8.063085712276447,\"longitude\":-79.0549230761826},{\"latitude\":-8.062936993423317,\"longitude\":-79.05444027855992}]','',8),(47,'96','mz 96',28,'[{\"latitude\":-8.06286794536578,\"longitude\":-79.05441345646977},{\"latitude\":-8.06365403024709,\"longitude\":-79.05403258278966},{\"latitude\":-8.06351593436506,\"longitude\":-79.05354442074895},{\"latitude\":-8.062708603649561,\"longitude\":-79.05381800606847}]','',8),(48,'97','mz 97',27,'[{\"latitude\":-8.064594143267684,\"longitude\":-79.05324401333928},{\"latitude\":-8.064700370590208,\"longitude\":-79.05353905633092},{\"latitude\":-8.063685898520868,\"longitude\":-79.05401112511754},{\"latitude\":-8.063547802649715,\"longitude\":-79.05355514958501}]','',8),(49,'78','mz 78',38,'[{\"latitude\":-8.062974173141724,\"longitude\":-79.05499281361699},{\"latitude\":-8.063106957822425,\"longitude\":-79.05552925541997},{\"latitude\":-8.06412143134407,\"longitude\":-79.05524494126439},{\"latitude\":-8.063887730863103,\"longitude\":-79.05464412644506}]','',8),(50,'79','mz 79',18,'[{\"latitude\":-8.063935533245202,\"longitude\":-79.05463222414255},{\"latitude\":-8.064137365462848,\"longitude\":-79.05521158128977},{\"latitude\":-8.064594143267684,\"longitude\":-79.0549648180604},{\"latitude\":-8.064477293180682,\"longitude\":-79.05444983392954}]','',8),(51,'80','mz 80',36,'[{\"latitude\":-8.064952660369366,\"longitude\":-79.05427456833422},{\"latitude\":-8.065141213680457,\"longitude\":-79.05485928989947},{\"latitude\":-8.066283154390005,\"longitude\":-79.0544349141419},{\"latitude\":-8.066060077853733,\"longitude\":-79.05385019257665}]','',8),(52,'81','mz 81',44,'[{\"latitude\":-8.066113191325917,\"longitude\":-79.05381264165044},{\"latitude\":-8.066304399767999,\"longitude\":-79.05440272763371},{\"latitude\":-8.067090477968684,\"longitude\":-79.0541291423142},{\"latitude\":-8.067568497748725,\"longitude\":-79.05395211651921},{\"latitude\":-8.067345421921715,\"longitude\":-79.05330838635564}]','',8),(53,'74','mz 74',26,'[{\"latitude\":-8.066304399767999,\"longitude\":-79.0544349141419},{\"latitude\":-8.066506230803217,\"longitude\":-79.05507864430547},{\"latitude\":-8.067228572629864,\"longitude\":-79.05485870316625},{\"latitude\":-8.067005496615277,\"longitude\":-79.05420424416661}]','',8),(54,'75','mz 75',34,'[{\"latitude\":-8.066283154390005,\"longitude\":-79.05445637181401},{\"latitude\":-8.066484985435821,\"longitude\":-79.05506791546941},{\"latitude\":-8.065353668010173,\"longitude\":-79.05545951798558},{\"latitude\":-8.065157147759072,\"longitude\":-79.05490161851048}]','',8),(55,'76','mz 76',37,'[{\"latitude\":-8.065119968241358,\"longitude\":-79.0548855252564},{\"latitude\":-8.064163922326093,\"longitude\":-79.05526103451848},{\"latitude\":-8.064376377169266,\"longitude\":-79.05585648491979},{\"latitude\":-8.065327111225056,\"longitude\":-79.05551316216588}]','',8),(56,'77','mz 77',22,'[{\"latitude\":-8.064105497224656,\"longitude\":-79.05526639893651},{\"latitude\":-8.064339197579773,\"longitude\":-79.05586721375585},{\"latitude\":-8.063441575024427,\"longitude\":-79.05624808743596},{\"latitude\":-8.06313351475334,\"longitude\":-79.05554534867406}]','',8),(57,'68','mz 68',29,'[{\"latitude\":-8.07324095597406,\"longitude\":-79.05338348820806},{\"latitude\":-8.072088412387888,\"longitude\":-79.0538233704865},{\"latitude\":-8.07233273065775,\"longitude\":-79.05444027855992},{\"latitude\":-8.07346933979663,\"longitude\":-79.05399503186345}]','',9),(58,'67','mz 67',35,'[{\"latitude\":-8.07206716731397,\"longitude\":-79.05382873490453},{\"latitude\":-8.072300863065717,\"longitude\":-79.05442418530583},{\"latitude\":-8.071158939358803,\"longitude\":-79.05483724549413},{\"latitude\":-8.070919931662837,\"longitude\":-79.05423106625676}]','',9),(59,'66','mz 66',35,'[{\"latitude\":-8.070888063959371,\"longitude\":-79.05424715951085},{\"latitude\":-8.071111137830913,\"longitude\":-79.05483724549413},{\"latitude\":-8.070001078537448,\"longitude\":-79.05526639893651},{\"latitude\":-8.069772692754322,\"longitude\":-79.05462803319097}]','',9),(60,'65','mz 65',36,'[{\"latitude\":-8.06975675885766,\"longitude\":-79.05464949086308},{\"latitude\":-8.06997983335376,\"longitude\":-79.05527176335454},{\"latitude\":-8.068832591776326,\"longitude\":-79.05565800145268},{\"latitude\":-8.068646695843734,\"longitude\":-79.0550840087235},{\"latitude\":-8.06971957976301,\"longitude\":-79.054633397609}]','',9),(61,'64','mz 64',22,'[{\"latitude\":-8.068620139274971,\"longitude\":-79.05509473755956},{\"latitude\":-8.068806035219763,\"longitude\":-79.05566336587071},{\"latitude\":-8.06810494149541,\"longitude\":-79.05593695119023},{\"latitude\":-8.067929667874308,\"longitude\":-79.0553736872971}]','',9),(62,'54','mz 54',44,'[{\"latitude\":-8.06810494149541,\"longitude\":-79.05595840886235},{\"latitude\":-8.068285526358869,\"longitude\":-79.05655922368169},{\"latitude\":-8.0690184876234,\"longitude\":-79.05631782487035},{\"latitude\":-8.068790101284986,\"longitude\":-79.0556794591248}]','',9),(63,'53','mz 53',42,'[{\"latitude\":-8.068821969153905,\"longitude\":-79.0556794591248},{\"latitude\":-8.069045044166005,\"longitude\":-79.05630709603429},{\"latitude\":-8.070176351260194,\"longitude\":-79.05592622235417},{\"latitude\":-8.069958588168966,\"longitude\":-79.05529322102666}]','',9),(64,'52','mz 52',47,'[{\"latitude\":-8.06997983335376,\"longitude\":-79.05529322102666},{\"latitude\":-8.070192285140317,\"longitude\":-79.05591012910008},{\"latitude\":-8.071382013080795,\"longitude\":-79.05550243332982},{\"latitude\":-8.071153628078202,\"longitude\":-79.05484797433019}]','',9),(65,'51','mz 51',48,'[{\"latitude\":-8.071174873200174,\"longitude\":-79.05484797433019},{\"latitude\":-8.071408569468064,\"longitude\":-79.05549170449376},{\"latitude\":-8.07253986994474,\"longitude\":-79.05506791546941},{\"latitude\":-8.072311485596693,\"longitude\":-79.05444027855992}]','',9),(66,'50','mz 50',49,'[{\"latitude\":-8.073495896046675,\"longitude\":-79.05403258278966},{\"latitude\":-8.073740213465268,\"longitude\":-79.05465485528111},{\"latitude\":-8.07257173751793,\"longitude\":-79.05508937314153},{\"latitude\":-8.072327419392593,\"longitude\":-79.0544349141419}]','',9),(67,'49','mz 49',34,'[{\"latitude\":-8.07375083595838,\"longitude\":-79.0546870417893},{\"latitude\":-8.073947352030487,\"longitude\":-79.0552824921906},{\"latitude\":-8.072810744236664,\"longitude\":-79.05570628121495},{\"latitude\":-8.072587671303564,\"longitude\":-79.05509473755956}]','',9),(68,'48','mz 48',40,'[{\"latitude\":-8.072550492469404,\"longitude\":-79.05510546639562},{\"latitude\":-8.072800121718846,\"longitude\":-79.05574919655919},{\"latitude\":-8.071610397954295,\"longitude\":-79.05616225674748},{\"latitude\":-8.071408569468064,\"longitude\":-79.05552389100194}]','',9),(69,'47','mz 47',35,'[{\"latitude\":-8.071366079247593,\"longitude\":-79.05553998425603},{\"latitude\":-8.071583841580283,\"longitude\":-79.05616225674748},{\"latitude\":-8.07045784971645,\"longitude\":-79.05657531693578},{\"latitude\":-8.070240086776908,\"longitude\":-79.0559315867722}]','',9),(70,'46','mz 46',38,'[{\"latitude\":-8.070197596433552,\"longitude\":-79.05593695119023},{\"latitude\":-8.070415359395994,\"longitude\":-79.05658068135381},{\"latitude\":-8.069321232105615,\"longitude\":-79.05702592805028},{\"latitude\":-8.069082223322713,\"longitude\":-79.05632318928838}]','',9),(71,'45','mz 45',25,'[{\"latitude\":-8.06904769982016,\"longitude\":-79.05633182264864},{\"latitude\":-8.069289364276072,\"longitude\":-79.05703456141055},{\"latitude\":-8.068484700747064,\"longitude\":-79.05726791359484},{\"latitude\":-8.068293493336283,\"longitude\":-79.05658663250506}]','',9),(72,'35','mz 35',30,'[{\"latitude\":-8.069299986886204,\"longitude\":-79.0570473857224},{\"latitude\":-8.069512439030166,\"longitude\":-79.05767502263188},{\"latitude\":-8.068705120288909,\"longitude\":-79.05795933678746},{\"latitude\":-8.06849797903612,\"longitude\":-79.05727805569768}]','',9),(73,'34','mz 34',48,'[{\"latitude\":-8.070431293266688,\"longitude\":-79.05661286786199},{\"latitude\":-8.070670301251665,\"longitude\":-79.05724050477147},{\"latitude\":-8.069538995540318,\"longitude\":-79.05766429379582},{\"latitude\":-8.0693265434103,\"longitude\":-79.05704202130437}]','',9),(74,'33','mz 33',41,'[{\"latitude\":-8.071610397954295,\"longitude\":-79.05618907883763},{\"latitude\":-8.071854716513231,\"longitude\":-79.05683280900121},{\"latitude\":-8.070686235112325,\"longitude\":-79.05725123360753},{\"latitude\":-8.070463161006185,\"longitude\":-79.05660213902593}]','',9),(75,'32','mz 32',51,'[{\"latitude\":-8.072810744236664,\"longitude\":-79.05575992539525},{\"latitude\":-8.073033817046587,\"longitude\":-79.05638756230474},{\"latitude\":-8.071875961598334,\"longitude\":-79.05683280900121},{\"latitude\":-8.071626331777855,\"longitude\":-79.05616225674748}]','',9),(76,'31','mz 31',31,'[{\"latitude\":-8.073942040786552,\"longitude\":-79.05529858544469},{\"latitude\":-8.074191669175997,\"longitude\":-79.05597986653447},{\"latitude\":-8.073044439558275,\"longitude\":-79.0563982911408},{\"latitude\":-8.072816055495485,\"longitude\":-79.05572773888707}]','',9),(77,'30','mz 30',38,'[{\"latitude\":-8.074186357935279,\"longitude\":-79.05601205304265},{\"latitude\":-8.074409429985483,\"longitude\":-79.05663968995214},{\"latitude\":-8.073304691007303,\"longitude\":-79.0570473857224},{\"latitude\":-8.07306568458081,\"longitude\":-79.05641438439488}]','',9),(78,'29','mz 29',33,'[{\"latitude\":-8.07302319453462,\"longitude\":-79.05641974881291},{\"latitude\":-8.073288757249937,\"longitude\":-79.05706347897649},{\"latitude\":-8.072077789851075,\"longitude\":-79.0574979968369},{\"latitude\":-8.071865339055922,\"longitude\":-79.05687035992742}]','',9),(79,'28','mz 28',36,'[{\"latitude\":-8.07182284888349,\"longitude\":-79.05685963109136},{\"latitude\":-8.072077789851075,\"longitude\":-79.05750336125493},{\"latitude\":-8.070888063959371,\"longitude\":-79.0579486079514},{\"latitude\":-8.070664989964666,\"longitude\":-79.05727805569768}]','',9),(80,'27','mz 27',33,'[{\"latitude\":-8.070627810953576,\"longitude\":-79.05726196244359},{\"latitude\":-8.07087213010669,\"longitude\":-79.05792715027928},{\"latitude\":-8.069778004053077,\"longitude\":-79.0583455748856},{\"latitude\":-8.069544306842127,\"longitude\":-79.05769111588597}]','',9),(81,'26','mz 26',26,'[{\"latitude\":-8.069507127727924,\"longitude\":-79.05769111588597},{\"latitude\":-8.069724891062453,\"longitude\":-79.05833484604955},{\"latitude\":-8.068901638815221,\"longitude\":-79.05864598229527},{\"latitude\":-8.068705120288909,\"longitude\":-79.05798615887761}]','',9),(82,'9','mz 9',34,'[{\"latitude\":-8.0689281953655,\"longitude\":-79.05866207554936},{\"latitude\":-8.069098157245964,\"longitude\":-79.05932726338506},{\"latitude\":-8.069963899465266,\"longitude\":-79.05902149155736},{\"latitude\":-8.06975675885766,\"longitude\":-79.05836703255773}]','',9),(83,'7','mz 7',41,'[{\"latitude\":-8.070882752675208,\"longitude\":-79.05797006562352},{\"latitude\":-8.071095203987035,\"longitude\":-79.05855478718877},{\"latitude\":-8.069974522057663,\"longitude\":-79.05899466946721},{\"latitude\":-8.069778004053077,\"longitude\":-79.05837776139379}]','',9),(84,'5','mz 5',34,'[{\"latitude\":-8.07207247858256,\"longitude\":-79.05752481892705},{\"latitude\":-8.072311485596693,\"longitude\":-79.05814172700047},{\"latitude\":-8.071111137830913,\"longitude\":-79.0585601516068},{\"latitude\":-8.070914620379106,\"longitude\":-79.05797543004155}]','',9),(85,'3','mz 3',38,'[{\"latitude\":-8.0720937236562,\"longitude\":-79.05750336125493},{\"latitude\":-8.072343353187884,\"longitude\":-79.05812563374639},{\"latitude\":-8.073495896046675,\"longitude\":-79.05770184472203},{\"latitude\":-8.073310002259623,\"longitude\":-79.05707957223058},{\"latitude\":-8.072136213800148,\"longitude\":-79.05748726800084}]','',9),(86,'2','mz 2',31,'[{\"latitude\":-8.074409429985483,\"longitude\":-79.05667070299387},{\"latitude\":-8.074611256972338,\"longitude\":-79.05722860246897},{\"latitude\":-8.073538386043134,\"longitude\":-79.05765775591135},{\"latitude\":-8.073357803527317,\"longitude\":-79.05707839876413}]','',9),(87,'1','mz 1',25,'[{\"latitude\":-8.074621879442539,\"longitude\":-79.05727805569768},{\"latitude\":-8.07481839509083,\"longitude\":-79.05779840424657},{\"latitude\":-8.073681789748171,\"longitude\":-79.05818464234471},{\"latitude\":-8.073543697292374,\"longitude\":-79.05770184472203}]','',9),(88,'4','mz 4',28,'[{\"latitude\":-8.073517141045459,\"longitude\":-79.05770184472203},{\"latitude\":-8.07366054475804,\"longitude\":-79.05817927792668},{\"latitude\":-8.072481446054036,\"longitude\":-79.05857624486089},{\"latitude\":-8.072327419392593,\"longitude\":-79.05815245583653}]','',9),(89,'6','mz 6',26,'[{\"latitude\":-8.072311485596693,\"longitude\":-79.0581470914185},{\"latitude\":-8.072470823527553,\"longitude\":-79.05858697369695},{\"latitude\":-8.071286410072162,\"longitude\":-79.0590644069016},{\"latitude\":-8.071132382955124,\"longitude\":-79.05862452462316}]','',9),(90,'8','mz 8',21,'[{\"latitude\":-8.071095203987035,\"longitude\":-79.058597702533},{\"latitude\":-8.071259853676866,\"longitude\":-79.05906977131963},{\"latitude\":-8.070133860910147,\"longitude\":-79.05946673825383},{\"latitude\":-8.069974522057663,\"longitude\":-79.05900539830327}]','',9),(91,'10','mz 10',25,'[{\"latitude\":-8.069953276872576,\"longitude\":-79.05903222039342},{\"latitude\":-8.070139172204145,\"longitude\":-79.05949892476201},{\"latitude\":-8.069268119054955,\"longitude\":-79.05983688309789},{\"latitude\":-8.069076912014824,\"longitude\":-79.05932726338506}]','',9),(92,'63','mz 63',15,'[{\"latitude\":-8.067849998021407,\"longitude\":-79.05535222962499},{\"latitude\":-8.06796153581106,\"longitude\":-79.05574383214116},{\"latitude\":-8.06756318642095,\"longitude\":-79.0558779425919},{\"latitude\":-8.067441025862658,\"longitude\":-79.05549706891179}]','',10),(93,'62','mz 62',20,'[{\"latitude\":-8.0672126386329,\"longitude\":-79.0548855252564},{\"latitude\":-8.067531318452772,\"longitude\":-79.05592622235417},{\"latitude\":-8.067063921297658,\"longitude\":-79.0560388751328},{\"latitude\":-8.066771797801279,\"longitude\":-79.05505718663335}]','',10),(94,'61','mz 61',26,'[{\"latitude\":-8.066734618432045,\"longitude\":-79.05504109337926},{\"latitude\":-8.067042675959588,\"longitude\":-79.05604960396886},{\"latitude\":-8.066426560669766,\"longitude\":-79.05622662976384},{\"latitude\":-8.066187550175256,\"longitude\":-79.05526639893651}]','',10),(95,'60','mz 60',0,'[{\"latitude\":-8.06613443671283,\"longitude\":-79.05524376779795},{\"latitude\":-8.066389381268792,\"longitude\":-79.05622009187937},{\"latitude\":-8.064509161389575,\"longitude\":-79.05689600855112},{\"latitude\":-8.064179856443205,\"longitude\":-79.05598405748606}]','',10),(96,'59','mz 59',29,'[{\"latitude\":-8.064116119971004,\"longitude\":-79.05597332865},{\"latitude\":-8.064477293180682,\"longitude\":-79.05689600855112},{\"latitude\":-8.063839928475357,\"longitude\":-79.05713321641088},{\"latitude\":-8.063510622984042,\"longitude\":-79.05626954510808}]','',10),(97,'58','mz 58',21,'[{\"latitude\":-8.064482604549001,\"longitude\":-79.05693473294377},{\"latitude\":-8.06380274883654,\"longitude\":-79.05718149617314},{\"latitude\":-8.064153299581005,\"longitude\":-79.05804516747594},{\"latitude\":-8.06484377743135,\"longitude\":-79.05779303982854}]','',10),(98,'57','mz 57',47,'[{\"latitude\":-8.065582056290086,\"longitude\":-79.05653240159154},{\"latitude\":-8.065826378493236,\"longitude\":-79.05740143731236},{\"latitude\":-8.064865022884977,\"longitude\":-79.05775548890233},{\"latitude\":-8.064556963698204,\"longitude\":-79.0569025464356}]','',10),(99,'56','mz 56',27,'[{\"latitude\":-8.067063921297658,\"longitude\":-79.05607106164098},{\"latitude\":-8.066426560669766,\"longitude\":-79.05627490952611},{\"latitude\":-8.066607146283022,\"longitude\":-79.05708493664861},{\"latitude\":-8.067260440621908,\"longitude\":-79.05688108876348}]','',10),(100,'55','mz 55',11,'[{\"latitude\":-8.067977469778508,\"longitude\":-79.05578138306737},{\"latitude\":-8.068221790533922,\"longitude\":-79.05663968995214},{\"latitude\":-8.067743771526438,\"longitude\":-79.05675770714879},{\"latitude\":-8.06756318642095,\"longitude\":-79.05594231560826}]','',10),(101,'43','mz 43',0,'[{\"latitude\":-8.06826959240357,\"longitude\":-79.05667187646031},{\"latitude\":-8.06728699728002,\"longitude\":-79.05694546177983},{\"latitude\":-8.067780950802847,\"longitude\":-79.05827583745122},{\"latitude\":-8.06864138453012,\"longitude\":-79.05798615887761}]','',10),(102,'42','mz 42',2,'[{\"latitude\":-8.067504761810717,\"longitude\":-79.05757636763155},{\"latitude\":-8.066867401877877,\"longitude\":-79.05780971981585},{\"latitude\":-8.067087822301653,\"longitude\":-79.05845881439745},{\"latitude\":-8.067780950802847,\"longitude\":-79.05826569534838}]','',10),(103,'41','mz 41',27,'[{\"latitude\":-8.066601834942615,\"longitude\":-79.0571010299027},{\"latitude\":-8.066835533854855,\"longitude\":-79.05776621773839},{\"latitude\":-8.066065389201265,\"longitude\":-79.058055896312},{\"latitude\":-8.065831689843835,\"longitude\":-79.05742825940251}]','',10),(104,'36','mz 36',27,'[{\"latitude\":-8.066843500860843,\"longitude\":-79.05779630877078},{\"latitude\":-8.067071888299143,\"longitude\":-79.05848027206957},{\"latitude\":-8.066285810062329,\"longitude\":-79.05875117518008},{\"latitude\":-8.066057422179947,\"longitude\":-79.05808330513537}]','',10),(105,'40','mz 40',24,'[{\"latitude\":-8.065789199037061,\"longitude\":-79.05743362382054},{\"latitude\":-8.066022898419057,\"longitude\":-79.05808808282018},{\"latitude\":-8.065119968241358,\"longitude\":-79.05839385464787},{\"latitude\":-8.064875645611364,\"longitude\":-79.05776621773839}]','',10),(106,'37','mz 37',28,'[{\"latitude\":-8.066038832462901,\"longitude\":-79.05810417607427},{\"latitude\":-8.066256597665955,\"longitude\":-79.05875327065587},{\"latitude\":-8.065353668010173,\"longitude\":-79.05909659340978},{\"latitude\":-8.065130590961054,\"longitude\":-79.05841531232}]','',10),(107,'38','mz 38',25,'[{\"latitude\":-8.065104034161292,\"longitude\":-79.05844003893435},{\"latitude\":-8.065337733939305,\"longitude\":-79.05912400223315},{\"latitude\":-8.06463132283374,\"longitude\":-79.0593868587166},{\"latitude\":-8.064384344223711,\"longitude\":-79.05870289541781}]','',10),(108,'39','mz 39',18,'[{\"latitude\":-8.064859711521668,\"longitude\":-79.05780913308263},{\"latitude\":-8.064147988208358,\"longitude\":-79.05806662514806},{\"latitude\":-8.064371065799545,\"longitude\":-79.05869426205754},{\"latitude\":-8.065098722801126,\"longitude\":-79.05840458348393}]','',10),(109,'21','mz 21',25,'[{\"latitude\":-8.064636634200038,\"longitude\":-79.05941099859774},{\"latitude\":-8.064851744476584,\"longitude\":-79.0600332710892},{\"latitude\":-8.065576744936205,\"longitude\":-79.05974091030657},{\"latitude\":-8.06534835665329,\"longitude\":-79.05912936665118}]','',10),(110,'22','mz 22',31,'[{\"latitude\":-8.066272531700601,\"longitude\":-79.05879082158208},{\"latitude\":-8.065369602080404,\"longitude\":-79.0591180510819},{\"latitude\":-8.065592678997644,\"longitude\":-79.05971886590123},{\"latitude\":-8.066463740067318,\"longitude\":-79.05938090756536}]','',10),(111,'23','mz 23',29,'[{\"latitude\":-8.067117034637965,\"longitude\":-79.05850114300847},{\"latitude\":-8.066277843045349,\"longitude\":-79.05879082158208},{\"latitude\":-8.066490296777769,\"longitude\":-79.05935944989324},{\"latitude\":-8.067276374616975,\"longitude\":-79.05910732224584}]','',10),(112,'24','mz 24',21,'[{\"latitude\":-8.06779688477742,\"longitude\":-79.05829193070531},{\"latitude\":-8.067132968638681,\"longitude\":-79.05847432091832},{\"latitude\":-8.06732417659844,\"longitude\":-79.05917705968022},{\"latitude\":-8.06801996035528,\"longitude\":-79.05896784737706}]','',10),(113,'25','mz 25',28,'[{\"latitude\":-8.068694497663142,\"longitude\":-79.05799152329564},{\"latitude\":-8.06888570488421,\"longitude\":-79.0586674399674},{\"latitude\":-8.06805182828492,\"longitude\":-79.058957118541},{\"latitude\":-8.067812818751344,\"longitude\":-79.05828656628728}]','',10),(114,'13','mz 13',27,'[{\"latitude\":-8.068880393573737,\"longitude\":-79.05869426205754},{\"latitude\":-8.069082223322713,\"longitude\":-79.0593540854752},{\"latitude\":-8.068264281085005,\"longitude\":-79.05965449288487},{\"latitude\":-8.068046516963493,\"longitude\":-79.05897321179509}]','',10),(115,'14','mz 14',25,'[{\"latitude\":-8.068025271677062,\"longitude\":-79.05898930504918},{\"latitude\":-8.068232413172106,\"longitude\":-79.0596598573029},{\"latitude\":-8.067541941109111,\"longitude\":-79.05987979844213},{\"latitude\":-8.067318865267445,\"longitude\":-79.05920388177037}]','',10),(116,'20','mz 20',19,'[{\"latitude\":-8.067260440621908,\"longitude\":-79.05913950875401},{\"latitude\":-8.067425091874066,\"longitude\":-79.0596598573029},{\"latitude\":-8.066692127720179,\"longitude\":-79.05992271378636},{\"latitude\":-8.066495608119666,\"longitude\":-79.05937554314733}]','',10),(117,'19','mz 19',28,'[{\"latitude\":-8.066469051409559,\"longitude\":-79.05939163640141},{\"latitude\":-8.066665571022984,\"longitude\":-79.05994953587651},{\"latitude\":-8.065799821739175,\"longitude\":-79.06025530770421},{\"latitude\":-8.065603301704924,\"longitude\":-79.05973495915532}]','',10),(118,'18','mz 18',17,'[{\"latitude\":-8.065582056290086,\"longitude\":-79.05975641682744},{\"latitude\":-8.06484908879486,\"longitude\":-79.06005682423711},{\"latitude\":-8.065034986473755,\"longitude\":-79.0606147237122},{\"latitude\":-8.065783887685903,\"longitude\":-79.06028749421239}]','',10),(119,'17','mz 17',27,'[{\"latitude\":-8.065034986473755,\"longitude\":-79.0606308169663},{\"latitude\":-8.065258063575621,\"longitude\":-79.0613335557282},{\"latitude\":-8.066070700548721,\"longitude\":-79.06104387715459},{\"latitude\":-8.065799821739175,\"longitude\":-79.06029285863042}]','',10),(120,'16','mz 16',30,'[{\"latitude\":-8.066692127720179,\"longitude\":-79.05996026471257},{\"latitude\":-8.06701080795038,\"longitude\":-79.06065227463841},{\"latitude\":-8.066076011896113,\"longitude\":-79.06101169064641},{\"latitude\":-8.065810444441007,\"longitude\":-79.06028212979436}]','',10),(121,'15','mz 15',32,'[{\"latitude\":-8.06743571453319,\"longitude\":-79.059675950557},{\"latitude\":-8.06766941296336,\"longitude\":-79.06043769791722},{\"latitude\":-8.06703205329013,\"longitude\":-79.06065763905644},{\"latitude\":-8.06671337307666,\"longitude\":-79.05994953587651}]','',10),(122,'12','mz 12',12,'[{\"latitude\":-8.068264281085005,\"longitude\":-79.05967058613896},{\"latitude\":-8.068444865877272,\"longitude\":-79.0601265616715},{\"latitude\":-8.067680035616073,\"longitude\":-79.0603786893189},{\"latitude\":-8.067531318452772,\"longitude\":-79.05991734936833}]','',10),(123,'11','mz 11',20,'[{\"latitude\":-8.069079567668775,\"longitude\":-79.05937344767153},{\"latitude\":-8.069233595568294,\"longitude\":-79.0598535630852},{\"latitude\":-8.068487356404908,\"longitude\":-79.06011910177767},{\"latitude\":-8.068293493336283,\"longitude\":-79.05965776182711}]','',10),(124,'07','Moche',NULL,NULL,'\0',3),(125,'301','Centro de Salud Alto Moche',1688,NULL,'\0',124),(126,'01','Territorio 01',405,'[{\"latitude\":-8.177651950413896,\"longitude\":-78.9934897609055},{\"latitude\":-8.180009526383591,\"longitude\":-78.99540485814214},{\"latitude\":-8.179043134316498,\"longitude\":-78.9969283528626},{\"latitude\":-8.176128014384652,\"longitude\":-78.9967137761414},{\"latitude\":-8.175458967458978,\"longitude\":-78.9963704533875}]','\0',125),(127,'01','SECTOR 01',99,'[{\"latitude\":-8.177657260285347,\"longitude\":-78.9935434050858},{\"latitude\":-8.179101542694758,\"longitude\":-78.99469021707773},{\"latitude\":-8.178379402144083,\"longitude\":-78.99555925279856},{\"latitude\":-8.1770094554462,\"longitude\":-78.99442199617624}]','\0',126),(128,'02','SECTOR 02',77,'[{\"latitude\":-8.176972286284157,\"longitude\":-78.99443926289678},{\"latitude\":-8.178368782420343,\"longitude\":-78.99557651951909},{\"latitude\":-8.177949303106335,\"longitude\":-78.99612905457616},{\"latitude\":-8.177248399976591,\"longitude\":-78.99607004597783},{\"latitude\":-8.176292620995918,\"longitude\":-78.99531902745366}]','\0',126),(129,'03','SECTOR 03',95,'[{\"latitude\":-8.176271381436978,\"longitude\":-78.99534048512578},{\"latitude\":-8.17547489716073,\"longitude\":-78.99636031128466},{\"latitude\":-8.176077570409541,\"longitude\":-78.99668485857546},{\"latitude\":-8.17903251461044,\"longitude\":-78.99690211750567},{\"latitude\":-8.179348450744715,\"longitude\":-78.99632007814944},{\"latitude\":-8.179170570767141,\"longitude\":-78.99619401432574},{\"latitude\":-8.179072338506696,\"longitude\":-78.99630130268633},{\"latitude\":-8.178854634491891,\"longitude\":-78.9961162302643},{\"latitude\":-8.17882543028574,\"longitude\":-78.99625034071505},{\"latitude\":-8.177986472177286,\"longitude\":-78.99618328548968},{\"latitude\":-8.177444865372081,\"longitude\":-78.9961162302643},{\"latitude\":-8.17725370985341,\"longitude\":-78.99608940817416},{\"latitude\":-8.17678378548046,\"longitude\":-78.99574876762927}]','\0',126),(130,'04','SECTOR 04',134,'[{\"latitude\":-8.179106852546909,\"longitude\":-78.99469139054418},{\"latitude\":-8.179972357501258,\"longitude\":-78.99539949372411},{\"latitude\":-8.17937234506401,\"longitude\":-78.99630608037114},{\"latitude\":-8.178883838695906,\"longitude\":-78.99591447785497},{\"latitude\":-8.17878826129299,\"longitude\":-78.99621488526464},{\"latitude\":-8.178007711644856,\"longitude\":-78.99614514783025}]','\0',126),(131,'01','MANZANA 01',30,'[{\"latitude\":-8.177057244363738,\"longitude\":-78.99440171197057},{\"latitude\":-8.177503273984506,\"longitude\":-78.99475576356053},{\"latitude\":-8.178145768156453,\"longitude\":-78.99394037202},{\"latitude\":-8.177662570156732,\"longitude\":-78.99357022717595}]','',127),(132,'02','MANZANA 02',36,'[{\"latitude\":-8.177561682588381,\"longitude\":-78.99479867890477},{\"latitude\":-8.178188247073487,\"longitude\":-78.99397792294621},{\"latitude\":-8.178581176841398,\"longitude\":-78.99431588128209},{\"latitude\":-8.177975852443089,\"longitude\":-78.99512590840459}]','',127),(133,'03','MANZANA 03',33,'[{\"latitude\":-8.178028951111292,\"longitude\":-78.99516882374883},{\"latitude\":-8.178671444436093,\"longitude\":-78.99434806779027},{\"latitude\":-8.179074993432975,\"longitude\":-78.99467529729009},{\"latitude\":-8.178400641590724,\"longitude\":-78.99548532441258}]','',127),(134,'1','MANZANA 01',26,'[{\"latitude\":-8.176366959443232,\"longitude\":-78.99532439187169},{\"latitude\":-8.176818299718782,\"longitude\":-78.99566235020757},{\"latitude\":-8.177450175246292,\"longitude\":-78.99483086541295},{\"latitude\":-8.176972286284157,\"longitude\":-78.99446608498693}]','',128),(135,'2','MANZANA 02',31,'[{\"latitude\":-8.176844849130852,\"longitude\":-78.99571062996984},{\"latitude\":-8.177503273984506,\"longitude\":-78.99487914517522},{\"latitude\":-8.177912134031908,\"longitude\":-78.995201010257},{\"latitude\":-8.177269639483471,\"longitude\":-78.99602713063359}]','',128),(136,'3','MANZANA 03',20,'[{\"latitude\":-8.17733866787302,\"longitude\":-78.99604858830571},{\"latitude\":-8.177938683371144,\"longitude\":-78.9952546544373},{\"latitude\":-8.178347542972022,\"longitude\":-78.99557651951909},{\"latitude\":-8.17792806363566,\"longitude\":-78.99610759690404}]','',128),(137,'01','MANZANA 01',17,'[{\"latitude\":-8.17550410161228,\"longitude\":-78.99635226465762},{\"latitude\":-8.176268726492035,\"longitude\":-78.99535448290408},{\"latitude\":-8.176751926180897,\"longitude\":-78.99574072100222},{\"latitude\":-8.176064295678188,\"longitude\":-78.99667144753039}]','',129),(138,'02','MANZANA 02',20,'[{\"latitude\":-8.176128014384652,\"longitude\":-78.99666876532137},{\"latitude\":-8.176781130538927,\"longitude\":-78.99576217867434},{\"latitude\":-8.177224505529997,\"longitude\":-78.99608404375613},{\"latitude\":-8.176751926180897,\"longitude\":-78.99668485857546}]','',129),(139,'03','MANZANA 03',8,'[{\"latitude\":-8.178785606364803,\"longitude\":-78.99684310890734},{\"latitude\":-8.178809500717838,\"longitude\":-78.99625570513308},{\"latitude\":-8.17884401478081,\"longitude\":-78.99625570513308},{\"latitude\":-8.178862599275016,\"longitude\":-78.99614037014544},{\"latitude\":-8.179056408948668,\"longitude\":-78.99630130268633},{\"latitude\":-8.179082958211698,\"longitude\":-78.9963120315224},{\"latitude\":-8.179173225692757,\"longitude\":-78.99621278978884},{\"latitude\":-8.179337831046789,\"longitude\":-78.99631739594042},{\"latitude\":-8.179019239977457,\"longitude\":-78.99688334204257}]','',129),(140,'04','MANZANA 04',25,'[{\"latitude\":-8.176897947949675,\"longitude\":-78.9966902229935},{\"latitude\":-8.177293533927356,\"longitude\":-78.99610550142825},{\"latitude\":-8.177957267907548,\"longitude\":-78.99619937874377},{\"latitude\":-8.177853725479366,\"longitude\":-78.99679482914507}]','',129),(141,'05','MANZANA 05',25,'[{\"latitude\":-8.177901514295712,\"longitude\":-78.99679482914507},{\"latitude\":-8.177997091911218,\"longitude\":-78.99619133211672},{\"latitude\":-8.178782951436604,\"longitude\":-78.9962583873421},{\"latitude\":-8.178732507797372,\"longitude\":-78.99686724878848}]','',129),(142,'01','MANZANA 01',66,'[{\"latitude\":-8.178469669784462,\"longitude\":-78.99555833078921},{\"latitude\":-8.179106852546909,\"longitude\":-78.9947107527405},{\"latitude\":-8.179531640489392,\"longitude\":-78.99504871107638},{\"latitude\":-8.178897113333381,\"longitude\":-78.99590165354311}]','',130),(143,'02','MANZANA 02',17,'[{\"latitude\":-8.178456395132752,\"longitude\":-78.99557710625231},{\"latitude\":-8.178862599275016,\"longitude\":-78.99590970017016},{\"latitude\":-8.17877764158014,\"longitude\":-78.9961698744446},{\"latitude\":-8.178039570844078,\"longitude\":-78.99612964130938}]','',130),(144,'03','MANZANA 03',51,'[{\"latitude\":-8.178942247097511,\"longitude\":-78.99591447785497},{\"latitude\":-8.179547570028427,\"longitude\":-78.99507226422429},{\"latitude\":-8.179945808297463,\"longitude\":-78.99539412930608},{\"latitude\":-8.17937234506401,\"longitude\":-78.9962631650269}]','',130),(145,'02','Territorio 02',329,'[{\"latitude\":-8.179048444169425,\"longitude\":-78.9969540014863},{\"latitude\":-8.179993596863017,\"longitude\":-78.9954412356019},{\"latitude\":-8.181565306492274,\"longitude\":-78.9933705702424},{\"latitude\":-8.183306923435891,\"longitude\":-78.99474386125803},{\"latitude\":-8.184347642122146,\"longitude\":-78.99559143930674},{\"latitude\":-8.181735220675513,\"longitude\":-78.9965033903718}]','\0',125),(146,'03','Territorio 03',306,'[{\"latitude\":-8.185839688148599,\"longitude\":-78.99246515706182},{\"latitude\":-8.185271543167511,\"longitude\":-78.99308742955327},{\"latitude\":-8.184783044031173,\"longitude\":-78.99267436936498},{\"latitude\":-8.183317543028059,\"longitude\":-78.99470211938024},{\"latitude\":-8.181597165407155,\"longitude\":-78.99336101487279},{\"latitude\":-8.183715777529702,\"longitude\":-78.99065734818578},{\"latitude\":-8.185282162707287,\"longitude\":-78.99178387597203},{\"latitude\":-8.185595439003691,\"longitude\":-78.9919930882752}]','\0',125),(147,'04','Territorio 04',648,'[{\"latitude\":-8.17774221821898,\"longitude\":-78.99353988468647},{\"latitude\":-8.179993596863017,\"longitude\":-78.9953637868166},{\"latitude\":-8.183689228575314,\"longitude\":-78.99064309895039},{\"latitude\":-8.181161760016707,\"longitude\":-78.98890502750874}]','\0',125),(148,'05','SECTOR 05',146,'[{\"latitude\":-8.180806001600665,\"longitude\":-78.99439098313451},{\"latitude\":-8.182499833603583,\"longitude\":-78.99573208764195},{\"latitude\":-8.182659127778917,\"longitude\":-78.99613978341222},{\"latitude\":-8.184310473644445,\"longitude\":-78.99557651951909},{\"latitude\":-8.181554686853417,\"longitude\":-78.993398565799}]','\0',145),(149,'01','MANZANA 01',34,'[{\"latitude\":-8.181278576143768,\"longitude\":-78.99474025703967},{\"latitude\":-8.182051154667402,\"longitude\":-78.99380684830248},{\"latitude\":-8.182510453217237,\"longitude\":-78.99418503977358},{\"latitude\":-8.181732565766968,\"longitude\":-78.99509967304766},{\"latitude\":-8.181273266320549,\"longitude\":-78.99475903250277},{\"latitude\":-8.181302470347356,\"longitude\":-78.9947456214577}]','',148),(150,'02','MANZANA 02',38,'[{\"latitude\":-8.182534347346959,\"longitude\":-78.99419576860964},{\"latitude\":-8.182985680639272,\"longitude\":-78.99453909136355},{\"latitude\":-8.182178590156271,\"longitude\":-78.9954671356827},{\"latitude\":-8.181761769760113,\"longitude\":-78.99513454176486}]','',148),(151,'03','MANZANA 03',28,'[{\"latitude\":-8.182988335539482,\"longitude\":-78.99455786682665},{\"latitude\":-8.183309578333965,\"longitude\":-78.99479658342898},{\"latitude\":-8.182961786536621,\"longitude\":-78.99520696140826},{\"latitude\":-8.182428151203895,\"longitude\":-78.99565220810473},{\"latitude\":-8.182205139211318,\"longitude\":-78.99548054672778}]','',148),(152,'04','MANZANA 04',30,'[{\"latitude\":-8.182457355146061,\"longitude\":-78.99566235020757},{\"latitude\":-8.182552931669097,\"longitude\":-78.9957589097321},{\"latitude\":-8.183110460929885,\"longitude\":-78.99552823975682},{\"latitude\":-8.183699848157291,\"longitude\":-78.99510445073247},{\"latitude\":-8.183328162619933,\"longitude\":-78.99481477215886},{\"latitude\":-8.18299364533984,\"longitude\":-78.99519564583898}]','',148),(153,'05','MANZANA 05',4,'[{\"latitude\":-8.182539657153386,\"longitude\":-78.99577827192843},{\"latitude\":-8.182661782681302,\"longitude\":-78.99610818363726},{\"latitude\":-8.183253825470844,\"longitude\":-78.99592311121523},{\"latitude\":-8.183044088439738,\"longitude\":-78.99555833078921}]','',148),(154,'06','MANZANA 06',12,'[{\"latitude\":-8.18305205313915,\"longitude\":-78.99556101299822},{\"latitude\":-8.183261790166057,\"longitude\":-78.99590970017016},{\"latitude\":-8.18428923451278,\"longitude\":-78.99557174183428},{\"latitude\":-8.183697193261825,\"longitude\":-78.9951077196747}]','',148),(155,'06','SECTOR 06',87,'[{\"latitude\":-8.180073244459528,\"longitude\":-78.99536730721593},{\"latitude\":-8.181113971591225,\"longitude\":-78.99613441899419},{\"latitude\":-8.18166088322927,\"longitude\":-78.9960646815598},{\"latitude\":-8.181761769760113,\"longitude\":-78.99643482640386},{\"latitude\":-8.1826219591437,\"longitude\":-78.99616660550237},{\"latitude\":-8.182489213989621,\"longitude\":-78.99574281647801},{\"latitude\":-8.181761769760113,\"longitude\":-78.99517955258489},{\"latitude\":-8.180779452452402,\"longitude\":-78.99442853406072}]','\0',145),(156,'01','MANZANA 01',30,'[{\"latitude\":-8.180094483815905,\"longitude\":-78.99535121396184},{\"latitude\":-8.18047679203726,\"longitude\":-78.99563016369939},{\"latitude\":-8.181209548436463,\"longitude\":-78.99480940774083},{\"latitude\":-8.180774142622543,\"longitude\":-78.9944607205689}]','',155),(157,'02','MANZANA 02',34,'[{\"latitude\":-8.180577678867836,\"longitude\":-78.99572462774813},{\"latitude\":-8.181249372115218,\"longitude\":-78.99486095644534},{\"latitude\":-8.181719291223917,\"longitude\":-78.99519355036318},{\"latitude\":-8.181634334137954,\"longitude\":-78.99605453945696},{\"latitude\":-8.181111316678534,\"longitude\":-78.99610818363726}]','',155),(158,'03','MANZANA 03',17,'[{\"latitude\":-8.18169008722767,\"longitude\":-78.9960250351578},{\"latitude\":-8.181769734485146,\"longitude\":-78.99520159699023},{\"latitude\":-8.18248655908609,\"longitude\":-78.9957541320473},{\"latitude\":-8.182523727733928,\"longitude\":-78.9959177467972}]','',155),(159,'04','MANZANA 04',6,'[{\"latitude\":-8.181687432318807,\"longitude\":-78.99606795050204},{\"latitude\":-8.18177238939345,\"longitude\":-78.99640054441988},{\"latitude\":-8.182598065019233,\"longitude\":-78.99614573456347},{\"latitude\":-8.182531692443746,\"longitude\":-78.99594725109637}]','',155),(160,'07','SECTOR 07',96,'[{\"latitude\":-8.181719291223917,\"longitude\":-78.99645628407598},{\"latitude\":-8.180099793654824,\"longitude\":-78.99675132706761},{\"latitude\":-8.179096232842543,\"longitude\":-78.9969283528626},{\"latitude\":-8.180052005102018,\"longitude\":-78.99539949372411},{\"latitude\":-8.181113971591225,\"longitude\":-78.99616660550237},{\"latitude\":-8.181597165407155,\"longitude\":-78.9961183257401}]','\0',145),(161,'01','MANZANA 01',15,'[{\"latitude\":-8.180914853090044,\"longitude\":-78.99627179838717},{\"latitude\":-8.180970606280406,\"longitude\":-78.99658025242388},{\"latitude\":-8.181700706862914,\"longitude\":-78.99644077755511},{\"latitude\":-8.18158654576915,\"longitude\":-78.99612427689135},{\"latitude\":-8.18110866176583,\"longitude\":-78.99618328548968}]','',160),(162,'02','MANZANA 02',35,'[{\"latitude\":-8.180052005102018,\"longitude\":-78.99542690254748},{\"latitude\":-8.180484756787967,\"longitude\":-78.99573535658419},{\"latitude\":-8.180240504360397,\"longitude\":-78.99604112841189},{\"latitude\":-8.180073244459528,\"longitude\":-78.99644614197314},{\"latitude\":-8.179667041550912,\"longitude\":-78.99649978615344},{\"latitude\":-8.179457302632134,\"longitude\":-78.99635762907565}]','',160),(163,'03','MANZANA 03',10,'[{\"latitude\":-8.179213049574967,\"longitude\":-78.99676800705492},{\"latitude\":-8.180036075583136,\"longitude\":-78.99669558741152},{\"latitude\":-8.180067934620253,\"longitude\":-78.99647832848132},{\"latitude\":-8.179664386628591,\"longitude\":-78.99654270149767},{\"latitude\":-8.179444028013311,\"longitude\":-78.99640054441988}]','',160),(164,'04','MANZANA 04',18,'[{\"latitude\":-8.180503341205673,\"longitude\":-78.99577022530138},{\"latitude\":-8.181023704549679,\"longitude\":-78.99616182781756},{\"latitude\":-8.180957331711975,\"longitude\":-78.99618864990771},{\"latitude\":-8.180941402229285,\"longitude\":-78.99623692966998},{\"latitude\":-8.180166166635336,\"longitude\":-78.99634421803057},{\"latitude\":-8.180285637972421,\"longitude\":-78.99608672596514}]','',160),(165,'05','MANZANA 05',18,'[{\"latitude\":-8.180160856797308,\"longitude\":-78.99637908674777},{\"latitude\":-8.180099793654824,\"longitude\":-78.99673582054675},{\"latitude\":-8.180944057143098,\"longitude\":-78.99658829905093},{\"latitude\":-8.180877684292136,\"longitude\":-78.99626643396914}]','',160),(166,'08','SECTOR 08',67,'[{\"latitude\":-8.185255613857285,\"longitude\":-78.99179787375033},{\"latitude\":-8.185555615759348,\"longitude\":-78.99199367500842},{\"latitude\":-8.185789245402683,\"longitude\":-78.9924416039139},{\"latitude\":-8.185598093886512,\"longitude\":-78.99269641377032},{\"latitude\":-8.185268888282515,\"longitude\":-78.99304510094225},{\"latitude\":-8.184729946262863,\"longitude\":-78.99261594749987},{\"latitude\":-8.18356444846598,\"longitude\":-78.99181396700442},{\"latitude\":-8.184175074160658,\"longitude\":-78.99100662209094}]','\0',146),(167,'01','MANZANA 01',18,'[{\"latitude\":-8.183604271909374,\"longitude\":-78.99179460480809},{\"latitude\":-8.183869761430305,\"longitude\":-78.99198235943913},{\"latitude\":-8.184390120378122,\"longitude\":-78.99128498509526},{\"latitude\":-8.18415648991419,\"longitude\":-78.99108650162816}]','',166),(168,'02','MANZANA 02',27,'[{\"latitude\":-8.184724636485646,\"longitude\":-78.99258912540972},{\"latitude\":-8.185263578512474,\"longitude\":-78.99301559664309},{\"latitude\":-8.185563580408546,\"longitude\":-78.99271518923342},{\"latitude\":-8.1849662312775,\"longitude\":-78.99226457811892}]','',166),(169,'03','MANZANA 03',22,'[{\"latitude\":-8.18497950571236,\"longitude\":-78.99223239161074},{\"latitude\":-8.185592784120873,\"longitude\":-78.99266690947115},{\"latitude\":-8.185768006349871,\"longitude\":-78.99244696833193},{\"latitude\":-8.185656501303976,\"longitude\":-78.99221898056567},{\"latitude\":-8.185194551495565,\"longitude\":-78.99190784431994}]','',166),(170,'09','SECTOR 09',68,'[{\"latitude\":-8.184769769589773,\"longitude\":-78.99266959168017},{\"latitude\":-8.183877726113204,\"longitude\":-78.99207950569689},{\"latitude\":-8.18312639032587,\"longitude\":-78.9931067917496},{\"latitude\":-8.183991886550526,\"longitude\":-78.99373979307711}]','\0',146),(171,'01','MANZANA 01',10,'[{\"latitude\":-8.183402499755141,\"longitude\":-78.99277151562274},{\"latitude\":-8.183803389066655,\"longitude\":-78.99306655861437},{\"latitude\":-8.18402374527138,\"longitude\":-78.99276883341372},{\"latitude\":-8.183617546389629,\"longitude\":-78.9924764726311}]','',170),(172,'02','MANZANA 02',12,'[{\"latitude\":-8.183641440452952,\"longitude\":-78.99244428612292},{\"latitude\":-8.18404232952403,\"longitude\":-78.99273396469653},{\"latitude\":-8.184260030704884,\"longitude\":-78.99242819286883},{\"latitude\":-8.183848522275143,\"longitude\":-78.99215728975832}]','',170),(173,'03','MANZANA 03',22,'[{\"latitude\":-8.183389225267724,\"longitude\":-78.9927822444588},{\"latitude\":-8.184214897543024,\"longitude\":-78.99341524578631},{\"latitude\":-8.183989231657007,\"longitude\":-78.99372906424105},{\"latitude\":-8.183134355023627,\"longitude\":-78.99310142733157}]','',170),(174,'04','MANZANA 04',12,'[{\"latitude\":-8.183824628224222,\"longitude\":-78.99307996965945},{\"latitude\":-8.184241446462375,\"longitude\":-78.99337233044207},{\"latitude\":-8.184459147534415,\"longitude\":-78.99307728745043},{\"latitude\":-8.184047639310355,\"longitude\":-78.9927822444588}]','',170),(175,'05','MANZANA 05',12,'[{\"latitude\":-8.184066223561885,\"longitude\":-78.99275274015963},{\"latitude\":-8.184472421986172,\"longitude\":-78.9930531475693},{\"latitude\":-8.184690122931995,\"longitude\":-78.99275274015963},{\"latitude\":-8.18426799537997,\"longitude\":-78.99246306158602}]','',170),(176,'10','SECTOR 10',55,'[{\"latitude\":-8.182303370699625,\"longitude\":-78.99249734357},{\"latitude\":-8.183073292336767,\"longitude\":-78.99307133629918},{\"latitude\":-8.183795424382282,\"longitude\":-78.99206282570958},{\"latitude\":-8.183514005431944,\"longitude\":-78.9918321557343},{\"latitude\":-8.184103392062372,\"longitude\":-78.99097921326756},{\"latitude\":-8.183715777529702,\"longitude\":-78.99069489911199}]','\0',146),(177,'01','MANZANA 01',22,'[{\"latitude\":-8.182335229555488,\"longitude\":-78.9924952480942},{\"latitude\":-8.182770633663765,\"longitude\":-78.99282247759402},{\"latitude\":-8.183514005431944,\"longitude\":-78.9918649289757},{\"latitude\":-8.183070637437128,\"longitude\":-78.99154574610293}]','',176),(178,'02','MANZANA 02',19,'[{\"latitude\":-8.183105151131079,\"longitude\":-78.99151892401278},{\"latitude\":-8.183511350535245,\"longitude\":-78.9917925093323},{\"latitude\":-8.184074188240851,\"longitude\":-78.9909824822098},{\"latitude\":-8.183715777529702,\"longitude\":-78.9907303545624}]','',176),(179,'03','MANZANA 03',14,'[{\"latitude\":-8.182802492482276,\"longitude\":-78.99283588863909},{\"latitude\":-8.183067982537464,\"longitude\":-78.99304510094225},{\"latitude\":-8.183771530328181,\"longitude\":-78.9920634124428},{\"latitude\":-8.183543209294532,\"longitude\":-78.99189175106585}]','',176),(180,'11','SECTOR 11',116,'[{\"latitude\":-8.181639643956364,\"longitude\":-78.99336637929082},{\"latitude\":-8.183306923435891,\"longitude\":-78.99465383961797},{\"latitude\":-8.183960027827116,\"longitude\":-78.993757981807},{\"latitude\":-8.182282131460953,\"longitude\":-78.99252953007817}]','\0',146),(181,'01','MANZANA 01',34,'[{\"latitude\":-8.181644953774699,\"longitude\":-78.993358919397},{\"latitude\":-8.182104252792724,\"longitude\":-78.99370760656893},{\"latitude\":-8.182688331704162,\"longitude\":-78.99290026165545},{\"latitude\":-8.182260892221164,\"longitude\":-78.99258912540972},{\"latitude\":-8.181663538138299,\"longitude\":-78.99336428381503}]','',180),(182,'02','MANZANA 02',38,'[{\"latitude\":-8.182136111664501,\"longitude\":-78.99372906424105},{\"latitude\":-8.18259010031075,\"longitude\":-78.99408579804003},{\"latitude\":-8.183253825470844,\"longitude\":-78.99329454638064},{\"latitude\":-8.182770633663765,\"longitude\":-78.99295122362673}]','',180),(183,'03','MANZANA 03',18,'[{\"latitude\":-8.182964441436985,\"longitude\":-78.99370492435992},{\"latitude\":-8.18363613066122,\"longitude\":-78.99418503977358},{\"latitude\":-8.183941443570625,\"longitude\":-78.99376125074923},{\"latitude\":-8.18329099404712,\"longitude\":-78.99328113533556}]','',180),(184,'04','MANZANA 04',26,'[{\"latitude\":-8.183306923435891,\"longitude\":-78.9946383330971},{\"latitude\":-8.183617546389629,\"longitude\":-78.99419845081866},{\"latitude\":-8.182945857134046,\"longitude\":-78.99371297098696},{\"latitude\":-8.182627268948943,\"longitude\":-78.99410725571215}]','',180),(185,'12','SECTOR 12',137,'[{\"latitude\":-8.181161760016707,\"longitude\":-78.98900393396616},{\"latitude\":-8.182170625439404,\"longitude\":-78.98969057947397},{\"latitude\":-8.18080069177116,\"longitude\":-78.99145010858774},{\"latitude\":-8.179855540991346,\"longitude\":-78.99072054773569}]','\0',147),(186,'01','MANZANA 01',31,'[{\"latitude\":-8.181167069841415,\"longitude\":-78.98901642300189},{\"latitude\":-8.181674157774255,\"longitude\":-78.9893624279648},{\"latitude\":-8.181055563507867,\"longitude\":-78.990118810907},{\"latitude\":-8.180588298532737,\"longitude\":-78.98978889919817}]','',185),(187,'02','MANZANA 02',37,'[{\"latitude\":-8.181687432318807,\"longitude\":-78.98938598111272},{\"latitude\":-8.18213345675863,\"longitude\":-78.98968102410436},{\"latitude\":-8.181533447574848,\"longitude\":-78.99044813588262},{\"latitude\":-8.181124591241838,\"longitude\":-78.99014772847295}]','',185),(188,'03','MANZANA 03',33,'[{\"latitude\":-8.180564404286327,\"longitude\":-78.98981840349734},{\"latitude\":-8.181063528246996,\"longitude\":-78.99016709066927},{\"latitude\":-8.180333426497224,\"longitude\":-78.99107635952532},{\"latitude\":-8.179874125438403,\"longitude\":-78.99071694351733}]','',185),(189,'04','MANZANA 04',36,'[{\"latitude\":-8.180370595345893,\"longitude\":-78.99108113721013},{\"latitude\":-8.180790072111922,\"longitude\":-78.99141909554601},{\"latitude\":-8.181517518115175,\"longitude\":-78.99047495797276},{\"latitude\":-8.181092732289171,\"longitude\":-78.9901745505631}]','',185),(190,'13','SECTOR 13',158,'[{\"latitude\":-8.181597165407155,\"longitude\":-78.99049105122685},{\"latitude\":-8.182223723548798,\"longitude\":-78.98968102410436},{\"latitude\":-8.183646750244609,\"longitude\":-78.99064661934972},{\"latitude\":-8.182207794116719,\"longitude\":-78.99245442822576},{\"latitude\":-8.181390082414927,\"longitude\":-78.99182679131627},{\"latitude\":-8.18213345675863,\"longitude\":-78.99085583165288}]','\0',147),(191,'01','MANZANA 01',33,'[{\"latitude\":-8.181631679228735,\"longitude\":-78.99048895575106},{\"latitude\":-8.18213345675863,\"longitude\":-78.99083496071398},{\"latitude\":-8.18276532386043,\"longitude\":-78.9900624845177},{\"latitude\":-8.182221068643498,\"longitude\":-78.98969233967364}]','',190),(192,'02','MANZANA 02',32,'[{\"latitude\":-8.182167970533762,\"longitude\":-78.99086446501315},{\"latitude\":-8.182595410116413,\"longitude\":-78.9911621902138},{\"latitude\":-8.183208692194993,\"longitude\":-78.99039239622653},{\"latitude\":-8.182775943467025,\"longitude\":-78.99010539986193}]','',190),(193,'03','MANZANA 03',27,'[{\"latitude\":-8.182629923851534,\"longitude\":-78.99119169451296},{\"latitude\":-8.183001610040256,\"longitude\":-78.9914491865784},{\"latitude\":-8.183625511077551,\"longitude\":-78.99064988829195},{\"latitude\":-8.183232586282859,\"longitude\":-78.99040044285357}]','',190),(194,'04','MANZANA 04',32,'[{\"latitude\":-8.182128146946797,\"longitude\":-78.99089874699712},{\"latitude\":-8.182552931669097,\"longitude\":-78.99117769673467},{\"latitude\":-8.181814867923983,\"longitude\":-78.99211646988988},{\"latitude\":-8.181427251165038,\"longitude\":-78.99182142689824}]','',190),(195,'05','MANZANA 05',34,'[{\"latitude\":-8.18183610718755,\"longitude\":-78.99214119650424},{\"latitude\":-8.182207794116719,\"longitude\":-78.99243355728686},{\"latitude\":-8.182969751237662,\"longitude\":-78.99145723320544},{\"latitude\":-8.182576825796273,\"longitude\":-78.991197058931}]','',190),(196,'14','SECTOR 14',98,'[{\"latitude\":-8.179213049574967,\"longitude\":-78.99166585877538},{\"latitude\":-8.180646706684579,\"longitude\":-78.99267436936498},{\"latitude\":-8.181379462771387,\"longitude\":-78.99187507107854},{\"latitude\":-8.181342294016824,\"longitude\":-78.99182679131627},{\"latitude\":-8.182117527322937,\"longitude\":-78.990877289325},{\"latitude\":-8.18158123595004,\"longitude\":-78.99052323773503},{\"latitude\":-8.180843170405264,\"longitude\":-78.9914727397263},{\"latitude\":-8.179834301622234,\"longitude\":-78.99080755189061}]','\0',147),(197,'01','MANZANA 01',24,'[{\"latitude\":-8.179231634051972,\"longitude\":-78.99165303446352},{\"latitude\":-8.179659076783869,\"longitude\":-78.99195612408221},{\"latitude\":-8.180314842071592,\"longitude\":-78.99113536812365},{\"latitude\":-8.179828991779791,\"longitude\":-78.99082959629595}]','',196),(198,'02','MANZANA 02',25,'[{\"latitude\":-8.179690935851125,\"longitude\":-78.99196090176702},{\"latitude\":-8.180147582201917,\"longitude\":-78.9922827668488},{\"latitude\":-8.180774142622543,\"longitude\":-78.9914727397263},{\"latitude\":-8.180328116661409,\"longitude\":-78.99116696789861}]','',196),(199,'03','MANZANA 03',24,'[{\"latitude\":-8.180182096149014,\"longitude\":-78.99231822229922},{\"latitude\":-8.180636087021243,\"longitude\":-78.99265886284411},{\"latitude\":-8.181360878394544,\"longitude\":-78.99187297560275},{\"latitude\":-8.18133432928324,\"longitude\":-78.99183810688555},{\"latitude\":-8.180840515490766,\"longitude\":-78.99149210192263}]','',196),(200,'04','MANZANA 04',25,'[{\"latitude\":-8.180901578519755,\"longitude\":-78.9914727397263},{\"latitude\":-8.181342294016824,\"longitude\":-78.99179996922612},{\"latitude\":-8.182085668449671,\"longitude\":-78.99086656048894},{\"latitude\":-8.18158654576915,\"longitude\":-78.99055542424321}]','',196),(201,'15','SECTOR 15',141,'[{\"latitude\":-8.17851214866697,\"longitude\":-78.99255098775029},{\"latitude\":-8.180742283641875,\"longitude\":-78.99434806779027},{\"latitude\":-8.18218124506185,\"longitude\":-78.99248661473393},{\"latitude\":-8.181379462771387,\"longitude\":-78.99190189316869},{\"latitude\":-8.180630777189474,\"longitude\":-78.99271192029119},{\"latitude\":-8.179165260915843,\"longitude\":-78.99166585877538}]','\0',147),(202,'01','MANZANA 01',35,'[{\"latitude\":-8.18177238939345,\"longitude\":-78.9922291226685},{\"latitude\":-8.18216531562808,\"longitude\":-78.99248661473393},{\"latitude\":-8.18147503955295,\"longitude\":-78.99336101487279},{\"latitude\":-8.181119281416569,\"longitude\":-78.99308206513524}]','',201),(203,'02','MANZANA 02',48,'[{\"latitude\":-8.180662636179061,\"longitude\":-78.99271728470922},{\"latitude\":-8.18107680281189,\"longitude\":-78.99302305653691},{\"latitude\":-8.181751150126496,\"longitude\":-78.99219693616033},{\"latitude\":-8.181379462771387,\"longitude\":-78.9919233508408}]','',201),(204,'03','MANZANA 03',38,'[{\"latitude\":-8.179935188615453,\"longitude\":-78.99362387135625},{\"latitude\":-8.180344046168626,\"longitude\":-78.99395110085607},{\"latitude\":-8.181066183160018,\"longitude\":-78.9930927939713},{\"latitude\":-8.180630777189474,\"longitude\":-78.99274410679936}]','',201),(205,'04','MANZANA 04',20,'[{\"latitude\":-8.178538697966244,\"longitude\":-78.99254562333226},{\"latitude\":-8.178947556951774,\"longitude\":-78.99284603074193},{\"latitude\":-8.179605978332784,\"longitude\":-78.99202527478337},{\"latitude\":-8.17915995106448,\"longitude\":-78.99169804528356}]','',201),(206,'16','SECTOR 16',114,'[{\"latitude\":-8.177774077439409,\"longitude\":-78.99352731183171},{\"latitude\":-8.179993596863017,\"longitude\":-78.99532439187169},{\"latitude\":-8.180721044320013,\"longitude\":-78.99439098313451},{\"latitude\":-8.178437810619604,\"longitude\":-78.9925885386765}]','\0',147),(207,'01','MANZANA 01',29,'[{\"latitude\":-8.177790007048683,\"longitude\":-78.99352194741368},{\"latitude\":-8.178220106258284,\"longitude\":-78.99383844807744},{\"latitude\":-8.178905078115653,\"longitude\":-78.99298014119267},{\"latitude\":-8.178432500758547,\"longitude\":-78.99262072518468}]','',206),(208,'02','MANZANA 02',28,'[{\"latitude\":-8.178246655576999,\"longitude\":-78.99386527016759},{\"latitude\":-8.178692683867174,\"longitude\":-78.99422468617558},{\"latitude\":-8.179367035215398,\"longitude\":-78.9933449216187},{\"latitude\":-8.178915697825106,\"longitude\":-78.99300696328282}]','',206),(209,'03','MANZANA 03',29,'[{\"latitude\":-8.179146676435746,\"longitude\":-78.99460078217089},{\"latitude\":-8.179595358641727,\"longitude\":-78.99494678713381},{\"latitude\":-8.180285637972421,\"longitude\":-78.99405629374087},{\"latitude\":-8.179836956543449,\"longitude\":-78.99372369982302}]','',206),(210,'04','MANZANA 04',28,'[{\"latitude\":-8.17961659802356,\"longitude\":-78.99498433806002},{\"latitude\":-8.179993596863017,\"longitude\":-78.99529279209673},{\"latitude\":-8.180689185335096,\"longitude\":-78.99439961649477},{\"latitude\":-8.180301567481315,\"longitude\":-78.99408848024905}]','',206);

/*Table structure for table `Houses` */

DROP TABLE IF EXISTS `Houses`;

CREATE TABLE `Houses` (
  `uuid` binary(16) NOT NULL COMMENT 'Id de la vivienda',
  `number` int(11) NOT NULL COMMENT 'Número de la vivienda',
  `code` varchar(100) CHARACTER SET utf8 NOT NULL COMMENT 'Código de la vivienda',
  `qrcode` varchar(100) CHARACTER SET utf8 DEFAULT NULL COMMENT 'Código QR',
  `latitude` decimal(9,6) DEFAULT NULL COMMENT 'Latitude',
  `longitude` decimal(9,6) DEFAULT NULL COMMENT 'Longitude',
  `streetName` varchar(250) CHARACTER SET utf8 DEFAULT NULL COMMENT 'Calle',
  `streetNumber` varchar(50) CHARACTER SET utf8 DEFAULT NULL COMMENT 'Nvarchar para dar cobertura a casos tipo ''10 A'', ''10 B'' o ''26 BIS''',
  `personsNumber` int(10) NOT NULL DEFAULT '0' COMMENT 'Número de habitantes',
  `areaId` int(11) NOT NULL COMMENT 'Id de la manzana',
  PRIMARY KEY (`uuid`),
  UNIQUE KEY `UQ_Houses_uuid` (`uuid`),
  KEY `areaId` (`areaId`),
  CONSTRAINT `FK_Houses_Areas` FOREIGN KEY (`areaId`) REFERENCES `Areas` (`id`) ON UPDATE CASCADE
) ENGINE=InnoDB DEFAULT CHARSET=latin1 COMMENT='Viviendas';

/*Data for the table `Houses` */

insert  into `Houses`(`uuid`,`number`,`code`,`qrcode`,`latitude`,`longitude`,`streetName`,`streetNumber`,`personsNumber`,`areaId`) values ('\0	UI3|xM',4,'13_01_05_101_01_03_46_0004',NULL,'-8.070022','-79.056118','6 De Enero','433',0,70),('\0 #c+Cr S',7,'13_01_05_101_01_03_52_0007',NULL,NULL,NULL,'25 De Diciembre','369',0,64),('\0(cCŭGYG',2,'13_01_05_101_01_02_78_0002',NULL,'-8.063980','-79.055270','Los Cedros','900',0,49),('\0>-8NDMϿ',29,'13_01_05_101_01_03_52_0029',NULL,'-8.071150','-79.055555','6 De Enero','340',0,64),('\0J^G',14,'13_01_05_101_01_03_64_0014',NULL,'-8.068199','-79.055911','25 De Diciembre','59',0,61),('\0eN2ʬ',3,'13_01_05_101_01_03_9_0003',NULL,'-8.069602','-79.058520','San Pedro','521-A',0,82),('Ai?*O/	o',9,'13_01_05_101_01_02_76_0009',NULL,'-8.064684','-79.055217','Los Cedros','887',4,55),('EKS!',14,'13_01_05_101_01_02_74_0014',NULL,'-8.066861','-79.055149','Nicolas De Pierola','106',5,53),('Fu\ZQ',12,'13_01_05_101_01_03_35_0012',NULL,'-8.068967','-79.057830','San Pedro','556B',0,72),('osgF@+v',34,'13_01_05_101_01_03_65_0034',NULL,'-8.068899','-79.055638','25 De Diciembre','498',0,60),('g-@Ļ',27,'13_01_05_101_01_03_64_0027',NULL,'-8.065320','-79.054288','Salaverry','510',0,61),('瑘En?a~',16,'13_01_05_101_01_03_47_0016',NULL,'-8.071350','-79.056291','Los Reyes','307',0,69),('G_\"Lk1=',11,'13_01_05_101_01_02_80_0011',NULL,'-8.065792','-79.054596','Los Cedros','730',0,51),('Nᗭd',32,'13_01_05_101_01_02_76_0032',NULL,'-8.065349','-79.055162','Canal De Suez','510',2,55),('~;*OL2',23,'13_01_05_101_01_03_28_0023',NULL,NULL,NULL,'San Lucas','306',0,79),('%Mhc-+`',7,'13_01_05_101_01_03_65_0007',NULL,'-8.069535','-79.054805','Natividad','437',0,60),('NVXKi',11,'13_01_05_101_01_02_75_0011',NULL,'-8.066163','-79.055175','Nicolás De Pierola','210',4,54),('s:CwpN',22,'13_01_05_101_01_03_45_0022',NULL,'-8.068621','-79.056555','6 De Enero','521',0,71),('yǟ?C)iP|W',4,'13_01_05_101_01_03_35_0004',NULL,'-8.069461','-79.057624','Salaverry','128',0,72),('٦Ec6(oY',23,'13_01_05_101_01_03_47_0023',NULL,'-8.071122','-79.055725','6 De Enero','313',0,69),('y)J`?',40,'13_01_05_101_01_02_80_0040',NULL,'-8.066220','-79.053979','Pacifico','465',0,51),('GKG	NL߃',34,'13_01_05_101_01_02_81_0034',NULL,'-8.067162','-79.054302','Los Cedros','642',4,52),('lKHz\Z\0e?',12,'13_01_05_101_01_03_33_0012',NULL,'-8.071041','-79.056462','Los Reyes','328',0,74),('\ZzBƄT',28,'13_01_05_101_01_03_34_0028',NULL,'-8.070081','-79.057499','San Pedro','440',0,73),('{É5O\nO\'v8',12,'13_01_05_101_01_02_81_0012',NULL,'-8.066727','-79.053662','Los Robles','699',5,52),('L=l}',5,'13_01_05_101_01_03_35_0005',NULL,'-8.069430','-79.057687','San Pedro','500',0,72),('COz',1,'13_01_05_101_01_02_77_0001',NULL,'-8.063565','-79.055493','Los Cedros','909',8,56),('=ʲE-bO',9,'13_01_05_101_01_03_47_0009',NULL,'-8.070802','-79.056423','Los Reyes','377_B',0,69),('K}CM',27,'13_01_05_101_01_02_75_0027',NULL,'-8.065566','-79.054816','Los Cedros','773',6,54),('	Eh]I`.A',23,'13_01_05_101_01_03_7_0023',NULL,'-8.071100','-79.058562','San Pablo','404',0,83),('	A)dIu>',18,'13_01_05_101_01_03_52_0018',NULL,'-8.070984','-79.054994','25 De Diciembre','315',0,64),('	=^I4C	C(;',34,'13_01_05_101_01_02_80_0034',NULL,'-8.065714','-79.054033','Los Robles','745',0,51),('\n+N$L#^y',21,'13_01_05_101_01_03_64_0021',NULL,'-8.068678','-79.055746','25 De Diciembre','512',0,61),('\n:ƽA4-SJ:',9,'13_01_05_101_01_03_9_0009',NULL,NULL,NULL,'San Lucas','565',0,82),('\nIȰR\r,',22,'13_01_05_101_01_03_9_0022','SAPEV0000003215','-8.069400','-79.059080','San Pablo','584',0,82),('\n藮D%BY',22,'13_01_05_101_01_03_65_0022',NULL,'-8.069374','-79.055453','25 De Diciembre','416',0,60),('Yv\"4OO_1',29,'13_01_05_101_01_02_81_0029',NULL,'-8.067476','-79.053826','Los Cedros','612',4,52),('g$OF՚憗A',16,'13_01_05_101_01_02_81_0016',NULL,'-8.066923','-79.053553','Los Robles','683',0,52),('.G\'+K65',6,'13_01_05_101_01_03_45_0006','SAPEV0000004900',NULL,NULL,'Los Reyes','538',0,71),('\nX&Mʴ\0pR)x',13,'13_01_05_101_01_02_81_0013',NULL,'-8.066975','-79.053777','Los Robles','691',6,52),('F/XCw2e2Z',32,'13_01_05_101_01_03_66_0032',NULL,'-8.070911','-79.055012','25 De Octubre ','308B',0,59),('\rLDD=#',15,'13_01_05_101_01_03_28_0015',NULL,'-8.071677','-79.057058','San Pedro','303',0,79),('\rϰA',32,'13_01_05_101_01_02_81_0032',NULL,'-8.067471','-79.053895','Los Cedros','624',0,52),('\r&[\"JӃ',36,'13_01_05_101_01_02_75_0036',NULL,'-8.066073','-79.054611','Los Cedros','707',3,54),('\"`A<Rw',17,'13_01_05_101_01_02_74_0017',NULL,'-8.066454','-79.054977','Pacífico','593',6,53),('@tx',36,'13_01_05_101_01_03_52_0036',NULL,'-8.070879','-79.055555','6 De Enero','392',0,64),('U3@Z\r',9,'13_01_05_101_01_03_53_0009',NULL,'-8.069378','-79.056188','06 De Enero','472',0,63),('N5B^v',13,'13_01_05_101_01_03_47_0013',NULL,'-8.071063','-79.056228','Los Reyes','315',0,69),('u OIn2h01',8,'13_01_05_101_01_03_26_0008',NULL,'-8.069218','-79.058541','San Lucas','592',0,81),('WmHJUQ^p',5,'13_01_05_101_01_03_65_0005',NULL,'-8.069656','-79.054811','Natividad','425',0,60),('(@.RLVv',5,'13_01_05_101_01_03_26_0005','SAPEV0000004007','-8.069441','-79.058439','San Lucas','550-A',0,81),('SjHF;;А?',11,'13_01_05_101_01_02_76_0011',NULL,'-8.064572','-79.055292','Los Cedros','S/n',0,55),('_JkF`y',25,'13_01_05_101_01_03_52_0025',NULL,'-8.071407','-79.055327','Sta Magdalena','460- B',0,64),('bch*N7W8W',5,'13_01_05_101_01_02_78_0005',NULL,'-8.063994','-79.055171','Los Cedros','916 B',0,49),('L\n\Zs\nO',9,'13_01_05_101_01_03_54_0009',NULL,'-8.068585','-79.055889','25 De Diciembre','533',0,62),('HKMuNq5G',44,'13_01_05_101_01_03_54_0044',NULL,'-8.068992','-79.056463','6 De Enero','524',0,62),('IGFKT',12,'13_01_05_101_01_03_47_0012',NULL,'-8.071069','-79.056328','Los Reyes','325',0,69),('zBɖ!',3,'13_01_05_101_01_03_65_0003',NULL,'-8.069805','-79.054927','San Jose','406',0,60),('XuLxBt|.;',1,'13_01_05_101_01_03_27_0001','SAPEV0000004411','-8.069709','-79.057798','San Pedro','499',0,80),('\r7@A, ',5,'13_01_05_101_01_03_46_0005',NULL,'-8.070458','-79.054341','6 De Enero','409',0,70),('Ve@sAw',30,'13_01_05_101_01_03_65_0030',NULL,'-8.069233','-79.055826','25 De Diciembre','456 _458',0,60),('XCPxܮ',24,'13_01_05_101_01_03_28_0024',NULL,NULL,NULL,'San Lucas','310',0,79),('xAJ;V',39,'13_01_05_101_01_03_7_0039',NULL,'-8.070151','-79.058518','San Lucas','491',0,83),('(EE۫UԊ',25,'13_01_05_101_01_03_53_0025',NULL,NULL,NULL,'25 De Diciembre','421',0,63),('AC䏦6',8,'13_01_05_101_01_02_79_0008',NULL,'-8.063929','-79.054943','Atlantida','347',0,50),(':KLUWM@',42,'13_01_05_101_01_03_33_0042',NULL,'-8.070703','-79.057020','San Jose','735',0,74),('iџOKՀ]w:',14,'13_01_05_101_01_03_28_0014',NULL,'-8.071663','-79.057065','San Pedro','307',0,79),('XE3g랢',11,'13_01_05_101_01_03_35_0011',NULL,'-8.069006','-79.057830','San Pedro','556A',0,72),('NeH\'',18,'13_01_05_101_01_03_47_0018',NULL,'-8.071418','-79.056162','Los Reyes','303',0,69),('@7i笊kS',10,'13_01_05_101_01_02_81_0010',NULL,'-8.066387','-79.053988','Los Robles','701',2,52),('bM@i\0Y',1,'13_01_05_101_01_03_46_0001','SAPEV0000002003',NULL,NULL,'6 De Enero','413',0,70),('t8TK\"(',8,'13_01_05_101_01_02_75_0008',NULL,'-8.066359','-79.054963','Nicolás De Pierola','202',1,54),('CвHqp',18,'13_01_05_101_01_02_81_0018',NULL,'-8.066915','-79.053340','Los Robles','659',4,52),('͜>C2f-',13,'13_01_05_101_01_02_74_0013',NULL,'-8.066912','-79.054899','Nicolas De Pierola','112',0,53),('IeNGyq=',28,'13_01_05_101_01_03_28_0028',NULL,'-8.071598','-79.057729','San Lucas','334',0,79),('2[H,p',9,'13_01_05_101_01_03_33_0009',NULL,NULL,NULL,'Los Reyes','348-A',0,74),('+\\DZ4\"0',25,'13_01_05_101_01_03_35_0025',NULL,'-8.069059','-79.057310','Los Reyes','528A',0,72),('o\r\\tEjK0',14,'13_01_05_101_01_02_78_0014',NULL,'-8.063410','-79.055418','Los Cedros','990',20,49),('\ZNȥD;z8O',8,'13_01_05_101_01_03_66_0008',NULL,'-8.070726','-79.054442','Natividad','315',0,59),('\Z,OZtN>h4',36,'13_01_05_101_01_02_80_0036',NULL,'-8.065695','-79.053711','Los Robles','741',0,51),('\ZqGwjb',35,'13_01_05_101_01_03_65_0035',NULL,'-8.068851','-79.055372','Salaverry','501',0,60),('\rW\'NWv\r',15,'13_01_05_101_01_03_64_0015',NULL,'-8.068305','-79.055954','25 De Diciembre','593',0,61),('ٽ\\v@\'\07G',12,'13_01_05_101_01_03_10_0012',NULL,'-8.069742','-79.059073','San Pablo','513',0,91),('Õm4G.UY',5,'13_01_05_101_01_02_79_0005',NULL,'-8.064294','-79.055129','Los Cedros','880',4,50),('B\0\ZM',2,'13_01_05_101_01_03_26_0002',NULL,'-8.069636','-79.058363','San Lucas','502',0,81),('OdDzFuj',6,'13_01_05_101_01_03_52_0006',NULL,'-8.070275','-79.055277','25 De Diciembre','373',0,64),('ZK?{',15,'13_01_05_101_01_02_81_0015',NULL,'-8.066973','-79.053657','Los Robles','692 piso',6,52),('*I;--',3,'13_01_05_101_01_02_76_0003',NULL,'-8.065008','-79.055075','Los Cedros','839',0,55),('kLZ胷',20,'13_01_05_101_01_03_5_0020',NULL,'-8.071760','-79.057751','San Lucas','337',0,84),('(.$׌KQgH\n',2,'13_01_05_101_01_03_10_0002',NULL,NULL,NULL,'Aviacion','1190',0,91),('r\r@CBi)',3,'13_01_05_101_01_03_47_0003',NULL,'-8.070403','-79.056244','San Jose','631',0,69),('7@Naf',26,'13_01_05_101_01_03_53_0026',NULL,NULL,NULL,'25 De Diciembre','429',0,63),('Բt@9az',14,'13_01_05_101_01_03_27_0014',NULL,NULL,NULL,'San Pedro','405A',0,80),('h/$O\"yy',35,'13_01_05_101_01_03_34_0035',NULL,'-8.069875','-79.057799','San Pedro','498',0,73),('9*BɻM:ZJ',11,'13_01_05_101_01_03_9_0011',NULL,NULL,NULL,'San Lucas','587',0,82),('mB E}\\',6,'13_01_05_101_01_02_75_0006',NULL,'-8.066519','-79.054863','Pacífico','592',5,54),('Ah`',33,'13_01_05_101_01_02_81_0033',NULL,'-8.067239','-79.054065','Los Cedros','636',0,52),('\'{bBReB',10,'13_01_05_101_01_02_78_0010',NULL,'-8.063660','-79.055335','Los Cedros','980',0,49),(' UqBʠᒫ',23,'13_01_05_101_01_02_77_0023',NULL,'-8.064002','-79.055930','Nicolas De Pierola','414',6,56),(' a%J|RB',20,'13_01_05_101_01_03_53_0020',NULL,NULL,NULL,'06 De Enero','536-A',0,63),(' lMu$',8,'13_01_05_101_01_03_5_0008',NULL,'-8.071670','-79.058322','San Pablo','340',0,84),(' K̚;\"Z(',13,'13_01_05_101_01_03_28_0013',NULL,'-8.071539','-79.057123','San Pedro','SIN NUMERO',0,79),(' #J$',3,'13_01_05_101_01_03_46_0003','SAPEV0000002508','-8.070458','-79.054341','6 De Enero','443',0,70),('!qyJunC',20,'13_01_05_101_01_03_10_0020',NULL,'-8.069408','-79.059362','San Pablo','575A',0,91),('!IR\07',5,'13_01_05_101_01_03_9_0005',NULL,NULL,NULL,'San Pedro','535',0,82),('!C~KZ`V',39,'13_01_05_101_01_02_81_0039',NULL,'-8.067099','-79.054021','Los Cedros','660',6,52),('\"H%E*r:M',3,'13_01_05_101_01_03_7_0003',NULL,'-8.070018','-79.058337','San Lucas','477B',0,83),('\"ss3/AP\'\rק',7,'13_01_05_101_01_02_81_0007',NULL,'-8.066341','-79.053716','Los Robles','711',4,52),('\"*KCG+}j',16,'13_01_05_101_01_03_45_0016',NULL,'-8.068488','-79.056613','6 De Enero','585A',0,71),('#AzF5\"',14,'13_01_05_101_01_03_45_0014',NULL,'-8.068500','-79.056966','6 De Enero','593',0,71),('#p\\hD#',6,'13_01_05_101_01_02_77_0006',NULL,'-8.064310','-79.055442','Los Cedros','951',5,56),('#$Dթb/B',16,'13_01_05_101_01_03_33_0016',NULL,'-8.071264','-79.056379','Los Reyes','310',0,74),('$\")KL	>5&.',9,'13_01_05_101_01_02_81_0009',NULL,'-8.066622','-79.053558','Los Robles','705',4,52),('$-\\SG=',17,'13_01_05_101_01_03_27_0017',NULL,'-8.070738','-79.057634','San Lucas','400',0,80),('$7GAa]',14,'13_01_05_101_01_03_53_0014',NULL,'-8.069693','-79.056137','06 De Enero','440',0,63),('$iOrH',23,'13_01_05_101_01_02_80_0023',NULL,'-8.065167','-79.054104','Los Robles','793',0,51),('%wBxYԻI',10,'13_01_05_101_01_03_45_0010',NULL,'-8.068570','-79.057168','Aviacion','839',0,71),('&tZD_7',10,'13_01_05_101_01_03_26_0010',NULL,'-8.069026','-79.058625','San Lucas','598',0,81),('&\"\nFG[t',2,'13_01_05_101_01_03_5_0002','SAPEV0000004613','-8.071287','-79.058329','San Jose','995',0,84),('&8\ruHF#',16,'13_01_05_101_01_02_76_0016',NULL,'-8.064412','-79.055517','Jr. Atlantida','403',8,55),('&lIrOD',21,'13_01_05_101_01_03_35_0021',NULL,'-8.068796','-79.057408','Jr. Los Reyes','549',0,72),('\'>i@_D!9qJ',6,'13_01_05_101_01_03_46_0006',NULL,'-8.070329','-79.056510','Los Reyes','407',0,70),('\'2;B`[!R',22,'13_01_05_101_01_02_81_0022',NULL,'-8.066982','-79.053603','Los Robles','619',5,52),('\',2Jd',40,'13_01_05_101_01_03_33_0040',NULL,NULL,NULL,'San Jose','798',0,74),('(ӵ-pCT\'',14,'13_01_05_101_01_03_7_0014',NULL,'-8.070633','-79.058161','San Lucas','419',0,83),(')LB7AG^Vwa',40,'13_01_05_101_01_02_81_0040',NULL,'-8.066976','-79.054238','Los Cedros','662',0,52),(')W43E\0+xej\r',18,'13_01_05_101_01_03_46_0018',NULL,'-8.069742','-79.057090','Los Reyes','441',0,70),(')j]TK&+ɔ',21,'13_01_05_101_01_03_45_0021',NULL,'-8.068609','-79.056516','6 De Enero','533',0,71),(')@IPnAPQ',1,'13_01_05_101_01_03_52_0001',NULL,'-8.070251','-79.055076','25 De Diciembre','396',0,64),(')I}OMv',33,'13_01_05_101_01_03_28_0033',NULL,'-8.071383','-79.057807','San Lucas','350',0,79),('*Ap}6',29,'13_01_05_101_01_02_74_0029',NULL,'-8.066771','-79.054111','Los Cedros','619',1,53),('*VE\"c',24,'13_01_05_101_01_02_80_0024',NULL,'-8.065370','-79.054517','Los Robles','789',6,51),('*HmB82VBT',12,'13_01_05_101_01_03_26_0012',NULL,'-8.068796','-79.058043','San Pedro','599',0,81),('+II/[ӓ',27,'13_01_05_101_01_03_46_0027',NULL,'-8.069233','-79.056336','6 De Enero','499',0,70),('+YHV\r(H=è܈',15,'13_01_05_101_01_03_35_0015',NULL,'-8.068771','-79.057850','Aviacion','881',0,72),('+G>Q',23,'13_01_05_101_01_03_5_0023',NULL,'-8.071711','-79.057753','San Lucas','351',0,84),(',0NB:s\rhm',30,'13_01_05_101_01_03_53_0030',NULL,'-8.069154','-79.055659','25 De Diciembre','457',0,63),(',<MM/.`',4,'13_01_05_101_01_02_77_0004',NULL,'-8.063987','-79.055459','Los Cedros','943',4,56),(',C+f@wj',17,'13_01_05_101_01_03_26_0017',NULL,'-8.069203','-79.057948','San Pedro','539',0,81),(',Dx˷I',5,'13_01_05_101_01_03_10_0005',NULL,'-8.069777','-79.059729','Cahuide','487',0,91),(',TB}F',5,'13_01_05_101_01_03_47_0005',NULL,'-8.070417','-79.056652','San Jose','685',0,69),(',~Equ{',17,'13_01_05_101_01_03_52_0017',NULL,NULL,NULL,'25 De Diciembre','309',0,64),('-\nMFL9q\rHa',13,'13_01_05_101_01_03_9_0013',NULL,'-8.069102','-79.059063','Aviacion','1012',0,82),('-wC4G5p#d',21,'13_01_05_101_01_03_46_0021',NULL,'-8.069478','-79.056924','Salaverry','443',0,70),('-6DӉY0',23,'13_01_05_101_01_03_35_0023',NULL,'-8.068971','-79.057092','Los Reyes','533',0,72),('.#\ZZKTrK',3,'13_01_05_101_01_02_79_0003',NULL,'-8.064446','-79.054876','Los Cedros','824 - 832',3,50),('.) EHM\ZtS',10,'13_01_05_101_01_03_34_0010',NULL,'-8.069916','-79.056855','Reyes','450',0,73),('/CCkBra',19,'13_01_05_101_01_03_34_0019',NULL,'-8.070482','-79.056909','San Jose','706',0,73),('/YP<LكB`>3',18,'13_01_05_101_01_02_76_0018',NULL,'-8.064359','-79.055477','Jr. Atlantida','450',12,55),('/q}mK;,X8P',6,'13_01_05_101_01_02_74_0006',NULL,'-8.066987','-79.054510','Garcilaso De La Vega','118',1,53),('/YEKQ%)cR',9,'13_01_05_101_01_03_66_0009',NULL,'-8.070595','-79.054487','Natividad','323',0,59),('/0A޿g	y',12,'13_01_05_101_01_03_53_0012',NULL,'-8.069392','-79.056183','06 De Enero','456',0,63),('/8OC	',2,'13_01_05_101_01_02_74_0002',NULL,'-8.066887','-79.054332','Garcilaso De La Vega','116 A',0,53),('0FC3܋R%}',1,'13_01_05_101_01_03_65_0001',NULL,'-8.069808','-79.055073','San Jose','460',0,60),('0&k1{Lu&1\n!',35,'13_01_05_101_01_03_28_0035',NULL,'-8.071264','-79.057841','San Lucas','376',0,79),('0dlcI7}|',8,'13_01_05_101_01_03_52_0008',NULL,'-8.070425','-79.055174','25 De Diciembre','359',0,64),('0\"\nBnS{u',16,'13_01_05_101_01_02_75_0016',NULL,'-8.065887','-79.055301','Nicolás De Pierola','240',1,54),('0H8.q.',11,'13_01_05_101_01_03_66_0011',NULL,'-8.070322','-79.054489','Natividad','339',0,59),('08+E6 =3^',38,'13_01_05_101_01_03_52_0038',NULL,NULL,NULL,'6 De Enero','398 - E',0,64),('0NS㾰:C',21,'13_01_05_101_01_02_76_0021',NULL,'-8.064575','-79.055778','Nicolas De Pierola','S/n',0,55),('1pGӜ+T\r^',12,'13_01_05_101_01_02_74_0012',NULL,'-8.066788','-79.054916','Nicolas De Pierola','170',7,53),('1J2DfgOǍ%',29,'13_01_05_101_01_03_47_0029',NULL,'-8.070729','-79.055821','6 De Enero','357',0,69),('2B5F崲UmX',21,'13_01_05_101_01_03_10_0021',NULL,NULL,NULL,'San Pablo','575B',0,91),('2`Jn_0',31,'13_01_05_101_01_02_81_0031',NULL,'-8.067455','-79.053835','Los Cedros','618 A',3,52),('3<Eüj&u',38,'13_01_05_101_01_03_34_0038',NULL,'-8.069486','-79.057455','Salaberri','895',0,73),('3s7J\\:D#',25,'13_01_05_101_01_03_45_0025',NULL,'-8.068948','-79.056503','6 De Enero','509',0,71),('37`M2@i3',11,'13_01_05_101_01_03_27_0011',NULL,'-8.069887','-79.057759','San Pedro','413',0,80),('4M)HA]m',10,'13_01_05_101_01_03_65_0010',NULL,'-8.069248','-79.054833','Natividad','455',0,60),('4jf=NpPO',28,'13_01_05_101_01_02_77_0028',NULL,'-8.064331','-79.055591','Atlantida','442',4,56),('4@_9X',16,'13_01_05_101_01_03_65_0016',NULL,'-8.068914','-79.055043','Natividad','483',0,60),('4OLN $%',27,'13_01_05_101_01_03_65_0027',NULL,'-8.069394','-79.055630','25 De Diciembre','444',0,60),('4+FS?m',12,'13_01_05_101_01_03_46_0012',NULL,'-8.070158','-79.056747','Los Reyes','417',0,70),('4c_O{`[3',17,'13_01_05_101_01_02_75_0017',NULL,'-8.065658','-79.055232','Nicolás De Pierola','246',0,54),('5*,bE<x',9,'13_01_05_101_01_03_5_0009',NULL,'-8.071786','-79.058339','San Pablo','346',0,84),('5\rPNjk',14,'13_01_05_101_01_02_79_0014',NULL,'-8.064196','-79.054550','Los Robles','839',3,50),('6 qDFV 4',7,'13_01_05_101_01_02_80_0007',NULL,'-8.065841','-79.054491','Los Cedros','724',4,51),('6\']M6FOQn@',22,'13_01_05_101_01_03_28_0022','SAPEV0000004310','-8.071971','-79.057543','San Lucas','300',0,79),('6M?L3ayt',32,'13_01_05_101_01_03_28_0032',NULL,'-8.071290','-79.057836','San Lucas','348',0,79),('70>7OA1T',30,'13_01_05_101_01_03_28_0030',NULL,NULL,NULL,'San Lucas','342 - 338',0,79),('7c\rCRZ}Xm\0',23,'13_01_05_101_01_03_27_0023',NULL,'-8.070543','-79.058131','San Lucas','444',0,80),('7p!Fä\ZN',20,'13_01_05_101_01_02_80_0020',NULL,'-8.064921','-79.054438','Canal De Suez','437',0,51),('7DqDU텝3',4,'13_01_05_101_01_02_78_0004',NULL,'-8.063955','-79.055317','Los Cedros','924',2,49),('8i)sEhW',15,'13_01_05_101_01_03_26_0015',NULL,NULL,NULL,'San Pedro','559',0,81),('8qF-ɔN`',26,'13_01_05_101_01_02_74_0026',NULL,'-8.066625','-79.054448','Los Cedros','635A',0,53),('8kIKͅ,,XC',24,'13_01_05_101_01_03_65_0024',NULL,'-8.069357','-79.055438','25 Del Diciembre','428_420',0,60),('8OyMcKd',4,'13_01_05_101_01_03_34_0004',NULL,'-8.069491','-79.056983','Reyes','490',0,73),('8}<EUΫ',1,'13_01_05_101_01_02_81_0001',NULL,'-8.066312','-79.054525','Los Cedros','696',1,52),('8/@Hm[Ծ*',1,'13_01_05_101_01_03_5_0001',NULL,'-8.071054','-79.058221','San Jose','945',0,84),('8	T?NA5ONW',1,'13_01_05_101_01_03_33_0001',NULL,NULL,NULL,'Los Reyes','396',0,74),('8PhFlޱ',10,'13_01_05_101_01_03_52_0010',NULL,NULL,NULL,'25 De Diciembre','347',0,64),('99KcHlOծ',18,'13_01_05_101_01_03_66_0018',NULL,'-8.069866','-79.054739','Natividad','497',0,59),('9HLŰa\nm',1,'13_01_05_101_01_02_78_0001',NULL,'-8.064084','-79.055379','Los Cedros','900 A',0,49),('9[Im)',36,'13_01_05_101_01_03_54_0036',NULL,'-8.068395','-79.056516','6 De Enero','598',0,62),('9KJK\0:GL[I',34,'13_01_05_101_01_02_76_0034',NULL,'-8.065058','-79.055217','Canal De Suez','506',0,55),(':JNq',41,'13_01_05_101_01_03_52_0041',NULL,'-8.070477','-79.055786','6 De Enero','398 - B',0,64),(':/)ʎL:[-',16,'13_01_05_101_01_03_7_0016','SAPEV0000001110','-8.070921','-79.058301','San Lucas','415',0,83),(':eѪH:C״b3[',23,'13_01_05_101_01_03_46_0023',NULL,'-8.069102','-79.056804','Salaverry','439',0,70),(':yqhFlE\Z',2,'13_01_05_101_01_03_35_0002','SAPEV0000002306','-8.069474','-79.057270','Salaverry','824',0,72),(':ؗGݫb',16,'13_01_05_101_01_03_52_0016',NULL,NULL,NULL,'25 De Diciembre','313',0,64),(':[A#f	bq8',3,'13_01_05_101_01_03_66_0003',NULL,'-8.070939','-79.054554','Santa Magdalena','340',0,59),(';®_?E%s[L6',3,'13_01_05_101_01_03_45_0003',NULL,'-8.069222','-79.056750','Salaberry','498',0,71),('<.ٶ@`<-',2,'13_01_05_101_01_02_80_0002',NULL,'-8.066128','-79.054709','Los Cedros','704',0,51),('=DaoMjc',10,'13_01_05_101_01_03_7_0010',NULL,'-8.070460','-79.058216','San Lucas','459',0,83),('=AA$S:',8,'13_01_05_101_01_03_64_0008',NULL,'-8.068273','-79.055329','Aviacion','605',0,61),('=탊Jә\0B4',18,'13_01_05_101_01_03_34_0018',NULL,'-8.070360','-79.056743','San Jose','104',0,73),('>	\nFoqG:E',6,'13_01_05_101_01_03_34_0006',NULL,'-8.069744','-79.056979','Reyes','464',0,73),('>KQk8',10,'13_01_05_101_01_02_77_0010',NULL,'-8.063384','-79.055488','Los Cedros','941',0,56),('>nTAXl$&',2,'13_01_05_101_01_02_75_0002',NULL,'-8.066541','-79.054665','Los Cedros','701',6,54),('?&+GAe',22,'13_01_05_101_01_02_75_0022',NULL,'-8.065577','-79.055388','Nicolás De Pierola','268',0,54),('?uCqCj25B',13,'13_01_05_101_01_03_45_0013',NULL,'-8.068548','-79.057062','Aviacion','813',0,71),('?v(FȐ*',2,'13_01_05_101_01_03_64_0002',NULL,'-8.068515','-79.055213','Natividad','525',0,61),('@#\ruKE1\Z.\\V',10,'13_01_05_101_01_02_76_0010',NULL,NULL,NULL,'Los Cedros','881-A',1,55),('@$Y:CϚ[\"\Z-',8,'13_01_05_101_01_02_77_0008',NULL,'-8.063688','-79.055457','Los Cedros','967',0,56),('@A~O5/J',35,'13_01_05_101_01_03_54_0035',NULL,'-8.068195','-79.056160','Aviacion','751',0,62),('@\0_DA7]$ɝ',3,'13_01_05_101_01_02_77_0003',NULL,'-8.063988','-79.055502','Los Cedros','933',4,56),('@}9e@\'$q6P',18,'13_01_05_101_01_03_45_0018',NULL,'-8.068276','-79.056314','6 De Enero','565',0,71),('@/ExfMR',27,'13_01_05_101_01_03_7_0027',NULL,'-8.070748','-79.058694','San Pablo','428',0,83),('@ؕCBԶ;X h',18,'13_01_05_101_01_03_7_0018',NULL,'-8.070327','-79.058154','San Lucas','473',0,83),('AFWK_CM',12,'13_01_05_101_01_03_5_0012',NULL,'-8.072044','-79.058286','San Pablo','320',0,84),('ACߠ2S|',15,'13_01_05_101_01_03_46_0015',NULL,NULL,NULL,'Los Reyes','431',0,70),('AE\Zڶ9',15,'13_01_05_101_01_03_5_0015',NULL,'-8.072235','-79.057951','Santa Magdalena','898',0,84),('AdmDwQ',41,'13_01_05_101_01_02_81_0041',NULL,'-8.066964','-79.054177','Los Cedros','666',0,52),('Aв\\Nߡ=',3,'13_01_05_101_01_03_52_0003',NULL,'-8.070110','-79.055665','25 De Diciembre','393',0,64),('Ař,H;pO?\r',3,'13_01_05_101_01_03_53_0003',NULL,NULL,NULL,'25 De Diciembre','647',0,63),('AtC3~+w',44,'13_01_05_101_01_03_52_0044',NULL,'-8.070133','-79.055635','San Jose','515',0,64),('BK	7NB\Z_U',26,'13_01_05_101_01_02_77_0026',NULL,'-8.064287','-79.055810','Atlantida','448',0,56),('BP:b\":H/\'#%j',26,'13_01_05_101_01_03_65_0026',NULL,'-8.069349','-79.055369','25 De Diciembre','436',0,60),('ByeLB+`ְ',5,'13_01_05_101_01_02_76_0005',NULL,'-8.064673','-79.055091','Los Cedros','861',5,55),('B2lBĴ\\W.YP',8,'13_01_05_101_01_03_10_0008',NULL,'-8.069842','-79.059459','Cahuide','520',0,91),('COC	\"',29,'13_01_05_101_01_03_34_0029',NULL,'-8.070024','-79.057496','San Pedro','446',0,73),('DBWlN',22,'13_01_05_101_01_03_5_0022',NULL,'-8.071715','-79.057752','San Lucas','349',0,84),('Dv$BMXKB',17,'13_01_05_101_01_03_47_0017',NULL,'-8.071140','-79.056155','Los Reyes','305',0,69),('Dׁ!vH_IL',12,'13_01_05_101_01_03_65_0012',NULL,'-8.069081','-79.054901','Natividad','465',0,60),('D_O\Z6s{',10,'13_01_05_101_01_03_66_0010',NULL,'-8.070530','-79.054486','Natividaf','329',0,59),('EWLgSGg',21,'13_01_05_101_01_02_75_0021',NULL,'-8.065592','-79.055386','Nicolás De Pierola','266',6,54),('EXW<L#ھSq',9,'13_01_05_101_01_03_27_0009',NULL,'-8.069858','-79.057776','San Pedro','439',0,80),('Fp+IU',13,'13_01_05_101_01_02_80_0013',NULL,'-8.065625','-79.054643','Los Cedros','744',0,51),('FWy\0NE:ܪco',30,'13_01_05_101_01_02_76_0030',NULL,'-8.065036','-79.055493','Canal De Suez','514',2,55),('FԵQF秱l',3,'13_01_05_101_01_03_7_0003',NULL,'-8.069939','-79.058431','San Lucas','477',0,83),('G\"ONerx',15,'13_01_05_101_01_03_7_0015',NULL,'-8.070689','-79.058138','San Lucas','419 A',0,83),('GWA8D|=N',7,'13_01_05_101_01_03_47_0007',NULL,'-8.070757','-79.056601','Los Reyes','380',0,69),('H\"(CCxgT	',8,'13_01_05_101_01_03_54_0008',NULL,'-8.068833','-79.055809','25 De Dicienbre','533',0,62),('H\\EHI2S	',33,'13_01_05_101_01_03_9_0033',NULL,'-8.069828','-79.058776','Salaverry','496',0,82),('H~)FM?\0I',17,'13_01_05_101_01_02_79_0017',NULL,'-8.065003','-79.054904','Los Cedros','800',0,50),('HY.D#xog',26,'13_01_05_101_01_03_52_0026',NULL,'-8.071359','-79.055567','6 De Enero','302',0,64),('HJI\ZT\Z',16,'13_01_05_101_01_03_26_0016',NULL,NULL,NULL,'San Pedro','555',0,81),('IѢJM뺫jC%',20,'13_01_05_101_01_03_28_0020',NULL,NULL,NULL,'San Pedro','792',0,79),('I#[VH/v3[',28,'13_01_05_101_01_03_27_0028',NULL,'-8.070165','-79.058096','San Lucas','480',0,80),('ImK+*Ym',19,'13_01_05_101_01_03_64_0019',NULL,'-8.068420','-79.055746','25 De Diciembre','582',0,61),('I\0=QMf',22,'13_01_05_101_01_03_35_0022',NULL,'-8.068982','-79.057304','Los Reyes','535',0,72),('J!WA`^D',8,'13_01_05_101_01_03_65_0008',NULL,'-8.069407','-79.054844','Natividad','443',0,60),('J8bBeCU',20,'13_01_05_101_01_03_66_0020',NULL,'-8.070134','-79.055308','25 De Diciembre','394',0,59),('JAU|Mf\0DF\Z',14,'13_01_05_101_01_03_47_0014',NULL,'-8.071200','-79.056403','Los Reyes','313',0,69),('JYU(Ah;,mE',9,'13_01_05_101_01_03_28_0009','SAPEV0000001312','-8.071332','-79.057139','San Pedro','329',0,79),('KciLLO`J<i]%',18,'13_01_05_101_01_02_74_0018',NULL,'-8.066443','-79.054949','Pacífico','589',6,53),('Kz7AV07s',24,'13_01_05_101_01_03_64_0024',NULL,'-8.065335','-79.054121','Salaverry','550',0,61),('KsKDχc',7,'13_01_05_101_01_03_46_0007','SAPEV0000003013','-8.070458','-79.054340','Los Reyes','413',0,70),('Km.B6S\Z!l',34,'13_01_05_101_01_03_47_0034',NULL,'-8.070323','-79.055752','6 De Enero','375',0,69),('LbH',1,'13_01_05_101_01_03_26_0001',NULL,'-8.069537','-79.058256','San Lucas','500',0,81),('LuJF',28,'13_01_05_101_01_03_5_0028',NULL,'-8.071314','-79.057869','San Lucas','381',0,84),('L6NBcsNLAyT',16,'13_01_05_101_01_03_64_0016',NULL,'-8.068213','-79.055762','25 De Diciembre','593-B',0,61),('L\'L]O2',23,'13_01_05_101_01_03_64_0023',NULL,NULL,NULL,'Salaverry','S/N',0,61),('LY?EU=۝',19,'13_01_05_101_01_03_66_0019',NULL,'-8.069913','-79.054954','San Jose','413',0,59),('M@xfDtM4[',7,'13_01_05_101_01_03_34_0007',NULL,'-8.069748','-79.056968','Reyes','458',0,73),('Mt뵔I?2*e\'',28,'13_01_05_101_01_03_47_0028',NULL,'-8.070790','-79.055825','6 De Enero','351',0,69),('MĲhJPN',25,'13_01_05_101_01_02_74_0025',NULL,'-8.066570','-79.054456','Los Cedros','635-639',0,53),('MʫkJcW&M.',5,'13_01_05_101_01_03_54_0005',NULL,'-8.068743','-79.055749','25 De Diciembrw','509',0,62),('N0p3KANmj',19,'13_01_05_101_01_03_45_0019',NULL,'-8.068596','-79.056511','6 De Enero','555',0,71),('NA\0[\\Mѻ6$\\˕',8,'13_01_05_101_01_02_74_0008',NULL,'-8.067055','-79.054849','Nicolas De Pierola','120',10,53),('NhF> q!',1,'13_01_05_101_01_02_80_0001',NULL,'-8.066211','-79.054302','Los Cedros','700',3,51),('O[NNr`',34,'13_01_05_101_01_03_28_0034',NULL,'-8.071333','-79.057837','San Lucas','366',0,79),('OdyIFFҟ',6,'13_01_05_101_01_03_54_0006',NULL,NULL,NULL,'25 De Diciembre','517',0,62),('O	O	dy',11,'13_01_05_101_01_03_7_0011',NULL,'-8.070511','-79.058115','San Lucas','449',0,83),('PȥE|=,',9,'13_01_05_101_01_02_78_0009',NULL,'-8.063731','-79.055351','Los Cedros','962',7,49),('PLB&Ls{Z',19,'13_01_05_101_01_03_33_0019',NULL,'-8.071401','-79.056418','Santa Magdalena','600',0,74),('QpHcK#.;',20,'13_01_05_101_01_02_81_0020',NULL,'-8.067170','-79.053534','Los Robles','509',0,52),('RʈON3[\\',15,'13_01_05_101_01_02_79_0015',NULL,'-8.064213','-79.054525','Los Robles','833',4,50),('R-=&K0=-o',17,'13_01_05_101_01_03_5_0017',NULL,'-8.072008','-79.057648','San Lucas','313',0,84),('RO]D}FKw',26,'13_01_05_101_01_02_81_0026',NULL,'-8.067128','-79.053712','Aviacion','430 A',0,52),('RtMl3s',31,'13_01_05_101_01_03_34_0031',NULL,'-8.069996','-79.057513','San Pedro','488',0,73),('RWH-+fɒuA[',18,'13_01_05_101_01_03_27_0018',NULL,NULL,NULL,'San Lucas','408',0,80),('S%FƯL2ou',4,'13_01_05_101_01_03_26_0004',NULL,'-8.069523','-79.058416','San Lucas','520',0,81),('S,\\jINss',25,'13_01_05_101_01_02_80_0025',NULL,'-8.065308','-79.054333','Los Robles','783',0,51),('S/KóJ',34,'13_01_05_101_01_03_34_0034',NULL,'-8.069814','-79.057549','San Pedro','496 A',0,73),('SS\'%N+dI\"',24,'13_01_05_101_01_02_77_0024',NULL,'-8.064167','-79.055893','Nicolas De Pierola','410',2,56),('S<Ay2Is',9,'13_01_05_101_01_03_45_0009',NULL,'-8.068804','-79.057268','Aviacion','841',0,71),('SubB,@~P',7,'13_01_05_101_01_03_27_0007',NULL,NULL,NULL,'San Pedro','443',0,80),('SL)퀊',45,'13_01_05_101_01_03_33_0045',NULL,'-8.070870','-79.056667','Los Reyes','380-A',0,74),('T{;\'yAxot',27,'13_01_05_101_01_02_81_0027',NULL,'-8.067558','-79.053728','Los Cedros','606 A',2,52),('T|tLϝ.~',31,'13_01_05_101_01_03_9_0031',NULL,'-8.069830','-79.059047','San Pablo','508',0,82),('Td/WE\"njh',37,'13_01_05_101_01_03_54_0037',NULL,'-8.068515','-79.056506','6 De Enero','590',0,62),('TleLr[$\\',12,'13_01_05_101_01_02_78_0012',NULL,'-8.063549','-79.055418','Los Cedros','986',0,49),('UZdNIH\0]',25,'13_01_05_101_01_03_34_0025',NULL,'-8.070310','-79.057388','San Pedro','414 A',0,73),('UݕyO8ɑɜ',5,'13_01_05_101_01_03_28_0005','SAPEV0000003300',NULL,NULL,'San Pedro','347',0,79),('UӚqHؿ%f',17,'13_01_05_101_01_03_28_0017',NULL,'-8.071819','-79.056996','San Pedro','301 - A',0,79),('Vyi0OWW˗/C',12,'13_01_05_101_01_02_80_0012',NULL,'-8.065741','-79.054690','Los Cedros','736',7,51),('VtAWy.*',8,'13_01_05_101_01_02_78_0008',NULL,'-8.063848','-79.055332','Los Cedros','948',8,49),('WADg',2,'13_01_05_101_01_03_45_0002','SAPEV0000004815','-8.069100','-79.056721','Salaberry','482',0,71),('W&o9I4',21,'13_01_05_101_01_02_80_0021',NULL,'-8.064963','-79.054355','Los Robles','799',0,51),('W|Mte=5',9,'13_01_05_101_01_03_26_0009',NULL,'-8.069095','-79.058568','San Lucas','596',0,81),('W	uOO02i+',16,'13_01_05_101_01_03_46_0016',NULL,'-8.069789','-79.056875','Los Reyes','437',0,70),('W\'NXȨ',1,'13_01_05_101_01_03_35_0001','SAPEV0000001801','-8.069310','-79.057341','Jr. Los Reyes','507',0,72),('X~dHg!Yp',17,'13_01_05_101_01_03_33_0017',NULL,'-8.071279','-79.056347','Los Reyes','304',0,74),('XTtNr-I=',17,'13_01_05_101_01_03_34_0017',NULL,'-8.070339','-79.056739','Los Reyes','412',0,73),('XO[5HKϽ',3,'13_01_05_101_01_03_35_0003',NULL,'-8.069329','-79.057379','Salaverry','830',0,72),('Xa>V\rDSP}n_',8,'13_01_05_101_01_03_53_0008',NULL,NULL,NULL,'06 De Enero','478',0,63),('XtDJ9w=\Z',19,'13_01_05_101_01_03_9_0019',NULL,'-8.069216','-79.059247','San Pablo','598',0,82),('X C[&+`,',22,'13_01_05_101_01_03_46_0022',NULL,'-8.069069','-79.056825','Salaverry','441',0,70),('Y??CDZSS',8,'13_01_05_101_01_02_80_0008',NULL,'-8.065853','-79.054470','Los Cedros','726',4,51),('YHAo}Kq',18,'13_01_05_101_01_03_65_0018',NULL,'-8.068801','-79.055133','Natividad','499',0,60),('YbM0]A\rHō',31,'13_01_05_101_01_03_7_0031',NULL,'-8.070516','-79.058782','San Pablo','448',0,83),('YQIB_;H',7,'13_01_05_101_01_03_5_0007',NULL,'-8.071655','-79.058428','San Pablo','364',0,84),('YDF$9',2,'13_01_05_101_01_03_34_0002',NULL,'-8.069432','-79.057066','Reyes','496',0,73),('ZJ\'KZ|2(',1,'13_01_05_101_01_03_34_0001',NULL,'-8.069389','-79.057063','Reyes','498',0,73),('Z@>MD3',11,'13_01_05_101_01_03_65_0011',NULL,'-8.069216','-79.054840','Natividad','463',0,60),('ZAۮjJ΍A$',35,'13_01_05_101_01_02_81_0035',NULL,'-8.067161','-79.053883','Los Cedros','648',0,52),('ZU]EaXϬqa',18,'13_01_05_101_01_03_26_0018',NULL,'-8.069321','-79.057894','San Pedro','535',0,81),('ZkEg$L)⪒',18,'13_01_05_101_01_02_75_0018',NULL,'-8.065633','-79.055301','Nicolás De Pierola','252',0,54),('ZV`A 6&̔5',32,'13_01_05_101_01_03_27_0032',NULL,'-8.069927','-79.058269','San Lucas','498A',0,80),('ZלEI:W\Z',10,'13_01_05_101_01_03_9_0010',NULL,NULL,NULL,'San Lucas','577',0,82),('Z\rDՎ#<\n',14,'13_01_05_101_01_02_80_0014',NULL,'-8.065499','-79.054703','Los Cedros','748',8,51),('[p_ZFr|$*b',7,'13_01_05_101_01_03_7_0007',NULL,'-8.070323','-79.058245','San Lucas','475',0,83),('[!=F|iu',10,'13_01_05_101_01_03_53_0010',NULL,'-8.069370','-79.056176','06 De Enero','460',0,63),('\\8KǊ',3,'13_01_05_101_01_03_26_0003',NULL,'-8.069574','-79.058397','San Lucas','504',0,81),('\\DKG\"X_',26,'13_01_05_101_01_03_5_0026',NULL,'-8.071536','-79.057808','San Lucas','371',0,84),('\\xLhLq@j',15,'13_01_05_101_01_02_76_0015',NULL,'-8.064353','-79.055186','Los Cedros','899-C',7,55),('\\LF;E4',27,'13_01_05_101_01_03_34_0027',NULL,'-8.070132','-79.057534','San Pedro','432',0,73),(']@`Cײ',13,'13_01_05_101_01_03_64_0013',NULL,'-8.067999','-79.055660','Aviacion','625',0,61),(']N+.L\"̱Uw',14,'13_01_05_101_01_03_26_0014',NULL,'-8.068875','-79.058098','San Pedro','559-A',0,81),('^\Z\roGªƍ',16,'13_01_05_101_01_03_27_0016',NULL,'-8.070619','-79.057462','San Pedro','401A',0,80),('^n؂E͔^~0',18,'13_01_05_101_01_03_10_0018',NULL,'-8.069506','-79.059253','San Pablo','559',0,91),('_CBvm8>(',36,'13_01_05_101_01_03_33_0036',NULL,'-8.071231','-79.056888','San Pedro','372',0,74),('`JM*ߘ|',9,'13_01_05_101_01_03_64_0009',NULL,'-8.068130','-79.055355','Aviacion','615',0,61),('aW_Ikz{',42,'13_01_05_101_01_03_52_0042',NULL,'-8.070463','-79.055827','6 De Enero','398 A',0,64),('a@Ka[Ԓ_',35,'13_01_05_101_01_03_46_0035',NULL,'-8.069723','-79.056289','6 De Enero','485',0,70),('as8FCc\0H(#',17,'13_01_05_101_01_02_80_0017',NULL,'-8.065372','-79.054717','Los Cedros','780',5,51),('a^ImѿG',6,'13_01_05_101_01_03_35_0006',NULL,'-8.069383','-79.057656','San Pedro','506',0,72),('b!oEC_~Di',16,'13_01_05_101_01_03_10_0016',NULL,'-8.069708','-79.059282','Juan Pablo','535',0,91),('b	GAn1',35,'13_01_05_101_01_03_33_0035',NULL,NULL,NULL,'San Pedro','348',0,74),('b*lz<MJ?.\\mf',16,'13_01_05_101_01_03_34_0016',NULL,'-8.070150','-79.056768','Los Reyes','418',0,73),('c\0NiH',58,'13_01_05_101_01_01_102_0058','SAPEV0000000807',NULL,NULL,'Test 01','23',0,14),('c:I,9е[',6,'13_01_05_101_01_02_80_0006',NULL,'-8.065929','-79.054387','Los Cedros','720',4,51),('dpG@T5',25,'13_01_05_101_01_03_64_0025',NULL,'-8.065335','-79.054121','Salaverry','532',0,61),('do,\'wLPX	',3,'13_01_05_101_01_03_5_0003',NULL,'-8.071082','-79.058514','San Jose','934',0,84),('d%0JEJ@?',15,'13_01_05_101_01_03_65_0015',NULL,'-8.069011','-79.054986','Natividad','477',0,60),('d\'/L&F{',2,'13_01_05_101_01_03_66_0002',NULL,'-8.071025','-79.054614','Santa Magdalena','370',0,59),('dR.DDKBM?',29,'13_01_05_101_01_03_66_0029',NULL,'-8.070796','-79.055015','25 De Diciembre','328',0,59),('d[\"D_H',20,'13_01_05_101_01_03_64_0020',NULL,'-8.068609','-79.055806','25 De Diciembre','558',0,61),('dpUFǇpW_',23,'13_01_05_101_01_02_81_0023',NULL,'-8.067167','-79.053369','Los Robles','601',2,52),('d.iL惭]\r',24,'13_01_05_101_01_02_75_0024',NULL,'-8.065104','-79.054872','Los Cedros','795',1,54),('f[g~YLߴ~t(7',2,'13_01_05_101_01_03_54_0002','SAPEV0000001009','-8.068895','-79.055996','6 De Enero','412',0,62),('fhVN)!\n+',7,'13_01_05_101_01_03_53_0007',NULL,'-8.069129','-79.056232','06 De Enero','490-A',0,63),('fZOL7\0',17,'13_01_05_101_01_03_65_0017',NULL,'-8.068895','-79.055082','Natividad','485',0,60),('g[^C1DZ',22,'13_01_05_101_01_03_7_0022',NULL,'-8.071100','-79.058557','San Pablo','400',0,83),('gїիZGtݽ',22,'13_01_05_101_01_02_76_0022',NULL,'-8.064728','-79.055882','Nicolas De Pierola','366',3,55),('hJiIѺhd',9,'13_01_05_101_01_03_34_0009','SAPEV0000002104','-8.069833','-79.057042','Reyes','452',0,73),('i`B\n)ld',29,'13_01_05_101_01_02_75_0029',NULL,'-8.065640','-79.054786','Los Cedros','757',0,54),('i\rH@\0l',37,'13_01_05_101_01_03_33_0037',NULL,'-8.071032','-79.057050','San Pedro','380',0,74),('iUEpNR-^xX0',39,'13_01_05_101_01_03_54_0039',NULL,'-8.068629','-79.056393','6 De Enero','570',0,62),('j0A+1-',19,'13_01_05_101_01_03_65_0019',NULL,'-8.069652','-79.055289','25 De Diciembre','402',0,60),('jpJClBl<',31,'13_01_05_101_01_03_53_0031',NULL,NULL,NULL,'25 De Diciembre','487',0,63),('j絼L',6,'13_01_05_101_01_03_66_0006',NULL,'-8.070917','-79.054436','Natividad','309',0,59),('k\"\ZOnq',25,'13_01_05_101_01_03_47_0025',NULL,'-8.070918','-79.055738','6 De Enero','329',0,69),('k5ERDfX5',18,'13_01_05_101_01_03_28_0018',NULL,'-8.071818','-79.057033','Magdalena','710',0,79),('lA>\n1',28,'13_01_05_101_01_02_75_0028',NULL,'-8.065586','-79.054904','Los Cedros','761',10,54),('lב A?s',10,'13_01_05_101_01_03_35_0010',NULL,'-8.069125','-79.057842','San Pedro','540',0,72),('m2DGz%<',15,'13_01_05_101_01_03_33_0015',NULL,'-8.071267','-79.056393','Los Reyes','312',0,74),('m&!\0MLڊ`T',1,'13_01_05_101_01_03_47_0001','SAPEV0000001902',NULL,NULL,'San Jose','399',0,69),('m\0G\Z7u',18,'13_01_05_101_01_03_65_0018',NULL,'-8.069506','-79.055303','25 Deciembre','400',0,60),('n2I\'\" 	',6,'13_01_05_101_01_02_79_0006',NULL,'-8.064268','-79.055044','Los Cedros','898',1,50),('o@ wNQd(E',3,'13_01_05_101_01_03_54_0003',NULL,'-8.069001','-79.055822','6 De Enero','408',0,62),('oqI<pAͺDz',18,'13_01_05_101_01_03_35_0018',NULL,'-8.068543','-79.057518','Aviacion','877',0,72),('oZ1mIO2ΐ',3,'13_01_05_101_01_02_78_0003',NULL,'-8.063933','-79.055248','Los Cedros','916 A',4,49),('o⏽p`Aśoﲣ',22,'13_01_05_101_01_03_47_0022',NULL,'-8.071200','-79.055668','6 De Enero','305',0,69),('p@aO\n\r',20,'13_01_05_101_01_03_9_0020',NULL,'-8.069350','-79.059263','San Pablo','530',0,82),('pښOAy:[%',4,'13_01_05_101_01_03_65_0004',NULL,'-8.069695','-79.054845','Natividad','407',0,60),('q4@\0V<Y',39,'13_01_05_101_01_03_34_0039',NULL,'-8.069487','-79.057430','Salaberri','498',0,73),('qk@\"*E4%_',27,'13_01_05_101_01_03_66_0027',NULL,'-8.070523','-79.055018','25 De Diciembre','346',0,59),('qqJ|47u?ʰ',40,'13_01_05_101_01_03_54_0040',NULL,'-8.068839','-79.056547','6 De Enero','564',0,62),('q0PpAAcE',25,'13_01_05_101_01_03_66_0025',NULL,'-8.070294','-79.055069','25 De Diciembre','364',0,59),('rP?FL<-Al',21,'13_01_05_101_01_03_5_0021',NULL,'-8.072016','-79.057676','San Lucas','343',0,84),('r\r;Iנ<ݯ',4,'13_01_05_101_01_03_33_0004',NULL,'-8.070680','-79.056657','Los Reyes','390',0,74),('r1ՆJЊǨ2c',9,'13_01_05_101_01_03_46_0009',NULL,'-8.070206','-79.056768','Los Reyes','413_B',0,70),('r7YEDM$6',13,'13_01_05_101_01_03_33_0013',NULL,NULL,NULL,'Los Reyes','318',0,74),('s	5}Cl>',20,'13_01_05_101_01_03_26_0020',NULL,NULL,NULL,'San','501',0,81),('syTO˵tT=f',30,'13_01_05_101_01_02_75_0030',NULL,'-8.065875','-79.054601','Los Cedros','751',5,54),('tOO',42,'13_01_05_101_01_02_80_0042',NULL,'-8.066078','-79.054274','Pacifico','S\\n',3,51),('t^_Eϯcy',31,'13_01_05_101_01_03_47_0031',NULL,'-8.070687','-79.055944','6 De Enero','369',0,69),('tڗ[NF,%',9,'13_01_05_101_01_02_80_0009',NULL,'-8.065824','-79.054556','Los Cedros','728',0,51),('uU<uBc:LGj',14,'13_01_05_101_01_02_81_0014',NULL,'-8.067013','-79.053768','Los Robles','619  piso 3',4,52),('u_L.MLY',6,'13_01_05_101_01_03_9_0006',NULL,NULL,NULL,'San Lucas','537',0,82),('w7AGƱ',22,'13_01_05_101_01_03_53_0022',NULL,NULL,NULL,'25 De Diciembre','401',0,63),('wDM1I< ',3,'13_01_05_101_01_03_10_0003',NULL,'-8.069372','-79.059724','Cahuide','598',0,91),('x-MR Dp',23,'13_01_05_101_01_03_34_0023',NULL,'-8.070533','-79.057279','San Pedro','402',0,73),('xdI+AYyT1R',28,'13_01_05_101_01_03_46_0028',NULL,'-8.069262','-79.056337','6 De Enero','499-E',0,70),('x9PTBۚ ',19,'13_01_05_101_01_03_52_0019',NULL,NULL,NULL,'25','301',0,64),('y*,cA\\r',16,'13_01_05_101_01_02_77_0016',NULL,'-8.063424','-79.056036','Nicolas De Pierola','496',4,56),('yy 5mDn݇k',25,'13_01_05_101_01_02_76_0025',NULL,'-8.064848','-79.055617','Nicolas De Pierola','324-A',0,55),('zhKˠiSh\0',32,'13_01_05_101_01_03_54_0032',NULL,'-8.068380','-79.055955','25 De Diciembre','553',0,62),('zUxG߅5/q',6,'13_01_05_101_01_02_81_0006',NULL,'-8.066282','-79.053938','Los Robles','713',8,52),('{ԺuM8dO3',10,'13_01_05_101_01_02_74_0010',NULL,'-8.067019','-79.054889','Nicolas De Pierola','140 A',0,53),('{ԊH3}y0',13,'13_01_05_101_01_03_34_0013',NULL,'-8.070135','-79.056925','Los Reyes','442',0,73),('{Vd|LU4yË',41,'13_01_05_101_01_03_33_0041',NULL,'-8.070961','-79.057000','San Jose','796',0,74),('{LJqqYQ',18,'13_01_05_101_01_03_53_0018',NULL,NULL,NULL,'06 De Enero','406-A',0,63),('{>Jך?l4',24,'13_01_05_101_01_03_46_0024',NULL,'-8.069130','-79.056800','Salaverry','420',0,70),('|jf*HmsL:J=',21,'13_01_05_101_01_02_81_0021',NULL,'-8.067132','-79.053474','Los Robles','509 c',0,52),('||򔎟DҼ(B\'',15,'13_01_05_101_01_02_74_0015',NULL,'-8.066796','-79.055162','Nicolas De Pierola','124',0,53),('|1I!p',5,'13_01_05_101_01_03_66_0005',NULL,'-8.070957','-79.054485','Natibidad','305',0,59),('}_wFI0l',17,'13_01_05_101_01_03_45_0017',NULL,'-8.068528','-79.056699','6 De Enero','585B',0,71),('}\\֍Du}W\r',15,'13_01_05_101_01_02_75_0015',NULL,'-8.066142','-79.055165','Nicolás De Pierola','238',0,54),('}J*aE',14,'13_01_05_101_01_03_34_0014',NULL,'-8.070111','-79.056771','Los Reyes','440',0,73),('}zF(ѿJVV',19,'13_01_05_101_01_03_53_0019',NULL,'-8.070149','-79.055928','06 De Enero','406',0,63),('~)Mg+FRP({6',15,'13_01_05_101_01_03_52_0015',NULL,'-8.070966','-79.055019','25 De Diciembre','317',0,64),('~f#7B%+x',19,'13_01_05_101_01_02_74_0019',NULL,'-8.066483','-79.054821','Pacífico','695A',4,53),('~pHN*?K',7,'13_01_05_101_01_03_45_0007',NULL,'-8.068815','-79.057129','Los Reyes','590',0,71),('bJO7',14,'13_01_05_101_01_03_66_0014',NULL,'-8.070212','-79.054613','Natividad','351',0,59),('e$u#NŌc	ڙ',4,'13_01_05_101_01_03_27_0004',NULL,'-8.069739','-79.057853','San Pedro','469',0,80),(',+LḬ',2,'13_01_05_101_01_03_7_0002',NULL,'-8.069950','-79.058368','San Lucas','497',0,83),('jNщfeVQ',32,'13_01_05_101_01_03_52_0032',NULL,'-8.070914','-79.055593','6 De Enero','380',0,64),('^j,M:ز^',30,'13_01_05_101_01_03_47_0030',NULL,'-8.070704','-79.055884','6 De Enero','363',0,69),('SZ#A@*',12,'13_01_05_101_01_02_75_0012',NULL,'-8.066106','-79.055064','Nicolás De Pierola','212',8,54),(',ϰjNFi\"',36,'13_01_05_101_01_03_34_0036',NULL,'-8.069660','-79.057556','San Pedro','498',0,73),('LgжFc7',15,'13_01_05_101_01_03_27_0015',NULL,'-8.070615','-79.057413','San Pedro','401',0,80),('I+P(=',16,'13_01_05_101_01_02_74_0016',NULL,'-8.066761','-79.055107','Pacífico','599',0,53),('%JG㎨T}4,',31,'13_01_05_101_01_03_65_0031',NULL,'-8.069107','-79.055447','25 De Diciembre','460',0,60),('WEC;GX]k?',22,'13_01_05_101_01_03_64_0022',NULL,'-8.065335','-79.054121','25 De Diciembre','512-B',0,61),('+\rSD{',11,'13_01_05_101_01_03_26_0011',NULL,'-8.068925','-79.058269','San Pedro','599',0,81),('GNÞaA ',25,'13_01_05_101_01_02_77_0025',NULL,'-8.064218','-79.055838','Nicolas De Pierola','400',3,56),('_OGZa',24,'13_01_05_101_01_03_27_0024',NULL,'-8.070390','-79.058108','San Lucas','460',0,80),('=5B7KЋ$!',7,'13_01_05_101_01_02_75_0007',NULL,'-8.066601','-79.055393','Nicolás De Pierola','200',1,54),('v$@Jɭ',7,'13_01_05_101_01_03_64_0007',NULL,'-8.068347','-79.055518','Natividad','599',0,61),('&n+C`\ZWY',6,'13_01_05_101_01_03_53_0006',NULL,'-8.069290','-79.056403','06 De Enero','490',0,63),('3FP>',7,'13_01_05_101_01_03_28_0007',NULL,'-8.071189','-79.057264','San Pedro','337',0,79),('s@NNzE昽\\',26,'13_01_05_101_01_02_75_0026',NULL,'-8.065601','-79.054744','Los Cedros','775',5,54),('CN&i2',23,'13_01_05_101_01_02_74_0023',NULL,'-8.066350','-79.054156','Los Cedros','663',4,53),('D?U',14,'13_01_05_101_01_02_75_0014',NULL,'-8.066036','-79.055241','Nicolás De Pierola','230',2,54),('g`M$',32,'13_01_05_101_01_02_75_0032',NULL,'-8.065947','-79.054721','Los Cedros','737',0,54),('o>KھY?Ԓ;',17,'13_01_05_101_01_02_76_0017',NULL,'-8.064453','-79.055460','Jr. Atlantida','405',0,55),('!@olz碐B',27,'13_01_05_101_01_03_9_0027',NULL,'-8.069741','-79.059070','San Pablo','516',0,82),('dSHkkx&%',29,'13_01_05_101_01_03_9_0029',NULL,'-8.069684','-79.059120','San Pablo','512',0,82),('5M}A+d_?',34,'13_01_05_101_01_03_9_0034',NULL,'-8.069740','-79.058608','Salaverry','498',0,82),('J	J_Vu',22,'13_01_05_101_01_03_34_0022',NULL,'-8.070558','-79.057228','San Pedro','400',0,73),('NMGe',24,'13_01_05_101_01_02_76_0024',NULL,'-8.064817','-79.056019','Nicolas De Pierola','330',0,55),('\"IٳAֹ[~B',38,'13_01_05_101_01_03_33_0038',NULL,'-8.071139','-79.057329','San Pedro','S/N',0,74),('A5\\]Cπ ݁8',11,'13_01_05_101_01_03_5_0011',NULL,'-8.071992','-79.058296','San Pablo','324',0,84),(')Aj*f,',24,'13_01_05_101_01_03_5_0024',NULL,'-8.071655','-79.057796','San Lucas','359 A',0,84),('uֳ*Cd67\n',19,'13_01_05_101_01_02_81_0019',NULL,'-8.067120','-79.053334','Los Robles','651',0,52),('@K10D',31,'13_01_05_101_01_03_54_0031',NULL,'-8.068396','-79.055822','25 De Diciembre','545',0,62),('hbn@|k1&j',11,'13_01_05_101_01_03_10_0011','SAPEV0000004209','-8.069840','-79.059175','San Pablo','505',0,91),('YCȘdu\\=*1',17,'13_01_05_101_01_03_35_0017','SAPEV0000002811','-8.068702','-79.057637','Aviacion','875',0,72),('!_JO(q',13,'13_01_05_101_01_03_26_0013',NULL,'-8.068886','-79.058065','San Pedro','574',0,81),('qCiO:Ύ',1,'13_01_05_101_01_03_66_0001',NULL,'-8.071027','-79.054610','Santa Magdalena','386',0,59),('fO\"GaH',14,'13_01_05_101_01_03_33_0014',NULL,'-8.071377','-79.056470','Los Reyes','320',0,74),('[0YYpDU7Cބ',39,'13_01_05_101_01_03_52_0039',NULL,'-8.070485','-79.055775','6 De Enero','398 - D',0,64),('i\'4O`\'8(',6,'13_01_05_101_01_03_27_0006','SAPEV0000003906',NULL,NULL,'San Pedro','451',0,80),('%Oyoq0',31,'13_01_05_101_01_02_80_0031',NULL,'-8.065531','-79.054000','Los Robles','755',4,51),('Εf6IA>O',10,'13_01_05_101_01_02_75_0010',NULL,'-8.066309','-79.054985','Nicolás De Pierola','208',10,54),('ιfH\0',15,'13_01_05_101_01_03_53_0015',NULL,'-8.069696','-79.056076','06 De Enero','438',0,63),('sInGBفW',28,'13_01_05_101_01_02_81_0028',NULL,'-8.067379','-79.053758','Los Cedros','606',4,52),('{ɧJɦSzTW*',4,'13_01_05_101_01_03_53_0004',NULL,NULL,NULL,'25 De Diciembre','649',0,63),(' G5E +!,',43,'13_01_05_101_01_03_54_0043',NULL,'-8.068861','-79.056376','6 De Enero','534',0,62),('Dt\'6J\r6u ',26,'13_01_05_101_01_03_34_0026',NULL,'-8.070150','-79.057422','San Pedro','454',0,73),('b0_CGiU',20,'13_01_05_101_01_02_74_0020',NULL,'-8.066478','-79.054810','Los Cedros','695',6,53),('n@**p4p',32,'13_01_05_101_01_03_7_0032',NULL,'-8.070518','-79.058783','San Pablo','460',0,83),('sdC[!',12,'13_01_05_101_01_03_9_0012',NULL,NULL,NULL,'San Lucas','599',0,82),('4cC\'p{	',32,'13_01_05_101_01_03_65_0032',NULL,'-8.069108','-79.055696','25 De Dicuembre','495',0,60),('⣓QCIa[(<',13,'13_01_05_101_01_03_27_0013',NULL,'-8.070393','-79.057493','San Pedro','407',0,80),('r^Mrgv',19,'13_01_05_101_01_02_76_0019',NULL,'-8.064346','-79.055637','Jr. Atlantida','482',3,55),('?Htn\r',33,'13_01_05_101_01_03_7_0033',NULL,'-8.070437','-79.058867','San Pablo','466',0,83),('\nN2BŻ\0',18,'13_01_05_101_01_03_64_0018',NULL,'-8.068289','-79.055808','25 De Diciembre','590',0,61),('I	$I$zďk',27,'13_01_05_101_01_03_53_0027',NULL,'-8.069461','-79.055537','25 De Diciembre','437',0,63),('iH;kK;HxI)',20,'13_01_05_101_01_02_75_0020',NULL,'-8.065576','-79.055327','Nicolás De Pierola','160A',0,54),('%ghSK;cո',11,'13_01_05_101_01_03_47_0011',NULL,'-8.070968','-79.056411','Los Reyes','329',0,69),('-J1NA4<{9',24,'13_01_05_101_01_03_7_0024',NULL,'-8.070954','-79.058643','San Pablo','412',0,83),('xNfui,',25,'13_01_05_101_01_03_27_0025',NULL,'-8.070485','-79.058098','San Lucas','462',0,80),('bL^',42,'13_01_05_101_01_03_54_0042',NULL,'-8.068774','-79.056330','6 de Enero','554',0,62),('	|CgsX0v ',20,'13_01_05_101_01_03_27_0020',NULL,'-8.070728','-79.057822','San Lucas','416',0,80),('*6Ltp8_g',7,'13_01_05_101_01_03_54_0007',NULL,'-8.068605','-79.055783','25 De Diciembre','525',0,62),('dNHkA0',41,'13_01_05_101_01_03_54_0041',NULL,'-8.068869','-79.056327','6 De Enero','556',0,62),('\r]`Nx\Zh',21,'13_01_05_101_01_03_9_0021',NULL,'-8.069342','-79.059262','San Pablo','588',0,82),('CJ&.xȼڎ',25,'13_01_05_101_01_03_46_0025',NULL,'-8.069145','-79.056785','Salaverry','499',0,70),('-OdME-ff',12,'13_01_05_101_01_03_7_0012',NULL,'-8.070569','-79.058094','San Lucas','437',0,83),('n!J6By',41,'13_01_05_101_01_02_80_0041',NULL,'-8.065893','-79.054263','Pacifico','461',2,51),('#D\nj',12,'13_01_05_101_01_03_34_0012',NULL,'-8.070022','-79.056818','Los Reyes','448',0,73),(' p%Eiؼo',37,'13_01_05_101_01_03_7_0037',NULL,'-8.070213','-79.058985','San Pablo','488',0,83),('/]`@;?C',15,'13_01_05_101_01_03_45_0015',NULL,'-8.068485','-79.056974','6 De Enero','591',0,71),('&6CȸT!^/',4,'13_01_05_101_01_03_66_0004',NULL,'-8.070940','-79.054542','Santa Magdalena','330 A',0,59),('>Ld\\Gnkg\\',13,'13_01_05_101_01_03_66_0013',NULL,'-8.070316','-79.054528','Natividad','359',0,59),('ׯnG3vK\n',32,'13_01_05_101_01_03_34_0032',NULL,'-8.069965','-79.057659','San Pedro','492',0,73),('ݗ).L,hkN',30,'13_01_05_101_01_03_34_0030',NULL,'-8.070007','-79.057510','San Pedro','486',0,73),('yN祌',37,'13_01_05_101_01_02_80_0037',NULL,'-8.065717','-79.054021','Los Robles','749',0,51),(',3`G@N$F',11,'13_01_05_101_01_03_64_0011',NULL,'-8.068055','-79.055424','Aviacion','625',0,61),('?KlEY',28,'13_01_05_101_01_02_76_0028',NULL,'-8.065027','-79.055627','Nicolas De Pierola','312',0,55),('}?J\"B\'g\"6',5,'13_01_05_101_01_03_45_0005',NULL,'-8.069116','-79.057115','Los Reyes','534',0,71),('=ߎGO~Y+S',21,'13_01_05_101_01_03_66_0021',NULL,'-8.070208','-79.055175','25 De Diciembre','388',0,59),('&\nDԼx?',8,'13_01_05_101_01_03_27_0008',NULL,'-8.069818','-79.057801','San Pedro','435',0,80),('5D쓁',30,'13_01_05_101_01_02_81_0030',NULL,'-8.067299','-79.053960','Los Cedros','618',0,52),('b_AX7',38,'13_01_05_101_01_02_81_0038',NULL,'-8.066941','-79.054278','Los Cedros','679',0,52),(' HQ1kSZ',29,'13_01_05_101_01_03_28_0029',NULL,'-8.071608','-79.057643','San Lucas','332',0,79),('jg&eF{G%h',27,'13_01_05_101_01_03_28_0027','SAPEV0000003805','-8.071637','-79.057535','San Lucas','328',0,79),('PlKGe',31,'13_01_05_101_01_03_33_0031',NULL,NULL,NULL,'San Pedro','312',0,74),('ߓZvD~p',11,'13_01_05_101_01_03_52_0011','SAPEV0000001514',NULL,NULL,'25 De Diciembre','341',0,64),('q\0$LޠP&6',38,'13_01_05_101_01_03_54_0038',NULL,'-8.068602','-79.056393','6 De Enero','580',0,62),('jXAV:J2w',4,'13_01_05_101_01_03_28_0004',NULL,NULL,NULL,'San Pedro','353',0,79),('őG(2G^',19,'13_01_05_101_01_03_26_0019',NULL,'-8.069300','-79.057900','San Pedro','511',0,81),('0vDAd\0W;',6,'13_01_05_101_01_03_33_0006',NULL,'-8.070874','-79.056672','Los Reyes','380',0,74),('EbIŝ ~2\r',37,'13_01_05_101_01_03_52_0037',NULL,'-8.070661','-79.055809','6 De Enero','394',0,64),('9&M2Yw',4,'13_01_05_101_01_02_76_0004',NULL,'-8.064681','-79.054921','Los Cedros','847',6,55),('\ZK>Q%',9,'13_01_05_101_01_03_7_0009',NULL,'-8.070401','-79.058223','San Lucas','461',0,83),('*C O}4',6,'13_01_05_101_01_03_65_0006',NULL,'-8.069554','-79.054756','Natividad','431',0,60),('NyN;Β',20,'13_01_05_101_01_03_52_0020',NULL,'-8.071158','-79.055219','25 De Diciembre','334',0,64),('pK@*',18,'13_01_05_101_01_02_80_0018',NULL,'-8.065282','-79.054774','Los Cedros','798',0,51),('>jL7j{S2G',24,'13_01_05_101_01_03_34_0024',NULL,'-8.070508','-79.057374','San Pedro','412',0,73),('s߶+J̎6GS',23,'13_01_05_101_01_03_65_0023',NULL,NULL,NULL,'25 De Diciembre','420',0,60),('(DKNøY6-',12,'13_01_05_101_01_02_79_0012',NULL,'-8.064235','-79.054601','Los Robles','855',0,50),('WivNK&',10,'13_01_05_101_01_02_79_0010',NULL,'-8.064141','-79.054651','Los Robles','885',1,50),('ZatC;==',38,'13_01_05_101_01_03_7_0038',NULL,'-8.070162','-79.058955','San Pablo','496',0,83),('`@SIׇĻ',18,'13_01_05_101_01_03_33_0018',NULL,'-8.071350','-79.056428','Los Reyes','301',0,74),('rĪ GeȋMm',5,'13_01_05_101_01_03_27_0005',NULL,'-8.069776','-79.057843','San Pedro','463',0,80),('r!G97suU',9,'13_01_05_101_01_02_77_0009',NULL,'-8.063558','-79.055492','Los Cedros','959',0,56),('/L)H	m*\\!',23,'13_01_05_101_01_02_76_0023',NULL,'-8.064750','-79.055858','Nicolas De Pierola','346-352',0,55),('C٣L(gD\0~',4,'13_01_05_101_01_03_5_0004',NULL,'-8.071342','-79.058575','San Pablo','999',0,84),('멀S7NUZ*M',29,'13_01_05_101_01_03_33_0029',NULL,'-8.071782','-79.056585','Santa Magdalena','676',0,74),('|KH*\0*.T>',36,'13_01_05_101_01_02_81_0036',NULL,'-8.067054','-79.054168','Los Cedros','654',0,52),('؍wՖN\nN?~',35,'13_01_05_101_01_03_7_0035',NULL,'-8.070272','-79.058861','San Pablo','480',0,83),('{JWO[l',12,'13_01_05_101_01_03_45_0012',NULL,'-8.068551','-79.057099','Aviacion','821',0,71),(' =%IȪ0{|ޢ',11,'13_01_05_101_01_03_45_0011',NULL,'-8.068554','-79.057120','Aviacion','837',0,71),('L-c@.L۬po',27,'13_01_05_101_01_03_47_0027',NULL,'-8.070873','-79.055820','6 De Enero','345',0,69),('N\" I%}',17,'13_01_05_101_01_03_53_0017',NULL,'-8.069899','-79.056170','06 De Enero','430',0,63),('VpIJ-',17,'13_01_05_101_01_02_81_0017',NULL,'-8.066949','-79.053583','Los Robles','667',5,52),('B0۾D',28,'13_01_05_101_01_03_53_0028',NULL,NULL,NULL,'25 De Diciembre','441',0,63),('lD,',8,'13_01_05_101_01_03_33_0008',NULL,'-8.070885','-79.056685','Los Reyes','348',0,74),('ٺOn`փ',37,'13_01_05_101_01_03_34_0037',NULL,'-8.069624','-79.057631','San Pedro','498 B ',0,73),('#[K4b',13,'13_01_05_101_01_03_53_0013',NULL,'-8.069399','-79.056179','06 De Enero','448',0,63),('JE <',23,'13_01_05_101_01_03_52_0023',NULL,NULL,NULL,'Sta Magdalena','460',0,64),('O}M0r',4,'13_01_05_101_01_03_52_0004',NULL,NULL,NULL,'25 De Diciembre','385',0,64),('dmӯD-·t',5,'13_01_05_101_01_03_64_0005',NULL,'-8.068087','-79.055399','Natividad','539',0,61),('lN\0jD?K',28,'13_01_05_101_01_03_33_0028',NULL,'-8.071704','-79.056539','Santa Magdalena','674',0,74),('_Cϐ\Z',15,'13_01_05_101_01_02_78_0015',NULL,'-8.063274','-79.055437','Los Cedros','996 - A',3,49),('>klO$',12,'13_01_05_101_01_03_52_0012',NULL,'-8.070657','-79.055242','25 De Diciembre','335',0,64),('JIۚP=w/',30,'13_01_05_101_01_02_80_0030',NULL,'-8.065509','-79.054058','Los Robles','769',5,51),('ufBHh@ؼ',13,'13_01_05_101_01_03_10_0013',NULL,'-8.069473','-79.059353','San Pablo','561',0,91),('`u@\0,O=',20,'13_01_05_101_01_03_35_0020',NULL,'-8.068639','-79.057330','Los Reyes','591',0,72),('sCΑ)Z[',2,'13_01_05_101_01_02_77_0002',NULL,'-8.064039','-79.055375','Los Cedros','917',3,56),('SEo֫\Z',28,'13_01_05_101_01_03_7_0028',NULL,'-8.070771','-79.058757','San Pablo','432',0,83),('[kBVgh\\',15,'13_01_05_101_01_03_34_0015',NULL,'-8.070125','-79.056761','Los Reyes','436',0,73),('X%Q+OzR\r',1,'13_01_05_101_01_02_76_0001',NULL,'-8.065122','-79.054977','Los Cedros','801',3,55),('$4IDo',16,'13_01_05_101_01_03_53_0016',NULL,'-8.069840','-79.056225','06 De Enero','436',0,63),('BM|L*	p',14,'13_01_05_101_01_02_77_0014',NULL,'-8.063115','-79.055603','Los Cedros','999',0,56),('Fh-K\\}ŕI',1,'13_01_05_101_01_03_64_0001',NULL,'-8.068672','-79.055147','Canal De Suez','506',0,61),('H&J\rIL',34,'13_01_05_101_01_03_54_0034',NULL,'-8.068333','-79.055967','25 De Diciembre','573',0,62),('MgB⸳\"M',33,'13_01_05_101_01_02_75_0033',NULL,'-8.065875','-79.054732','Los Cedros','725',0,54),('h=K/y',29,'13_01_05_101_01_03_46_0029',NULL,'-8.069332','-79.056320','6 De Enero','499-E',0,70),('xMmnٚ_',2,'13_01_05_101_01_03_9_0002',NULL,'-8.069582','-79.058406','San Lucas','515',0,82),('T5A\\ԐHԀ',10,'13_01_05_101_01_02_80_0010',NULL,'-8.065746','-79.054605','Los Cedros','732',8,51),('(S(Eu',35,'13_01_05_101_01_02_76_0035',NULL,'-8.065147','-79.055021','Canal De Suez','504',0,55),('eQA_-k',37,'13_01_05_101_01_02_81_0037',NULL,'-8.067042','-79.054058','Los Cedros','648',5,52),('YˉLī',22,'13_01_05_101_01_02_77_0022',NULL,'-8.063989','-79.055950','Nicolas De Pierola','440',0,56),('1!sG1D{<r8',31,'13_01_05_101_01_03_28_0031',NULL,'-8.071406','-79.057811','San Lucas','344',0,79),('mq Fˁi',24,'13_01_05_101_01_03_53_0024',NULL,'-8.069698','-79.055396','25 De Diciembre','409',0,63),('x^$LYB}ǗM',34,'13_01_05_101_01_02_75_0034',NULL,'-8.065961','-79.054774','Los Cedros','719',0,54),('ѺJMƃ?uX',20,'13_01_05_101_01_03_47_0020',NULL,'-8.071318','-79.055660','6 De Enero','301',0,69),('+Dm\Ziv',31,'13_01_05_101_01_03_66_0031',NULL,'-8.070779','-79.055011','25 De Diciembre','316',0,59),('YJJ0',21,'13_01_05_101_01_03_26_0021',NULL,NULL,NULL,'San Pedro','500-A',0,81),('nB,wL',11,'13_01_05_101_01_02_74_0011',NULL,'-8.066994','-79.054873','Nicolas De Pierola','160 A',3,53),('~ZADU@4+',22,'13_01_05_101_01_03_10_0022',NULL,'-8.069268','-79.059410','San Pablo','589',0,91),('Ģ,H/1q',27,'13_01_05_101_01_03_35_0027',NULL,'-8.069148','-79.057227','Los Reyes','519',0,72),('&)`LY',16,'13_01_05_101_01_03_35_0016',NULL,'-8.068689','-79.057695','Aviacion','879',0,72),('rL\ZBrBiN',5,'13_01_05_101_01_03_52_0005',NULL,'-8.070222','-79.055274','25 De Diciembre','365',0,64),('&ʎL&S',20,'13_01_05_101_01_03_34_0020',NULL,'-8.070473','-79.056912','San Jose','708',0,73),('LnXѦ',16,'13_01_05_101_01_03_28_0016',NULL,'-8.071688','-79.057056','San Pedro','301',0,79),('\"A3{~*',15,'13_01_05_101_01_03_10_0015',NULL,'-8.069721','-79.059299','Juan Pablo','521B',0,91),('Oŕ:֯',12,'13_01_05_101_01_03_64_0012',NULL,'-8.063738','-79.052419','Aviacion','661',0,61),('a?OMP/Ux5',35,'13_01_05_101_01_02_75_0035',NULL,'-8.066188','-79.054580','Los Cedros','709',3,54),('qcFGLa',6,'13_01_05_101_01_03_26_0006','SAPEV0000004512','-8.069199','-79.058494','San Lucas','530',0,81),('WoBEWͶ',35,'13_01_05_101_01_03_52_0035',NULL,'-8.071036','-79.055551','6 De Enero','398 - A',0,64),('DzW>\"`',7,'13_01_05_101_01_02_78_0007',NULL,'-8.063769','-79.055321','Los Cedros','940',4,49),('KwLh\r*',5,'13_01_05_101_01_02_81_0005',NULL,'-8.066204','-79.053963','Los Robles','715',0,52),('λ1Ip_',38,'13_01_05_101_01_03_54_0038',NULL,'-8.068572','-79.056392','6 De Enero','584',0,62),('K[К\0Ceտx',21,'13_01_05_101_01_03_28_0021',NULL,'-8.071877','-79.057154','Magdalena','798',0,79),('KDP#LS',43,'13_01_05_101_01_03_33_0043',NULL,'-8.070699','-79.057021','San Jose','735-A',0,74),('pfIxF1V',17,'13_01_05_101_01_03_7_0017',NULL,'-8.070867','-79.058182','San Lucas','403',0,83),('/+xI0R*nN',31,'13_01_05_101_01_02_76_0031',NULL,'-8.065392','-79.055254','Canal De Suez','512',0,55),('VwC}rފ',13,'13_01_05_101_01_02_76_0013',NULL,'-8.064374','-79.055137','Los Cedros','899-A',0,55),('?DY\"ビ',2,'13_01_05_101_01_03_52_0002',NULL,'-8.070258','-79.055559','25 De Diciembre','395',0,64),('?ΚMզE;]S8',26,'13_01_05_101_01_03_7_0026',NULL,'-8.070841','-79.058663','San Pablo','426',0,83),('-_HCʻ_Z',2,'13_01_05_101_01_02_76_0002',NULL,'-8.065065','-79.054838','Los Cedros','815',5,55),('R3AaKG5,',26,'13_01_05_101_01_03_27_0026',NULL,NULL,NULL,'San Lucas','468',0,80),(']_@Љ9 m',28,'13_01_05_101_01_03_35_0028',NULL,'-8.069202','-79.057233','Los Reyes','509',0,72),('?|BҴr',19,'13_01_05_101_01_03_35_0019',NULL,'-8.068614','-79.057511','Aviacion','863',0,72),('I<9\n',7,'13_01_05_101_01_02_79_0007',NULL,'-8.064144','-79.055270','Atlantida','345',0,50),(']&c_I+$-)kD',15,'13_01_05_101_01_02_80_0015',NULL,'-8.065459','-79.054614','Los Cedros','750',8,51),('k@B(J',11,'13_01_05_101_01_03_33_0011',NULL,NULL,NULL,'Los Reyes','332',0,74),('ZX)J7\rKK',27,'13_01_05_101_01_02_76_0027',NULL,'-8.064962','-79.055681','Nicolas De Pierola','312',3,55),('N%DգK:̶',23,'13_01_05_101_01_02_75_0023',NULL,'-8.065252','-79.055038','Nicolás De Pierola','S/N',0,54),('\'sB!x',28,'13_01_05_101_01_02_74_0028',NULL,'-8.066652','-79.054385','Los Cedros','623',4,53),('{YGYJwo',26,'13_01_05_101_01_02_76_0026',NULL,'-8.064981','-79.055904','Nicolas De Pierola','320',8,55),('s#SL_7$',10,'13_01_05_101_01_03_47_0010',NULL,'-8.070887','-79.056483','Los Reyes','369',0,69),('ޥMwD',26,'13_01_05_101_01_03_47_0026',NULL,'-8.070835','-79.055717','6 De Enero','339',0,69),('(^I,FM',13,'13_01_05_101_01_03_46_0013',NULL,'-8.070137','-79.056738','Los Reyes','421',0,70),('l2|N\n}Ј9?W',29,'13_01_05_101_01_03_7_0029',NULL,'-8.070639','-79.058772','San Pablo','446A',0,83),('~;H:@*x\0',17,'13_01_05_101_01_02_77_0017',NULL,'-8.063617','-79.056251','Nicolas De Pierola','480',6,56),('HӐI<{q#',25,'13_01_05_101_01_03_5_0025',NULL,'-8.071611','-79.057795','San Lucas',' 359 B',0,84),('d6K)I6 `g',19,'13_01_05_101_01_02_80_0019',NULL,'-8.065090','-79.054802','Canal De Suez','453',4,51),('0Bg!W',5,'13_01_05_101_01_03_7_0005',NULL,'-8.070156','-79.058434','San Lucas','487',0,83),('5\rI_(E6',3,'13_01_05_101_01_02_74_0003',NULL,'-8.067334','-79.054355','Garcilaso De La Vega','116 B',0,53),('WՊ`@[U',13,'13_01_05_101_01_02_79_0013',NULL,'-8.064278','-79.054525','Los Robles','849',5,50),('=K@`\Z]ҔS',23,'13_01_05_101_01_03_10_0023',NULL,'-8.069237','-79.059474','San Pablo','599',0,91),('AjeVIZlhٻ',4,'13_01_05_101_01_03_64_0004',NULL,'-8.068458','-79.055265','Natividad','537',0,61),('EAu6c',32,'13_01_05_101_01_03_9_0032',NULL,'-8.069862','-79.058898','Juan Pablo','504',0,82),('G]*H;܃',11,'13_01_05_101_01_03_28_0011',NULL,'-8.071408','-79.057145','San Pedro','325',0,79),('zad}B>զL',19,'13_01_05_101_01_03_46_0019',NULL,NULL,NULL,'Los Reyes','445',0,70),('/t\"C޴0t\\g',4,'13_01_05_101_01_03_10_0004',NULL,'-8.069482','-79.059669','Cahuide','596',0,91),('3jnQOYm',1,'13_01_05_101_01_02_79_0001',NULL,'-8.064584','-79.055052','Los Cedros','804',6,50),('avMm+R',2,'13_01_05_101_01_03_27_0002',NULL,'-8.069730','-79.057885','San Pedro','483',0,80),('GYBY0;x',28,'13_01_05_101_01_03_65_0028',NULL,'-8.069232','-79.055766','25 De Diciembre','452_448',0,60),('/@Nt',5,'13_01_05_101_01_03_33_0005',NULL,NULL,NULL,'Los Reyes','388',0,74),('iθIY	M',30,'13_01_05_101_01_03_33_0030',NULL,NULL,NULL,'San Pedro','306',0,74),('.K_53%',28,'13_01_05_101_01_03_66_0028',NULL,'-8.070604','-79.055009','25 De Diciembre ','332',0,59),('2DBfxZoT',25,'13_01_05_101_01_03_9_0025',NULL,'-8.069570','-79.059128','San Pablo','534',0,82),('Z1JgyWN',14,'13_01_05_101_01_03_10_0014',NULL,'-8.069715','-79.059293','Juan Pablo','512A',0,91),('FH<ѡ',1,'13_01_05_101_01_03_9_0001',NULL,NULL,NULL,'San Lucas','505',0,82),('1WrElŪ^X{',33,'13_01_05_101_01_03_52_0033',NULL,NULL,NULL,'6 De Enero','388',0,64),('Ha\09NnYV-<',34,'13_01_05_101_01_03_27_0034',NULL,'-8.070173','-79.057655','San Pedro','437',0,80),('{+g@G	^wT&',13,'13_01_05_101_01_02_78_0013',NULL,'-8.063400','-79.055521','Los Cedros','988',4,49),('|F\n\"Gz^-6',40,'13_01_05_101_01_03_52_0040',NULL,'-8.070481','-79.055778','6 De Enero','398 - 27D',0,64),('%@Y',4,'13_01_05_101_01_03_54_0004',NULL,'-8.068842','-79.055774','25 De Diciembre','4',0,62),('k=MƲUQk',9,'13_01_05_101_01_03_65_0009',NULL,'-8.069309','-79.054799','Natividad','449',0,60),('$nEBS~v',24,'13_01_05_101_01_03_35_0024',NULL,'-8.069129','-79.057438','Los Reyes','529',0,72),('v1V@LE`',37,'13_01_05_101_01_03_28_0037',NULL,'-8.071239','-79.057866','San Lucas','398',0,79),('R<A@!r',16,'13_01_05_101_01_02_78_0016',NULL,'-8.063193','-79.055594','Los Cedros','996 - A',0,49),('fd;C?{QB',33,'13_01_05_101_01_03_46_0033',NULL,'-8.069641','-79.056277','6 De Enero','489',0,70),('n8LQ81\\',44,'13_01_05_101_01_03_33_0044',NULL,'-8.070683','-79.056998','San Jose','733',0,74),('@x[Z\\',12,'13_01_05_101_01_03_66_0012',NULL,'-8.070567','-79.054598','Natividad','357',0,59),('BDc%',10,'13_01_05_101_01_03_64_0010',NULL,'-8.068054','-79.055414','Aviacion','613',0,61),('Y`A\"`\ZJ',23,'13_01_05_101_01_03_9_0023',NULL,'-8.069461','-79.059222','San Pablo','552',0,82),('\"Iћ2A',6,'13_01_05_101_01_02_78_0006',NULL,'-8.063869','-79.055255','Los Cedros','932',5,49),('/-*RKJ\r\r_',4,'13_01_05_101_01_02_74_0004',NULL,'-8.066878','-79.054400','Garcilaso De La Vega','116',5,53),('UcC(\0\'',25,'13_01_05_101_01_02_75_0025',NULL,'-8.065575','-79.055351','Los Cedros','783',4,54),('耵oE4e\0\ns',26,'13_01_05_101_01_02_80_0026',NULL,'-8.065333','-79.054075','Los Robles','779',0,51),('Cǩ ',9,'13_01_05_101_01_03_10_0009','SAPEV0000003704',NULL,NULL,'Salaverry','428',0,91),('BqsqF,/.5',18,'13_01_05_101_01_03_5_0018',NULL,'-8.071902','-79.057673','San Lucas','325',0,84),('hֵOݹA_Y',16,'13_01_05_101_01_02_80_0016',NULL,'-8.065484','-79.054797','Los Cedros','762',4,51),('a>2(M&ح>',2,'13_01_05_101_01_02_79_0002',NULL,'-8.064594','-79.055012','Los Cedros','812',6,50),('GIpz',5,'13_01_05_101_01_02_80_0005',NULL,'-8.066001','-79.054399','Los Cedros','716',3,51),('nGoKT',4,'13_01_05_101_01_03_7_0004',NULL,'-8.070106','-79.058272','San Lucas','491',0,83),('4=\\tC6|wyD',33,'13_01_05_101_01_02_76_0033',NULL,'-8.065318','-79.055027','Canal De Suez','508',0,55),('w@+|',34,'13_01_05_101_01_03_33_0034',NULL,'-8.071724','-79.057186','San Pedro','342',0,74),('[hCHV',3,'13_01_05_101_01_02_80_0003',NULL,'-8.066190','-79.054591','Los Cedros','708',0,51),('g2FKTǂz',15,'13_01_05_101_01_03_66_0015',NULL,'-8.070200','-79.054609','Natividad','369',0,59),('îH]Fj\' I',7,'13_01_05_101_01_03_26_0007',NULL,'-8.069348','-79.058574','San Lucas','530',0,81),('õ1Hɤj.H\'',6,'13_01_05_101_01_03_10_0006',NULL,'-8.069769','-79.059536','Cahuide','525',0,91),('o jGW)I/p1',4,'13_01_05_101_01_02_79_0004',NULL,'-8.064475','-79.055078','Los Cedros','844',0,50),('ĵ@^aOH)D\0',31,'13_01_05_101_01_03_52_0031',NULL,'-8.071060','-79.055529','6 De Enero','364',0,64),('ĸHg`;m',34,'13_01_05_101_01_03_66_0034',NULL,'-8.070969','-79.054946','25 De  Diciembre ','304',0,59),('Nq9N?Q~R',2,'13_01_05_101_01_02_81_0002',NULL,'-8.066347','-79.054034','Pacifico','485',0,52),('QDŢIo\neW',27,'13_01_05_101_01_02_77_0027',NULL,'-8.064314','-79.055754','Atlantida','446',5,56),('Ƭ\'K\n#`-',27,'13_01_05_101_01_03_52_0027','SAPEV0000001413',NULL,NULL,'6 De Enero','304',0,64),('%.OĂ\\',33,'13_01_05_101_01_03_66_0033',NULL,'-8.070950','-79.054958','25 De Diciembre ','308',0,59),('2\0%L\"=\0l',19,'13_01_05_101_01_03_10_0019',NULL,'-8.069457','-79.059353','San Pablo','559B',0,91),(']-eCϪ#O',8,'13_01_05_101_01_03_7_0008',NULL,'-8.070296','-79.058246','San Lucas','473',0,83),('l%Lǳģ%g',20,'13_01_05_101_01_03_45_0020',NULL,'-8.068609','-79.056573','6 De Enero','545',0,71),('tv]NBٕ;߷',6,'13_01_05_101_01_03_64_0006',NULL,'-8.068366','-79.055490','Natividad','595',0,61),('w{MųkbϤ;',19,'13_01_05_101_01_03_28_0019',NULL,NULL,NULL,'San Pedro','712',0,79),(':\ZMée]\n',14,'13_01_05_101_01_03_46_0014',NULL,'-8.069843','-79.056620','Los Reyes','425',0,70),('ruKЩ|l$/',1,'13_01_05_101_01_03_54_0001',NULL,'-8.068848','-79.056179','6 De Enero','524',0,62),('ȊJNH',25,'13_01_05_101_01_03_28_0025',NULL,NULL,NULL,'San Lucas','316',0,79),('Ȥ{KA;|',8,'13_01_05_101_01_03_28_0008',NULL,'-8.071247','-79.057209','San Pedro','333',0,79),('J6P4.',20,'13_01_05_101_01_02_77_0020',NULL,'-8.063863','-79.056190','Nicolas De Pierola','452',8,56),('e\\C!_',11,'13_01_05_101_01_03_46_0011',NULL,'-8.070187','-79.056771','Los Reyes','415',0,70),('z NDt]',24,'13_01_05_101_01_02_74_0024',NULL,'-8.066409','-79.054159','Los Cedros','655_647',4,53),('MA9Z',9,'13_01_05_101_01_02_74_0009',NULL,'-8.067233','-79.054883','Nicolas De Pierola','140',3,53),('TKA4F<e',26,'13_01_05_101_01_03_66_0026',NULL,'-8.070526','-79.055032','25 De Diciembre','352',0,59),('VKsrHۂJuUw',39,'13_01_05_101_01_02_80_0039',NULL,'-8.065890','-79.053919','Los Robles','717',3,51),(']|B{muEZ',16,'13_01_05_101_01_03_5_0016',NULL,'-8.072023','-79.057636','San Lucas','305',0,84),('CU@qտ',3,'13_01_05_101_01_03_33_0003','SAPEV0000001700',NULL,NULL,'Los Reyes','392-A',0,74),('ˡOuo@R,)',34,'13_01_05_101_01_03_7_0034',NULL,'-8.070339','-79.058841','San Pablo','470',0,83),('ˢDbj~',21,'13_01_05_101_01_03_52_0021',NULL,NULL,NULL,'25 De Diciembre','336',0,64),('8lBE0B',8,'13_01_05_101_01_03_35_0008',NULL,'-8.069280','-79.057711','San Pedro','514',0,72),('̴h{C9Q',8,'13_01_05_101_01_03_46_0008',NULL,'-8.070204','-79.056769','Los Reyes','411',0,70),('~(TsIpdNƯ',6,'13_01_05_101_01_03_28_0006',NULL,'-8.071096','-79.056976','San Pedro','345',0,79),('ͬD`t@I',10,'13_01_05_101_01_03_10_0010',NULL,'-8.070177','-79.059341','Salaverry','501',0,91),('Y\\H컈]>}',36,'13_01_05_101_01_03_65_0036',NULL,'-8.068737','-79.055251','Salaverry','501',0,60),('m\\WGY,V~',1,'13_01_05_101_01_03_53_0001',NULL,'-8.069115','-79.056276','25 De Diciembre','499',0,63),('· 5NOfl',1,'13_01_05_101_01_03_45_0001','SAPEV0000005001',NULL,NULL,'Salaberry','476',0,71),('5eJIuS8?j',42,'13_01_05_101_01_02_81_0042',NULL,'-8.066776','-79.054368','Los Cedros','674 A',3,52),(';D pC}\r',33,'13_01_05_101_01_03_53_0033',NULL,'-8.069154','-79.055675','25 De Diciembre','491',0,63),('sN׬',12,'13_01_05_101_01_02_77_0012',NULL,'-8.063402','-79.055521','Los Cedros','995',3,56),('*|\rHQ{8g',22,'13_01_05_101_01_02_80_0022',NULL,'-8.065060','-79.054161','Los Robles','797',0,51),('3NH&/v',3,'13_01_05_101_01_02_75_0003',NULL,'-8.066391','-79.054786','Pacífico','701A',3,54),('z#A:bP7',5,'13_01_05_101_01_03_47_0005','SAPEV0000002912','-8.070430','-79.056422','San Jose','667',0,69),('ЖFInAL',29,'13_01_05_101_01_03_27_0029',NULL,'-8.070114','-79.058266','San Lucas','488',0,80),('3j}Mbf?',23,'13_01_05_101_01_03_66_0023',NULL,'-8.070298','-79.055093','25 De Diciembre','375',0,59),('KJ<.`f',28,'13_01_05_101_01_03_52_0028',NULL,'-8.071280','-79.055525','6 De Enero','324',0,64),('%OCXK0\0+IxmQ',32,'13_01_05_101_01_03_46_0032',NULL,'-8.069550','-79.056313','6 De Enero','499',0,70),('P+J',7,'13_01_05_101_01_02_76_0007',NULL,'-8.064726','-79.055217','Los Cedros','863',0,55),('FE[9\Z',23,'13_01_05_101_01_03_45_0023',NULL,NULL,NULL,'6 De Enero','517',0,71),('LCC9\nw',2,'13_01_05_101_01_03_53_0002',NULL,NULL,NULL,'25 De Diciembre','643',0,63),('ҔbTM⚞b',9,'13_01_05_101_01_03_35_0009',NULL,'-8.069277','-79.057715','San Pedro','526',0,72),('ҕKu',13,'13_01_05_101_01_02_77_0013',NULL,'-8.063233','-79.055500','Los Cedros','997',7,56),('-7LT骥',30,'13_01_05_101_01_03_52_0030',NULL,'-8.071136','-79.055561','6 De Enero','372',0,64),('HgG˞@j',35,'13_01_05_101_01_03_47_0035',NULL,'-8.070312','-79.055971','6 De Enero','387',0,69),('JHBG{',22,'13_01_05_101_01_03_52_0022',NULL,NULL,NULL,'Sta Magdalena','396',0,64),('z&{KA\0&;',2,'13_01_05_101_01_03_65_0002',NULL,'-8.069828','-79.054973','San Jose','407',0,60),('ӊ	+SA_;ug',30,'13_01_05_101_01_03_66_0030',NULL,'-8.070749','-79.055008','25 De Diciembre','324',0,59),('\rH$QT\'',8,'13_01_05_101_01_02_76_0008',NULL,'-8.064686','-79.055217','Los Cedros','881',3,55),('WJL]y',17,'13_01_05_101_01_03_66_0017',NULL,'-8.070050','-79.054656','Natividad','393',0,59),('ԥڦijC{?&^',24,'13_01_05_101_01_02_81_0024',NULL,'-8.067246','-79.053509','Aviacion','601 A',0,52),('GNptVL',34,'13_01_05_101_01_03_28_0034',NULL,'-8.071244','-79.057860','San Lucas','366',0,79),(':)LCHCblbkk',19,'13_01_05_101_01_02_77_0019',NULL,'-8.063796','-79.056074','Nicolas De Pierola','458',0,56),('bzCDXr]t09',31,'13_01_05_101_01_03_5_0031',NULL,'-8.071156','-79.057950','San Pablo','395',0,84),('FHƭuRi',15,'13_01_05_101_01_03_47_0015',NULL,'-8.071143','-79.056133','Los Reyes','311',0,69),('\Zk9JOrZR',7,'13_01_05_101_01_03_9_0007',NULL,NULL,NULL,'San Lucas','560',0,82),('] DI4i',2,'13_01_05_101_01_03_33_0002',NULL,'-8.070636','-79.056628','Los Reyes','392',0,74),('֮DzH[5J-',38,'13_01_05_101_01_02_80_0038',NULL,'-8.065841','-79.053947','Los Robles','729',0,51),('־LO9t',13,'13_01_05_101_01_03_35_0013',NULL,'-8.068963','-79.057888','San Pedro','594',0,72),('̥I2uܒ',10,'13_01_05_101_01_03_27_0010',NULL,'-8.069870','-79.057771','San Pedro','415',0,80),(':9uM*	',36,'13_01_05_101_01_03_46_0036',NULL,'-8.069737','-79.056284','6 De Enero','465',0,70),('KF\0E',19,'13_01_05_101_01_03_47_0019',NULL,'-8.071584','-79.056076','Santa Magdalena','550',0,69),('לC$D S4',30,'13_01_05_101_01_03_27_0030',NULL,'-8.070072','-79.058245','San Lucas','490',0,80),('[Jn',4,'13_01_05_101_01_03_47_0004','SAPEV0000002407','-8.070555','-79.056348','San Antonio','641',0,69),('rIˑ\rxn8',26,'13_01_05_101_01_03_28_0026',NULL,'-8.071827','-79.057567','San Lucas','324',0,79),('B۽@\Z_k',9,'13_01_05_101_01_03_52_0009',NULL,NULL,NULL,'25 De Diciembre','353',0,64),(']bBfVy',13,'13_01_05_101_01_03_7_0013',NULL,'-8.070585','-79.058212','San Lucas','433',0,83),('D*J9:',17,'13_01_05_101_01_03_10_0017',NULL,'-8.069542','-79.059330','San Pablo','563',0,91),('ّ^2K',21,'13_01_05_101_01_02_77_0021',NULL,'-8.063939','-79.055972','Nicolas De Pierola','452 b',4,56),('JE~τ',21,'13_01_05_101_01_03_53_0021',NULL,NULL,NULL,'San Jose','524',0,63),('9%!EӋ',12,'13_01_05_101_01_03_28_0012',NULL,'-8.071416','-79.057141','San Pedro','319',0,79),('|;=D~\\',27,'13_01_05_101_01_03_27_0027',NULL,'-8.070313','-79.058119','San Lucas','472',0,80),('89MŎ~J',13,'13_01_05_101_01_02_75_0013',NULL,'-8.065900','-79.055071','Nicolás De Pierola','216',0,54),('\n@M*aY',24,'13_01_05_101_01_03_52_0024',NULL,NULL,NULL,'Sta Magdalena','460 - A',0,64),('?A{Aqk;',33,'13_01_05_101_01_03_33_0033',NULL,'-8.071459','-79.056862','San Pedro','336',0,74),('CǸ@iꭤe',2,'13_01_05_101_01_03_47_0002',NULL,'-8.070321','-79.056272','San Jose','629',0,69),('_b>lE%~jlA',22,'13_01_05_101_01_03_66_0022',NULL,'-8.070283','-79.055180','25 De Diciembre','382',0,59),('xC+@}]',7,'13_01_05_101_01_02_74_0007',NULL,'-8.066997','-79.054515','Nicolas De Pierola','100',5,53),('~lN~',5,'13_01_05_101_01_03_34_0005',NULL,'-8.069548','-79.057008','Reyes','476',0,73),('+ߌO*ry',21,'13_01_05_101_01_03_34_0021',NULL,'-8.070462','-79.057025','San Jose','764',0,73),('܍O\nJiRQ',7,'13_01_05_101_01_03_35_0007',NULL,'-8.069365','-79.057765','San Pedro','510',0,72),('ҳ>M]o#',32,'13_01_05_101_01_02_80_0032',NULL,'-8.065545','-79.054124','Los Robles','753',0,51),('gXz\'I]W^',33,'13_01_05_101_01_03_47_0033',NULL,'-8.070510','-79.055896','6 De Enero','369 - 385',0,69),('ݰfhExf[ ',7,'13_01_05_101_01_03_10_0007',NULL,'-8.069893','-79.059529','Cahuide','1299',0,91),('C H/|t',26,'13_01_05_101_01_03_35_0026',NULL,'-8.069118','-79.057253','Los Reyes','527',0,72),('XLp DkO,',5,'13_01_05_101_01_03_5_0005','SAPEV0000001615','-8.071374','-79.058210','San Pablo','360',0,84),('ޅIخ[)F\\',21,'13_01_05_101_01_03_47_0021',NULL,'-8.071321','-79.055811','6 De Enero','303',0,69),('޵D4e8',1,'13_01_05_101_01_03_7_0001',NULL,'-8.069892','-79.058417','San Lucas','499',0,83),('%L|jAs8',25,'13_01_05_101_01_03_7_0025',NULL,'-8.070954','-79.058644','San Pablo','416',0,83),('+|Dš!',7,'13_01_05_101_01_02_77_0007',NULL,'-8.064027','-79.055481','Los Cedros','953',0,56),('-2KߞKG',4,'13_01_05_101_01_02_81_0004',NULL,'-8.066147','-79.054044','Pacifico','463 a',0,52),('8$o0Mh,߃',14,'13_01_05_101_01_03_35_0014',NULL,'-8.068681','-79.058090','Aviacion','900',0,72),('g5B?߉',11,'13_01_05_101_01_03_34_0011',NULL,'-8.070040','-79.056858','Los Reyes','448 B',0,73),('i~dNN-,q',33,'13_01_05_101_01_03_34_0033',NULL,'-8.069806','-79.057556','San Pedro','496 B',0,73),('ߤEj',24,'13_01_05_101_01_03_45_0024',NULL,'-8.068773','-79.056509','6 De Enero','515',0,71),('6MHF',16,'13_01_05_101_01_02_79_0016',NULL,'-8.064450','-79.054565','Los Robles','817',3,50),('Lc,_A3`>sh#\"',36,'13_01_05_101_01_03_28_0036',NULL,'-8.071259','-79.057840','San Lucas','380',0,79),('`cBLвPã)',28,'13_01_05_101_01_03_9_0028',NULL,'-8.069666','-79.059140','San Pablo','520',0,82),('0a=@]3x',31,'13_01_05_101_01_03_46_0031',NULL,'-8.069560','-79.056279','6 De Enero','499',0,70),('᧡NX\09-#\r',1,'13_01_05_101_01_03_10_0001',NULL,NULL,NULL,'San Pablo','599_B',0,91),('LwVGITg',1,'13_01_05_101_01_02_80_0001',NULL,'-8.066327','-79.054561','Los Cedros','702',4,51),('԰&E,?J@g',26,'13_01_05_101_01_03_46_0026',NULL,'-8.069200','-79.056581','6de Enero','499',0,70),('Ufv!GʄX}Oy',21,'13_01_05_101_01_02_74_0021',NULL,'-8.066482','-79.054509','Los Cedros','695A',8,53),('wjwyGt',33,'13_01_05_101_01_03_54_0033',NULL,'-8.068371','-79.055962','25 De Diciembre','557',0,62),('EA	T',18,'13_01_05_101_01_02_77_0018',NULL,'-8.063666','-79.056126','Nicolas De Pierola','468',0,56),('@pUw<X',34,'13_01_05_101_01_03_52_0034',NULL,NULL,NULL,'6 De Enero','396',0,64),('BvBg',6,'13_01_05_101_01_02_76_0006',NULL,'-8.064683','-79.055186','Los Cedros','865',4,55),('qpCŞ7Ѯ',13,'13_01_05_101_01_03_52_0013',NULL,'-8.070662','-79.055206','25 De Diciembre','325 - 329',0,64),(';zBya_',6,'13_01_05_101_01_03_5_0006',NULL,'-8.071536','-79.058413','San Pablo','346',0,84),('E~^G=i,B',31,'13_01_05_101_01_02_75_0031',NULL,'-8.065843','-79.054746','Los Cedros','745',7,54),('SHKk',5,'13_01_05_101_01_02_74_0005',NULL,'-8.066887','-79.054422','Garcilaso De La Vega','116 C',0,53),('滤h@6orF',32,'13_01_05_101_01_03_53_0032',NULL,'-8.069154','-79.055623','25 De Diciembre','489',0,63),('0AĄ8v',8,'13_01_05_101_01_03_34_0008','SAPEV0000002609',NULL,NULL,'Reyes','467',0,73),('KhxzDY',13,'13_01_05_101_01_03_65_0013',NULL,'-8.069054','-79.054927','Natividad','467',0,60),('`	|JAӓd',30,'13_01_05_101_01_03_46_0030',NULL,'-8.069406','-79.056307','6 De Enero','497-A',0,70),('G\Z7Nߣ֜2',11,'13_01_05_101_01_02_77_0011',NULL,'-8.063499','-79.055516','Los Cedros','983',0,56),('b9yIdWH',11,'13_01_05_101_01_02_79_0011',NULL,'-8.064165','-79.054626','Los Robles','869',0,50),('mKBI}',2,'13_01_05_101_01_03_46_0002',NULL,'-8.070028','-79.056129','6 De Enero','417',0,70),('!cȓDؓ&;;',29,'13_01_05_101_01_03_53_0029',NULL,'-8.069391','-79.055654','25 De Diciembre','453',0,63),('@E}2Kк',21,'13_01_05_101_01_03_65_0021',NULL,'-8.069387','-79.055453','25 De Diciembre','408',0,60),('OuBk0c+$',7,'13_01_05_101_01_03_33_0007',NULL,'-8.070908','-79.056639','Los Reyes','364',0,74),('mˁLտ^Qh',43,'13_01_05_101_01_03_52_0043',NULL,NULL,NULL,'6 De Enero','398 C',0,64),('xOs	b',36,'13_01_05_101_01_03_7_0036',NULL,'-8.070252','-79.058858','San Pablo','489',0,83),('Bl',8,'13_01_05_101_01_03_47_0008',NULL,'-8.070766','-79.056453','Los Reyes','377',0,69),('j(@dxG',17,'13_01_05_101_01_03_46_0017',NULL,'-8.069665','-79.056722','Los Reyes','439',0,70),('&|EAydM&h',27,'13_01_05_101_01_02_74_0027',NULL,'-8.066644','-79.054401','Los Cedros','625',0,53),('J3Czf',20,'13_01_05_101_01_03_46_0020',NULL,'-8.069544','-79.056956','Salaverry','445',0,70),(' 0Cgv\"',1,'13_01_05_101_01_03_28_0001',NULL,NULL,NULL,'San Pedro','399',0,79),('f]=B1ERz',9,'13_01_05_101_01_02_75_0009',NULL,'-8.066384','-79.055158','Nicolás De Pierola','204',15,54),('A[G53&\Z',13,'13_01_05_101_01_03_5_0013',NULL,'-8.072058','-79.058247','San Pablo','306',0,84),('eF捀)DGM',3,'13_01_05_101_01_03_27_0003','SAPEV0000003401',NULL,NULL,'San Pedro','475',0,80),('DCF\0j]',16,'13_01_05_101_01_03_66_0016',NULL,'-8.069889','-79.054949','Natividad','385',0,59),('OC\'NsU',20,'13_01_05_101_01_02_76_0020',NULL,'-8.064462','-79.055779','Nicolas De Pierola','384',0,55),('Zo4E	j[0g0.',19,'13_01_05_101_01_03_5_0019',NULL,NULL,NULL,'San Lucas','327',0,84),('KWؒC YhMO',58,'13_01_05_101_01_01_102_0058',NULL,NULL,NULL,'Test 01','23',0,14),('#aI8',35,'13_01_05_101_01_02_80_0035',NULL,'-8.065743','-79.053998','Los Robles','737',10,51),('?>Js \Z',10,'13_01_05_101_01_03_5_0010',NULL,'-8.071850','-79.058311','San Pablo','370',0,84),('A(/O?#%_',33,'13_01_05_101_01_03_27_0033',NULL,'-8.069616','-79.057947','Salaverry','551',0,80),('qECXt',28,'13_01_05_101_01_02_80_0028',NULL,'-8.065473','-79.054215','Los Robles','775',0,51),('!F+PP2',3,'13_01_05_101_01_02_81_0003',NULL,'-8.066228','-79.054114','Pacifico','463',6,52),('nCemuS',10,'13_01_05_101_01_03_33_0010','SAPEV0000002205','-8.071003','-79.056608','Los Reyes','340',0,74),('(Fl\r',24,'13_01_05_101_01_03_47_0024',NULL,'-8.071023','-79.055766','6 De Enero','325',0,69),('53N]\r{ھ',26,'13_01_05_101_01_03_64_0026',NULL,'-8.065320','-79.054288','Salaverry','530',0,61),('n9kDVLּ\0',12,'13_01_05_101_01_03_27_0012',NULL,'-8.070754','-79.057647','San Pedro','409',0,80),('KAɾ(O',39,'13_01_05_101_01_03_33_0039',NULL,'-8.070983','-79.057053','San Pedro','398',0,74),('￿Oz=u-F',30,'13_01_05_101_01_03_7_0030',NULL,'-8.070569','-79.058610','San Pablo','446',0,83),('G0C1}Ic',4,'13_01_05_101_01_02_80_0004',NULL,'-8.066093','-79.054575','Los Cedros','710',4,51),('|>7B~BA>',34,'13_01_05_101_01_03_46_0034',NULL,'-8.069682','-79.056272','6 De Enero','487',0,70),('SvȹOPm',32,'13_01_05_101_01_03_47_0032',NULL,'-8.070648','-79.055990','6 De Enero','371',0,69),('kGށ7\0u',31,'13_01_05_101_01_03_27_0031',NULL,'-8.070052','-79.058222','San Lucas','498',0,80),('0\'1EhA̼',4,'13_01_05_101_01_02_75_0004',NULL,'-8.066366','-79.054795','Pacífico','588 _ 590',2,54),('ҊPAO$|',27,'13_01_05_101_01_02_80_0027',NULL,'-8.065456','-79.054143','Los Robles','777',4,51),('M,NՌ(k',14,'13_01_05_101_01_02_76_0014',NULL,'-8.064342','-79.055162','Los Cedros','899-B',6,55),(',}vWFz',32,'13_01_05_101_01_03_33_0032','SAPEV0000002710',NULL,NULL,'San Pedro','318',0,74),('F)J>KD',17,'13_01_05_101_01_03_64_0017',NULL,'-8.068283','-79.055808','25 De Diciembre','593',0,61),('($fMj',23,'13_01_05_101_01_03_53_0023',NULL,NULL,NULL,'25 De Diciembre','405',0,63),('VM$j40Z',8,'13_01_05_101_01_02_81_0008',NULL,'-8.066353','-79.053613','Los Robles','709',4,52),('+LRTv\"?',24,'13_01_05_101_01_03_9_0024',NULL,'-8.069499','-79.059186','San Pablo','572',0,82),(',vCW3P$޽Մ',10,'13_01_05_101_01_03_46_0010',NULL,'-8.070199','-79.056765','Los Reyes','413-A',0,70),('s`\nM<cB',11,'13_01_05_101_01_02_78_0011',NULL,'-8.063535','-79.055377','Los Cedros','984',0,49),('Y\"Dmç',10,'13_01_05_101_01_03_28_0010',NULL,'-8.071405','-79.057157','San Pedro','327',0,79),('\">>@bS[y',14,'13_01_05_101_01_03_52_0014',NULL,NULL,NULL,'25 De Diciembre','321',0,64),('GQGEo 8l',27,'13_01_05_101_01_03_5_0027',NULL,'-8.071505','-79.057839','San Lucas','375',0,84),('I|K!Cȇ',25,'13_01_05_101_01_03_65_0025',NULL,'-8.069331','-79.055474','25 De Diciembre','432',0,60),('P%J*I@=+;',35,'13_01_05_101_01_03_66_0035',NULL,'-8.071026','-79.054823','Sta. Magdalena','35',0,59),('{07E3ىDL',15,'13_01_05_101_01_02_77_0015',NULL,'-8.063311','-79.055777','Indoamerica','490',0,56),('_I(vj',11,'13_01_05_101_01_03_53_0011',NULL,'-8.069400','-79.056090','06 De Enero','456',0,63),('6E`r',6,'13_01_05_101_01_03_7_0006',NULL,'-8.070226','-79.058235','San Lucas','485',0,83),('Oo',1,'13_01_05_101_01_01_109_0001',NULL,'-8.110821','-79.029048','6 De Enero','45',0,13),('fSZGݴ',29,'13_01_05_101_01_03_5_0029',NULL,'-8.071331','-79.057874','San Lucas','385',0,84),('fI-e',9,'13_01_05_101_01_02_79_0009',NULL,'-8.064029','-79.054857','Los Robles','893',5,50),('PKn',8,'13_01_05_101_01_03_45_0008',NULL,'-8.068815','-79.057191','Los Reyes','592',0,71),('J;BP\\/?t',5,'13_01_05_101_01_03_53_0005',NULL,'-8.069011','-79.056073','06 De Enero','498',0,63),('%H8Aw',24,'13_01_05_101_01_03_66_0024',NULL,'-8.070284','-79.055081','25 De Diciembre ','370',0,59),('@;?9',34,'13_01_05_101_01_03_53_0034',NULL,'-8.069004','-79.055697','25 De Diciembre','493',0,63),('P-JTkTG6',29,'13_01_05_101_01_03_65_0029',NULL,'-8.069301','-79.055574','25 De Diciembre','458',0,60),('VBC7DEG$}$R',4,'13_01_05_101_01_03_9_0004',NULL,'-8.069585','-79.058513','San Pedro','521-B',0,82),('qnF@QZY',5,'13_01_05_101_01_02_77_0005',NULL,'-8.063759','-79.055719','Los Cedros','947',5,56),('U@Y0Mq;',30,'13_01_05_101_01_03_5_0030',NULL,'-8.071181','-79.057940','San Pablo','394',0,84),('MƆaF[c\r1X',22,'13_01_05_101_01_02_74_0022',NULL,'-8.066332','-79.054169','Los Cedros','675',9,53),('y$MM!/|{',2,'13_01_05_101_01_03_28_0002',NULL,NULL,NULL,'San Pedro','383',0,79),('BJ&ּtv',11,'13_01_05_101_01_02_81_0011',NULL,'-8.066558','-79.053793','Los Robles','705 B',7,52),('iC]|W.',20,'13_01_05_101_01_03_65_0020',NULL,'-8.069428','-79.055450','25 De Diciembre','404',0,60),('ްTI0?),dB',23,'13_01_05_101_01_01_102_0023',NULL,NULL,NULL,'Test','1',0,14),('ckHǰ&c|',24,'13_01_05_101_01_03_34_0024',NULL,'-8.070284','-79.057365','San Pedro','460',0,73),('`ֱ:@pв2',30,'13_01_05_101_01_03_54_0030',NULL,'-8.068471','-79.055886','25 De Diciembre','545',0,62),('REpGy	',14,'13_01_05_101_01_03_65_0014',NULL,'-8.069006','-79.054964','Natividad','473',0,60),('^jAyA~0',26,'13_01_05_101_01_03_9_0026',NULL,'-8.069602','-79.059135','San Pablo','526',0,82),('uA+Cd<4',22,'13_01_05_101_01_03_27_0022',NULL,'-8.070508','-79.058134','San Lucas','414',0,80),('кA_q',30,'13_01_05_101_01_03_9_0030',NULL,'-8.069764','-79.059170','San Pablo','521',0,82),('̤MP',3,'13_01_05_101_01_03_28_0003',NULL,NULL,NULL,'San Pedro','371',0,79),('q @܂q',14,'13_01_05_101_01_03_5_0014',NULL,'-8.072123','-79.058199','San Pablo','300',0,84),('ˈ*N[ڗ9N<',12,'13_01_05_101_01_02_76_0012',NULL,'-8.064370','-79.055098','Los Cedros','895',2,55),('\Z^\nH\0ÜP',21,'13_01_05_101_01_03_7_0021',NULL,'-8.071033','-79.058380','San Jose','950',0,83),('\nN\Zzg',19,'13_01_05_101_01_03_27_0019',NULL,NULL,NULL,'San Lucas','412',0,80),('/W@>oJ;',4,'13_01_05_101_01_03_45_0004',NULL,'-8.069214','-79.057004','Salaberry','498A',0,71),('`bbFޱ1E,',33,'13_01_05_101_01_03_65_0033',NULL,'-8.069054','-79.055631','25 De Diciembre','474',0,60),('F2Kă',21,'13_01_05_101_01_03_27_0021',NULL,'-8.070610','-79.058077','San Lucas','420/412',0,80),('! Gzrʽ\\',19,'13_01_05_101_01_02_75_0019',NULL,'-8.065679','-79.055307','Nicolás De Pierola','260',0,54),('&˽ArE\r]`b',3,'13_01_05_101_01_03_34_0003',NULL,'-8.069528','-79.057131','Reyes','494',0,73),('OݮOڲTe',8,'13_01_05_101_01_03_9_0008',NULL,NULL,NULL,'San Pedro','561',0,82),('C;25',33,'13_01_05_101_01_02_80_0033',NULL,'-8.065654','-79.054397','Los Robles','751',3,51),('JHψrc8~P',29,'13_01_05_101_01_02_76_0029',NULL,'-8.065008','-79.055546','Nicolas De Pierola','300',0,55),('\'uLJC}',3,'13_01_05_101_01_03_64_0003',NULL,'-8.068337','-79.055243','Natividad','531',0,61),('>`\rDR\n4',7,'13_01_05_101_01_03_66_0007',NULL,'-8.070844','-79.054437','Natividad','314',0,59),('A1',1,'13_01_05_101_01_02_74_0001',NULL,'-8.066882','-79.054197','Los Cedros','609',10,53);

/*Table structure for table `Inspections` */

DROP TABLE IF EXISTS `Inspections`;

CREATE TABLE `Inspections` (
  `id` int(11) NOT NULL AUTO_INCREMENT COMMENT 'Identificador',
  `startDate` date DEFAULT NULL COMMENT 'Fecha de inicio',
  `finishDate` date DEFAULT NULL COMMENT 'Fecha fin',
  `inspectionSize` int(11) NOT NULL COMMENT 'Tamaño de la muestra (10% de viviendas o total)',
  `coverage` decimal(4,2) DEFAULT NULL COMMENT 'Número de viviendas inspeccionadas / número de viviendas programadas',
  `stateId` int(11) NOT NULL COMMENT 'Estado de la inspección',
  `typeId` int(11) NOT NULL COMMENT 'Tipo de plan (Vigilancia/Control/Evaluación)',
  `areaId` int(11) NOT NULL COMMENT 'Id de la zona',
  PRIMARY KEY (`id`),
  UNIQUE KEY `UQ_Inspections_id` (`id`),
  KEY `areaId` (`areaId`),
  KEY `typeId` (`typeId`),
  KEY `stateId` (`stateId`),
  CONSTRAINT `FK_Inspections_Areas` FOREIGN KEY (`areaId`) REFERENCES `Areas` (`id`) ON UPDATE CASCADE,
  CONSTRAINT `FK_Inspections_States` FOREIGN KEY (`stateId`) REFERENCES `TableElements` (`id`) ON UPDATE CASCADE,
  CONSTRAINT `FK_Inspections_Types` FOREIGN KEY (`typeId`) REFERENCES `TableElements` (`id`) ON UPDATE CASCADE
) ENGINE=InnoDB AUTO_INCREMENT=17 DEFAULT CHARSET=latin1 COMMENT='Inspecciones';

/*Data for the table `Inspections` */

insert  into `Inspections`(`id`,`startDate`,`finishDate`,`inspectionSize`,`coverage`,`stateId`,`typeId`,`areaId`) values (8,'2015-07-21','2015-07-21',140,NULL,3003,1001,9),(9,'2015-07-22','2015-07-22',140,NULL,3003,1001,9),(12,'2015-07-23','2015-07-23',140,NULL,3003,1001,9),(13,'2015-07-24','2015-07-24',80,NULL,3002,1001,7),(16,'2015-11-25','2015-11-25',80,NULL,3003,1001,8);

/*Table structure for table `Inventories` */

DROP TABLE IF EXISTS `Inventories`;

CREATE TABLE `Inventories` (
  `uuid` binary(16) NOT NULL COMMENT 'Id del inventario',
  `inspected` tinyint(4) NOT NULL COMMENT 'Inspeccionado',
  `focus` tinyint(4) NOT NULL COMMENT 'Foco',
  `treated` tinyint(4) NOT NULL COMMENT 'Tratado',
  `packet` tinyint(4) NOT NULL COMMENT 'Moños',
  `destroyed` tinyint(4) NOT NULL COMMENT 'Destruido',
  `containerId` int(11) NOT NULL COMMENT 'Id del contenedor',
  `visitUuid` binary(16) NOT NULL COMMENT 'Id de la visita',
  PRIMARY KEY (`uuid`),
  UNIQUE KEY `UQ_Inventories_uuid` (`uuid`),
  KEY `visitUuid` (`visitUuid`),
  KEY `containerId` (`containerId`),
  CONSTRAINT `FK_Inventories_Containers` FOREIGN KEY (`containerId`) REFERENCES `TableElements` (`id`) ON UPDATE CASCADE,
  CONSTRAINT `FK_Inventories_Visits` FOREIGN KEY (`visitUuid`) REFERENCES `Visits` (`uuid`) ON DELETE CASCADE ON UPDATE CASCADE
) ENGINE=InnoDB DEFAULT CHARSET=latin1 COMMENT='Inventarios';

/*Data for the table `Inventories` */

insert  into `Inventories`(`uuid`,`inspected`,`focus`,`treated`,`packet`,`destroyed`,`containerId`,`visitUuid`) values ('\0\nfB]\\&~t',1,0,0,0,1,4009,'Cʍo'),('\0؊CWDlN!|',0,0,0,0,0,4009,'/YG欬g\0,'),('\0׃UMa䒊T',1,0,0,0,0,4004,'(hOu?؅@Ӽ'),('\0 zAs! ',0,0,0,0,0,4008,'sՃ\'D\n\"'),('\0%!>K5S',0,0,0,0,0,4004,'聾I'),('\00*AI܃)#',0,0,0,0,0,4005,'1\\DP'),('\0C)E݇f',0,0,0,0,0,4003,'OMjP\'0'),('\0H׮bGYl!ZCŉ',0,0,0,0,0,4006,'M>3~APEr:'),('\0xCA|Hx',5,0,0,0,0,4010,'\" RLilIgS'),('\0Z)@ہyG',0,0,0,0,0,4001,'QRJ ^G'),('\0ҎNчۢdJ',0,0,0,0,0,4005,'_Eזae'),('\0J<8}',0,0,0,0,0,4005,'cR`F\'NC;'),('\0NEHΪs.',0,0,0,0,0,4006,'ՓCNBXJۄ{\''),('\0yDjT',0,0,0,0,0,4003,'CKf.C'),('\05uG2\0@^',3,0,2,2,0,4004,'f2ZC;?'),('\07JcC',1,0,0,0,0,4002,'#[9cEǚ'),('\0٘ߟ7IϮ\0A8',0,0,0,0,0,4003,'DESE!\\D'),('\0HdIE]Ni',0,0,0,0,0,4004,'H4!Fp5Q'),('\0Jީm{һ*',0,0,0,0,0,4008,'SԂAYAtQ.'),('\0W<CG`3K',1,0,0,0,0,4008,';FZާ\r'),('\0ULDVڗ',1,0,0,0,0,4001,'<N?߷JJô'),('ԊGHYe',0,0,0,0,0,4003,'0T]EgE'),('	FҔY/',1,0,0,0,0,4006,'䫳OAM6KϽ'),('\"@=RI#',0,0,0,0,0,4007,'6}JY.Iv$x6'),('-5lGy',0,0,0,0,0,4006,'S&J@U*	gF'),('=дk|HA]',0,0,0,0,0,4003,'rZIOL'),('VFuH\0]a5',1,0,0,0,0,4001,'M>6y0>'),('ce\'\"IBx@Cs',2,0,1,1,0,4004,'zfΰH`_'),('}ź}Lc`K',0,0,0,0,0,4006,'mA؄y-'),('N\"lN܆&',0,0,0,0,0,4010,'?>O<K3'),(', A4FtL߱F',0,0,0,0,0,4002,'I!,Ol{'),('>\Z\'B=<+\ny',2,0,0,0,0,4004,'?O0@U'),('̖SG,7',0,0,0,0,0,4009,'^LOq`\"-'),('_FD\0c\n@ȎM',1,0,0,0,0,4001,'F9bJH\'	'),('?KIax.X',0,0,0,0,0,4008,'@w!E\''),('\"08E<V\"vZ',0,0,0,0,0,4004,'}W-Bհ:MyP5'),('\r^`K\"|',3,0,0,0,0,4004,'v4I\"+Ge'),('DO§',0,0,0,0,0,4010,'4~|B;IUüf'),('%]L\rf',0,0,0,0,0,4002,'BG7Fk.#>'),(';I%+@',2,0,0,0,0,4010,'r\0KS'),('E[ ;ONckGT	',1,0,1,1,0,4004,';FZާ\r'),('I֨K:/5',0,0,0,0,0,4010,'D37Wn'),('Ym*C÷L',1,0,0,0,0,4001,'FhDg\0/['),('c(GЏӏ[',0,0,0,0,0,4008,'dX>M Mb'),('d\n@tr@<',0,0,0,0,0,4007,'4pL>@F=\r/S'),('i+@dz',0,0,0,0,0,4003,'viMJ?\\dѵ'),('miAQT__',0,0,0,0,0,4009,'ԀAE'),('qk$AY9k',12,0,0,0,0,4008,'i9jEVi'),('{L.rrW]',0,0,0,0,0,4004,';K@$ 6='),('O\0YT+',0,0,0,0,0,4008,'5P\"@#E,w'),('*vF-\nq',0,0,0,0,0,4006,':eNIh'),('|dHz\Z/',0,0,0,0,0,4006,'v4I\"+Ge'),('dQC: ',0,0,0,0,0,4006,'6HE]Գf9'),('B	@~<H_',0,0,0,0,0,4007,'n@ɟfi`S'),('!Fѩibh.:i',1,0,0,0,0,4008,'ow\nn\r@hz.'),('+!,Jt/;\r',1,0,0,0,0,4010,'կBA5:\0'),('yiI6!;',0,0,0,0,0,4006,'_SEаk4H'),('i\nJva',3,0,1,1,0,4004,'5%⪅Cʙj W'),('Ͳu<nKס\"+A',1,0,0,0,0,4010,'0V&F}13M'),('*@\"c2',0,0,0,0,0,4002,'ՓCNBXJۄ{\''),('Ut3ITu-?\0',4,0,0,0,1,4008,'#amH+o!'),('mC$-!1',0,0,0,0,0,4010,'NPC@OXS'),('Sߗ7KVW@QU',0,0,0,0,0,4006,'wP$H>ѣ-F'),('*0@ꉾ\0M',0,0,0,0,0,4001,';FZާ\r'),('4U8B}0\"',0,0,0,0,0,4005,'?BVOU'),('De\nJ{c]',0,0,0,0,0,4008,'$BC-ίza'),('\\eAdbR*>O',0,0,0,0,0,4010,';WezALЊ'),('+0!M[³',0,0,0,0,0,4002,'ĝs^Kj0G'),('5pFJ3c՞)',1,0,0,0,0,4002,'{4>\n\"@x3'),('A\rM\rFhG2',1,0,0,0,0,4001,'QjG<_yV'),('Aw$iH0sn',0,0,0,0,0,4004,';Rk)+H/X#{>Y#'),('ItN-]X',0,0,0,0,0,4006,'E>Ŗ'),('b6^HʂהA\Z',3,0,0,0,0,4010,'.WQHEL8͗\\'),('e\rHlG',0,0,0,0,0,4002,'oH2W\r$'),('swHF\\%$',0,0,0,0,0,4005,'CrL}P*'),('t\nN`Z',0,0,0,0,0,4010,';7K(ʦ'),('\nWCG\\;gT6',1,0,1,1,0,4004,'rT{=Fxsd'),('Ek{',0,0,0,0,0,4005,'G~QK0r%:@'),('jMߎ[挫3',0,0,0,0,0,4003,'`}AxLM+.'),('NN\\4',0,0,0,0,0,4002,'pHs('),('պ̱BWS',1,0,0,0,0,4004,'l\ZEk%-|a'),('oK01v.',0,0,0,0,0,4008,'IqCA({'),('\0{IDtnnO<',0,0,0,0,0,4008,'xiT1L3k'),('@,9@[4`',1,0,0,0,0,4010,'?O0@U'),('ՎoHxˁ*n',0,0,0,0,0,4009,'69kGޮl'),('LԢLe',0,0,0,0,0,4007,'i9jEVi'),('.ہRG4	s',0,0,0,0,0,4004,'\'!@D+ѽh'),('<	9C-nH',0,0,0,0,0,4003,'BG7Fk.#>'),('?,w&XK&$`',0,0,0,0,0,4005,'dBέEY{A'),('LԼuKbD',0,0,0,0,0,4004,'hCBڦvD'),('TLEES$p',2,0,0,0,0,4008,'1AFl::ܻ'),('X\\MɬΉS!2',1,0,0,0,0,4010,'OFDfæ3'),('^IGfpO',0,0,0,0,0,4007,'`.G%MM	'),('3|@J#$D',0,0,0,0,0,4004,'7!JN07j'),('jLr;_',1,0,0,0,0,4001,'\'\nGKDL0m'),('=BfE:k)4sd',1,0,0,0,0,4010,'yU/Fњ6İ.%/'),('J8(f*H',0,0,0,0,0,4009,'CrL}P*'),('EEȟDH;k+',0,0,0,0,0,4007,'-ĔJRo'),('^^F1|,԰',0,0,0,0,0,4002,'[bZsG9F'),('\rKԶ&k7B',0,0,0,0,0,4005,'[28}Lُ('),('s}L/)gz',0,0,0,0,0,4005,'gr	@v(@'),('4;Cɹ.\0]Ҧ',0,0,0,0,0,4010,'L׌M8;{h'),(' JbL',0,0,0,0,0,4003,';ݍEIo'),('zlLLG4j``#',0,0,0,0,0,4008,'viMJ?\\dѵ'),('h$C&fz',0,0,0,0,0,4009,'̐Z?BEyY'),('	uF:0',0,0,0,0,0,4009,'d8yJaSu'),('NQ(Sǆ',9,0,0,0,0,4007,'JƼqDJ'),('*teG5\\',0,0,0,0,0,4009,'zfΰH`_'),('DFS,əT',3,0,0,0,0,4010,'睅^C``-1'),('.kxMԞ\0{ۼ',0,0,0,0,0,4007,'zvnLђ<_'),('1kQCUvvX׵',0,0,0,0,0,4007,'zNNސp@+'),('>I',0,0,0,0,0,4007,'Ά_@̜)'),('T\rgB0;h]2',0,0,0,0,0,4009,'*F3MH,'),(']fI_]c;',0,0,0,0,0,4006,'ty:O9]zeb'),('L\nH̐U\r4p',0,0,0,0,0,4005,'`0ML^lF~^X'),('ƺGL8N[NT',0,0,0,0,0,4005,'AOI2G'),('_LdCv1',2,0,0,0,0,4004,'2\n<D<['),('ɚ5O]H',1,0,0,0,0,4004,'NPC@OXS'),('iL2\\\Z_0',0,0,0,0,0,4005,'ty:O9]zeb'),('N{^Q',0,0,0,0,0,4007,'7!JN07j'),('ȀDJ( ɻ',0,0,0,0,0,4010,'zΟ(DŃO'),('BaGs\'w\\_',1,0,0,0,0,4008,'^LOq`\"-'),('Nds',0,0,0,0,0,4005,',egf~A*?5e'),('(	OB5!v',0,0,0,0,0,4002,'0\'IJbz\n'),('K Ci-',0,0,0,0,0,4002,'\\FDF[_'),('\"صD._\"s',0,0,0,0,0,4006,'CrL}P*'),('#/L8L',0,0,0,0,0,4002,')H	!N\0\''),('IkJ^?zY',0,0,0,0,0,4001,'0\0L$#*g'),('L/LJ%%',4,0,0,0,0,4010,'ڔM-3֗'),('`Q|-KϜE\"it',0,0,0,0,0,4001,'ؔAա+C@'),('irDp)(>l',1,0,0,0,0,4001,'p<XF\n3'),('rCJ&',1,0,0,0,0,4001,'IqCA({'),('F!C+DR',0,0,0,0,0,4003,'4~|B;IUüf'),('ƈ#K;vL',0,0,0,0,0,4001,'9NOeɑ6^'),('%NJsZ\0c',0,0,0,0,0,4003,'H,WFߜw'),('%.O$CxR',0,0,0,0,0,4002,'YfE3p'),('[iO;nz',1,0,0,0,0,4001,'=oBR\0'),('K־Cz*',2,0,0,0,0,4004,'2>O꾸9%w'),('LMhNA&N4E|',0,0,0,0,0,4009,'.G֪H(a'),('!~LKZn|',0,0,0,0,0,4006,'pcM8)pB'),(' gGWԡs',0,0,0,0,0,4010,'Е,O{ՙ,\0'),('!4\ZN7ȤV',0,0,0,0,0,4001,';WezALЊ'),('%e{{APcKE',0,0,0,0,0,4007,'ug\rB^ö'),('.8WH)\nE',0,0,0,0,0,4010,'NIQmO0K]?'),('XzK5T=#',0,0,0,0,0,4010,'eU%N?a6'),('d\r\rAmn~',0,0,0,0,0,4008,'`iwCX<bhj'),('~Y1D{xIGQ\Z',0,0,0,0,0,4005,'uYHQ̿'),('9Oԛx\n',0,0,0,0,0,4007,'ALȼ'),('5YVA\"',0,0,0,0,0,4008,'6HE]Գf9'),('OjV',0,0,0,0,0,4003,'\'E~MoD'),('<NŖ8',0,0,0,0,0,4001,'_Eזae'),('~fHT3Ã',0,0,0,0,0,4006,'\\/rNO+x7b'),('9DH1$',0,0,0,0,0,4006,'0V&F}13M'),('ҌH=N:]?\n',0,0,0,0,0,4009,'9qA0,'),('oWRIig<0d',0,0,0,0,0,4001,'c<p|@V?'),('^>@@HT(',0,0,0,0,0,4003,'ۅKlKÎ㫚D'),('T+Kj',2,0,0,0,0,4008,'cYSLL	['),(':vM`>b',0,0,0,0,0,4009,'Z.Ck%S'),('C(\r@',0,0,0,0,0,4007,'KKյd^'),('\0\rHo',0,0,0,0,0,4006,'6	{JLvw'),('	QhԔNx:23p',0,0,0,0,0,4007,'c4SIj\0]clj3'),('8QaN᩼/',1,0,0,0,0,4010,'2>O꾸9%w'),(':LHIBI',1,0,0,0,0,4001,'s6\'$L_It֛'),('?\r( F/R,D',1,0,0,0,0,4001,'\nJMJs /'),('CALy)s<',0,0,0,0,0,4002,'\"k*SA\"L'),('I3%POnR\Z\0a',0,0,0,0,0,4007,'7GOqV'),('LLJk_Fh',0,0,0,0,0,4007,'D6PNS)9'),('Q\n\'BL`',0,0,0,0,0,4007,'e*MR8%'),('V<lC`$b',0,0,0,0,0,4010,'_SEаk4H'),('fbYI%\"{U\"e',0,0,0,0,0,4007,';$^Mp<'),('p=NZp!)a',1,0,0,0,0,4008,'҅	F/ҘI'),('p69J˔؛ ',0,0,0,0,0,4001,'\ZlYLUt'),('}m7I05B㓴',0,0,0,0,0,4009,'[\"0D|е'),('UM4F&-J',0,0,0,0,0,4002,'3\0ĕcL{Lm'),(']`B\"x',1,0,0,0,0,4001,'YNZz'),('gA<<?',0,0,0,0,0,4010,'|L\"Bj'),('΂Jd',0,0,0,0,0,4001,'&LT;c'),('\'?K|FGD',0,0,0,0,0,4004,'R-UrB(F/>'),('aDTBDdo',0,0,0,0,0,4010,'BO66R='),('UD	+}d=',0,0,0,0,0,4010,'n=C6Sй\Z'),('ðcaBϹ%y@t-#',0,0,0,0,0,4001,'{ȗpO2`'),('\nmSCPԣ',0,0,0,0,0,4006,'/hBU۠%2'),('$}NxƂk',0,0,0,0,0,4010,'V&*ߔc@j,\r,'),('H/\0t',0,0,0,0,0,4009,'AG\'F;'),('ZIt',4,0,0,0,0,4004,'{ȗpO2`'),('		\\@ٓwY',0,0,0,0,0,4006,'.ŷёBph_I'),('	\r.M\Zi1̠\02',1,0,0,0,0,4002,'zvnLђ<_'),('	ZmM\'EU`b',0,0,0,0,0,4009,'cʙHhD9ӕg'),('	!êIF\\J',0,0,0,0,0,4005,'^C\'=J+Qho'),('	\'?cfFSBo',0,0,0,0,0,4006,'4ALf.j($I'),('	2_Ak,5',2,0,0,0,0,4001,'<ȈRLLǘРA]b'),('	:Z8a\ZIே0dEdU$',0,0,0,0,0,4006,'\n~IiO|O'),('	U\'aKN',7,0,0,0,0,4004,'LcNU Y'),('	V~@\'ox',0,0,0,0,0,4005,'c<p|@V?'),('	^wӿN鲧)3',0,0,0,0,0,4003,':X/sOfoAz'),('	bKAA]',0,0,0,0,0,4002,'k^B%c,'),('	c\nMRyL',0,0,0,0,0,4010,'V~@|#'),('	lc\0Z#Hz*;&+',0,0,0,0,0,4004,'z93rGG1WUHS'),('	ln L		dE',0,0,0,0,0,4002,']D\Zz¸'),('	}WGAM[$',0,0,0,0,0,4006,'04J{'),('	^M׎<F,{',4,0,1,1,0,4004,'Е,O{ՙ,\0'),('	CEn',0,0,0,0,0,4009,'0V&F}13M'),('	8cDΛ9ςS*a',0,0,0,0,0,4007,'ĝs^Kj0G'),('	?Ni8',0,0,0,0,0,4002,'4~|B;IUüf'),('	CƦB,?a',0,0,0,0,0,4009,'a.3K{3\"QH'),('	ҾGyKG',1,0,0,0,0,4004,'}FBSt'),('	ۀ>O\0h~',1,0,0,0,0,4002,'H,WFߜw'),('\nJg',0,0,0,0,0,4010,'<)N}wZ*'),('\n|`O]y',0,0,0,0,0,4003,'l\ZEk%-|a'),('\n@&7fL%4>d',0,0,0,0,0,4005,'9C8y\\h'),('\naHL\'r}\\',0,0,0,0,0,4005,'5%⪅Cʙj W'),('\nk5D:=\'DL',0,0,0,0,0,4002,'Cʍo'),('\nlX$CI=v',0,0,0,0,0,4008,'zvnLђ<_'),('\n{~O)',0,0,0,0,0,4006,'}W-Bհ:MyP5'),('\nrH>\\ːZ',0,0,0,0,0,4003,'^C\'=J+Qho'),('\n/FPAwC\0',0,0,0,0,0,4010,'>$(-OS&c	'),('\n}p!NF]kLQb',0,0,0,0,0,4009,'\0OpG֍\"'),('\n%KE\r',0,0,0,0,0,4010,'SԂAYAtQ.'),('\nz\Z&HYf\"٦',0,0,0,0,0,4009,'YfE3p'),('\nm	Oٔkmճ',1,0,0,0,0,4008,'ԀAE'),('\nݲvt.L\n^W',0,0,0,0,0,4010,'G~QK0r%:@'),('\nળbB;$*rƨ',0,0,0,0,0,4005,'wؘyU6K\'TU5y'),('\nۈ!oJ\Z	l',0,0,0,0,0,4005,'R̳TqjJ\'=R8C'),('\n(@	HNU',0,0,0,0,0,4009,'J(y('),('\nO4EP`lJ',0,0,0,0,0,4003,'1AFl::ܻ'),('\nlX@F*AŮz',0,0,0,0,0,4007,'9C8y\\h'),('\nYܔE`)i',1,0,0,0,0,4008,'݃\0CIgH'),(')$ABk¾',0,0,0,0,0,4007,'7IsBC'),(')BGg~z',0,0,0,0,0,4006,'r!GQqT'),('>xEЈŢd*',1,0,0,0,0,4001,'EdIYp'),('\\7G)779',0,0,0,0,0,4005,'݃\0CIgH'),('eq:	F/},l#',0,0,0,0,0,4004,'xwǕC[E3'),('hxGC̬@',0,0,0,0,0,4007,'\0=GIpޫz'),('ii)Krt',0,0,0,0,0,4004,'HbHb'),('0BX:',0,0,0,0,0,4006,'c5J\\('),('u@Bv{%r',3,0,0,0,0,4008,'N Py@Ui-'),('ND@uPB\r5',0,0,0,0,0,4006,'~puCJpx'),(']E~w6k',1,0,0,0,0,4008,'2O\'`]'),('CXYHd@2',0,0,0,0,0,4003,'xwǕC[E3'),('hiJ	|^.',0,0,0,0,0,4005,'4iAʐuA'),('楅A>B',0,0,0,0,0,4002,'i\"XrF]|K8c'),('r&.AD{)V',1,0,0,0,0,4001,'OMjP\'0'),('A(8Í',0,0,0,0,0,4002,'RC˂Qpđ'),('JڑAg͸',0,0,0,0,0,4007,'NIQmO0K]?'),('\rCZҹJ',0,0,0,0,0,4007,'\nJMJs /'),('&G\'L_ ',0,0,0,0,0,4001,'6HE]Գf9'),('4ٕBA(v-J',0,0,0,0,0,4007,'<\"B߲'),('I>,Nޥ0XY',0,0,0,0,0,4008,'}FNՀt>2'),('MA#G.+^!',2,0,2,4,0,4004,'!IrІ&'),('acNd[َl7',0,0,0,0,0,4010,'&Q*H\'n{'),('f5KȍI3',0,0,0,0,0,4005,'KKյd^'),('tE`;J t',0,0,0,0,0,4010,'L=O׼h,'),('v/A~߅',0,0,0,0,0,4010,'DESE!\\D'),('P^nIו֯$',0,0,0,0,0,4007,'aqhV<F\'4Uw+'),('r5OR]`Oem',2,0,0,0,0,4010,'BEXJ'),('FJ{ ے)c4',0,0,0,0,0,4002,' N	8Ӵe'),('٠/HӘ(0h',1,0,0,0,0,4001,'GTBy*'),('۟RALɹԫJ',0,0,0,0,0,4010,'Cʍo'),('i7MJzW)',0,0,0,0,0,4010,'W53Ju'),('\rӖAկѶ/3',0,0,0,0,0,4010,'?\rbIkht`|'),('\r	nJC',1,0,0,0,0,4010,'zvi]FzR!R'),('\r\rFLH\'CO',0,0,0,0,0,4006,'Ѫ/CA	qX'),('\r!;AOEt',0,0,0,0,0,4005,'.iJOEo[	DC'),('\r$E\'Gdꁳ',0,0,0,0,0,4002,'3]M͓o*t_'),('\r0i-O\'C.',0,0,0,0,0,4007,'yU/Fњ6İ.%/'),('\rA8AGaƜH',0,0,0,0,0,4006,'$Z\rp@7ȼ'),('\rP5oGx^<',0,0,0,0,0,4009,';\ngOv 1ʢ'),('\rQ \nMTHm]R',0,0,0,0,0,4007,'F9bJH\'	'),('\rl-/4JPx21',1,0,0,0,0,4001,'ߨ7mG-cu\r'),('\r4Eh|p',0,0,0,0,0,4009,'=ƕLr'),('\rLRJIh',0,0,0,0,0,4006,'\"k*SA\"L'),('\r嬼Bm^F,',0,0,0,0,0,4003,']D\Zz¸'),('\rByI`?J{[\n',0,0,0,0,0,4006,'uYHQ̿'),('\rV+BK1:4D',0,0,0,0,0,4007,'!dvBhѳ'),('\rAfUMnr\0',1,0,0,0,0,4008,';7K(ʦ'),('\r)=N ̮',0,0,0,0,0,4007,'S$F\'\n'),('E	\0',0,0,0,0,0,4010,'M>3~APEr:'),('.OnNJLD۴i',0,0,0,0,0,4005,'OO'),('V&Bm',0,0,0,0,0,4007,'CAHVNn'),('hD0G$YK뫲',0,0,0,0,0,4009,'/ơGe@DZ'),('x(AcNyi',0,0,0,0,0,4003,'֨@dVP$'),('>QGHo',0,0,0,0,0,4007,'\\\'JJRJT	'),('DNܺE5].i',0,0,0,0,0,4010,'xɞL\r8`'),('qqMMU@&[',1,0,1,6,0,4002,'FG^~JT'),('>A+yb',0,0,0,0,0,4004,'OMjP\'0'),('B;MW{3',1,0,0,0,0,4001,'OBK82I>~'),('݇;LQ_T;n\0',2,0,0,0,0,4008,'}FBSt'),('(JLF\Zo',0,0,0,0,0,4009,'4Fȝj'),('Z	A=AC',1,0,0,0,0,4004,'>@^\Z,B'),('8HK6',2,0,0,0,0,4008,'1\\\n1FӳG\"M\0'),('.i@B	r#IY',0,0,0,0,0,4004,'Q$*\'#LۉM6sA'),('kшM2N',0,0,0,0,0,4005,'2>O꾸9%w'),('i-MT|=9CF',0,0,0,0,0,4008,'ilh@@\nZ0d'),(':3\0BJ',0,0,0,0,0,4003,'0V&F}13M'),('WIF^o	b',0,0,0,0,0,4005,'rZIOL'),('Z6{Ge	t(',3,0,0,0,0,4010,'[Ex_,'),('bHTAN%oeN',1,0,0,0,0,4008,'~8L649'),('dd0eK\n\0[',0,0,0,0,0,4006,'4~|B;IUüf'),('r?QTOѨ)$\'Ω',0,0,0,0,0,4005,'xiT1L3k'),('\'bF)k',0,0,0,0,0,4010,'F9bJH\'	'),('q)O9u',1,0,0,0,0,4010,'ty:O9]zeb'),('br7@Sle',0,0,0,0,0,4009,']LjMUK'),('H Ne|R',0,0,0,0,0,4003,' ÔMNU='),('o[~O\\l',0,0,0,0,0,4009,'DQEtQ؇'),('憮@:/M1C',0,0,0,0,0,4005,'3LO3m'),('Mw6@P?C',0,0,0,0,0,4002,'@/mOJd'),('_ՒB\"2\\[FD',0,0,0,0,0,4003,'[\"0D|е'),('PEnTNn',0,0,0,0,0,4010,'[bZsG9F'),(' ıOoAi5p',1,0,0,0,0,4001,'K7yI<'),('QebBfӓ$Ч',0,0,0,0,0,4003,',egf~A*?5e'),('f=aM9_;7',1,0,0,0,0,4008,'r\0KS'),('uJ*P@C;',1,0,0,0,0,4004,'>$(-OS&c	'),('%A8S',1,1,1,12,0,4002,'聾I'),('Pq2BΚXǀ',0,0,0,0,0,4006,'[SMc!~X]'),('\Z\0M|ߙ^	',0,0,0,0,0,4007,'rgeFn'),('Ȩ	JH1',4,0,0,0,0,4007,'ZC1kY'),('zI?\'fp1',0,0,0,0,0,4007,'KF|b'),('hOQ',0,0,0,0,0,4009,'}W-Bհ:MyP5'),('TOD]CG',0,0,0,0,0,4007,'?\Z>FBz\Z'),('ø0MG!\'/',0,0,0,0,0,4007,'/hBU۠%2'),('5Fv>\Z',0,0,0,0,0,4006,'҅	F/ҘI'),('}{D֗B2j',0,0,0,0,0,4005,'S$F\'\n'),('g&FIQb',0,0,0,0,0,4007,'2>O꾸9%w'),(' ʧM_ָS$P',0,0,0,0,0,4005,']\nŜ <F^sa-7&'),('=tRIl\Z',0,0,0,0,0,4002,'suFť=K:'),('>܏B諘8}FZ',0,0,0,0,0,4003,'#,@֝㝀'),('Ey߅Da8',2,0,0,0,0,4008,'{g OcGx8'),('Z=O4FdP',0,0,0,0,0,4006,'SԂAYAtQ.'),('kȨYAԫRӸw',0,0,0,0,0,4007,'_SEаk4H'),('tYgGkmA ',0,0,0,0,0,4007,'.iJOEo[	DC'),('2C@.Y<?',0,0,0,0,0,4009,'G~QK0r%:@'),('_@Jm,',2,0,0,0,0,4004,'&LT;c'),('_GKDrI',0,0,0,0,0,4005,';K@$ 6='),('~WF.7',0,0,0,0,0,4006,'0MɗF4jz'),('ɆxGA^}A[3',0,0,0,0,0,4005,';$^Mp<'),('4CqЩfm',0,0,0,0,0,4002,'ɠ/FRI'),('~9B췹A',0,0,0,0,0,4005,'ŅdNYMΗ'),('KifS1',0,0,0,0,0,4005,'KKHwݡk'),('2n@p1dj;',2,0,0,0,2,4008,'v&vI0K媵}'),('Lg1',0,0,0,0,0,4005,'\'pOSLMN'),('PuH\nY$',0,0,0,0,0,4009,'9)NƅD[Қ'),('|@jVrsX^r',0,0,0,0,0,4005,'35@ARiBI'),('$־Fb\n',1,0,0,0,0,4001,'Y0Z@d\0)/]L'),('>b^K6j',0,0,0,0,0,4004,'KF|b'),('mAnDɍGs',0,0,0,0,0,4003,'4iAʐuA'),('nRG\nAt',0,0,0,0,0,4005,'zvnLђ<_'),('zShLӂIfZ\0<',0,0,0,0,0,4004,'&DC\Z+'),('O7l7',2,0,0,0,0,4004,'6}JY.Iv$x6'),('pİ$D=d&um',2,0,0,0,0,4001,'<\"B߲'),('-AXFd#ާ',0,0,0,0,0,4009,',egf~A*?5e'),('K;CֆȈ֡y',0,0,0,0,0,4005,'SԂAYAtQ.'),('h#1C0F3',0,0,0,0,0,4002,'W7=O77V)W'),('\rzOYAde',1,0,0,0,0,4001,'\0Y$Kޙo#Ǖ'),('sE>  ',1,0,0,0,0,4010,'r!GQqT'),('\ZHO)\Zm',0,0,0,0,0,4005,'DiQyMe\"2'),('4Mn|\'',1,0,0,0,0,4004,'ty:O9]zeb'),('t?TkAqr(RK',0,0,0,0,0,4007,'EdIYp'),(';O\\~',0,0,0,0,0,4010,'v4I\"+Ge'),('\n-@D۝hL}',0,0,0,0,0,4009,'ALȼ'),('+\"UHbǊ 	',0,0,0,0,0,4001,'d\nTFf k<'),('6pLښK)=G',0,0,0,0,0,4002,'Z}NM2{:[5'),('FGőOmV[a',1,0,0,0,0,4002,'IfAUZܓ2N'),('Gx;CLm>_6\'',0,0,0,0,0,4007,'2fY#C74~kd'),('Q7_5K|$\'',0,0,0,0,0,4006,'L\ZfYJO'),('VB┸e{',0,0,0,0,0,4005,'rT{=Fxsd'),('XBGC9]',0,0,0,0,0,4007,'*F3MH,'),('__QHld\\~',1,0,1,2,0,4004,'ZC1kY'),('o*leJIq^',0,0,0,0,0,4001,'ρjhD};i]'),('@_J6iY\\^',0,0,0,0,0,4010,'rEљ\rƛs'),(';Dr',0,0,0,0,0,4002,'p/[Jh악=;'),('wM#>nSI',1,0,0,0,0,4008,'LLb['),('NaD',1,0,0,0,0,4001,'ZF%bN5'),('>@r|ָi{',0,0,0,0,0,4009,'xwǕC[E3'),('-\r6Bn>:|',1,0,0,0,0,4001,'8ÐȖJv'),('xbgNG',1,0,0,0,0,4002,'\\@)%%MIk'),('Pg.L;Nrޏ',0,0,0,0,0,4007,'N Py@Ui-'),('S.AΛG(',0,0,0,0,0,4005,'R-UrB(F/>'),(' YmkDSj7d',1,0,0,0,0,4001,'rEљ\rƛs'),('\"jX@ZvF',0,0,0,0,0,4003,'X8Aj%1'),('6LGlD̺x1}չ$',0,0,0,0,0,4007,'B<[B\n3n\\'),('7gȔJㄕ&2Oƫ',8,2,0,0,2,4010,'cʙHhD9ӕg'),('BzKvc.',0,0,0,0,0,4004,'xɞL\r8`'),('Dĉ@?Ɯs',0,0,0,0,0,4003,'gr	@v(@'),('RH9P',0,0,0,0,0,4009,'DiQyMe\"2'),('TOҠaO_07\\z',0,0,0,0,0,4002,'^LOq`\"-'),('`Oz{mkL.',0,0,0,0,0,4007,'zΟ(DŃO'),('e	dL0.@',0,0,0,0,0,4006,':X/sOfoAz'),('g#NHV<1',3,0,0,0,0,4004,'kCH)'),('& @ѬTKE',0,0,0,0,0,4007,'>@^\Z,B'),('HH$c%',0,0,0,0,0,4007,';7K(ʦ'),('螂L#׃\'\0\\',0,0,0,0,0,4010,'ƘgAZhto'),('\'_EXx\n6ax',1,0,1,1,0,4004,'EdIYp'),('yHy08',0,0,0,0,0,4010,'ԀAE'),('Wb@SXAW',0,0,0,0,0,4002,'n;b7Aj%-'),('ܐM.',0,0,0,0,0,4006,'IJC􉉓[-?U'),('ݒ6bEï:m_l',0,0,0,0,0,4004,'\'\nGKDL0m'),('@ApCYлFP',1,0,0,0,0,4004,'\'%DC=x'),('\0Fmu@#h\'',0,0,0,0,0,4008,'E1-Nd5I'),('	#̂!BRTů86',0,0,0,0,0,4003,'suFť=K:'),('#yRdDiLY)',0,0,0,0,0,4010,'̐Z?BEyY'),('*&O̚\r%',2,0,0,0,0,4008,'T%߉@לM<'),('+=CMt',0,0,0,0,0,4007,'~puCJpx'),('4\"Hi-|V\0',1,0,0,0,0,4001,'2>O꾸9%w'),('8ҿM\'Z',0,0,0,0,0,4003,'ŅdNYMΗ'),('X\nJK\0B',1,0,0,0,0,4001,'H>JB!|H'),('aH\'GU',0,0,0,0,0,4009,'zΟ(DŃO'),('irLW~(m',0,0,0,0,0,4005,'sՃ\'D\n\"'),('knʵBtLΝ',0,0,0,0,0,4005,'u}GN@e|}'),('v?[CK\Zo',11,0,0,0,0,4008,'c4SIj\0]clj3'),('$$`<Lk.T0',0,0,0,0,0,4001,'5P\"@#E,w'),('w:CXqhu y',0,0,0,0,0,4009,'2>O꾸9%w'),('~OLIԉ#y',0,0,0,0,0,4009,'n=C6Sй\Z'),('jy@˗&N5<p',0,0,0,0,0,4009,'\0=GIpޫz'),('6XEJ&9<(',0,0,0,0,0,4008,'e*MR8%'),('ړI֓wJ^',0,0,0,0,0,4007,'[\"0D|е'),('kBHe 5x ',0,0,0,0,0,4002,'OFDfæ3'),('EG|n\\ў',0,0,0,0,0,4003,'݃KG?'),('(9@OGw][{',24,0,0,0,0,4008,'zΟ(DŃO'),('8_LLN}t',4,0,0,0,0,4008,'aϿjCPdu'),('M:TdIS',0,0,0,0,0,4003,'rgeFn'),('UPa~+Gi',0,0,0,0,0,4008,'#,@֝㝀'),('YOGF#',0,0,0,0,0,4008,'`}AxLM+.'),('w=K[:',1,0,0,0,0,4001,'tk?BI+[a'),('}m1L5%s*>',0,0,0,0,0,4005,'XaA2јj'),('vnGԈ|Z=',0,0,0,0,0,4007,'QRJ ^G'),('őZ@uk',0,0,0,0,0,4002,'.$EHi!6\"'),('/DlO:r',0,0,0,0,0,4010,'g\'M\'Mʆp#My'),('6WK͠jNg',0,0,0,0,0,4008,'G֜I&\'T'),('DUHo4P',0,0,0,0,0,4005,'@w!E\''),('͞8DK0aH]',0,0,0,0,0,4007,'b\"&N8ք'),('cuL.@J',0,0,0,0,0,4004,'?\rbIkht`|'),('D:Lt7<~',0,0,0,0,0,4003,'=ƕLr'),('&	=_I6Mᢐ',1,0,0,0,0,4004,'n=C6Sй\Z'),('=ҕLw&*',2,0,0,0,0,4010,'l\0sL&|'),('		stCjU',0,0,0,0,0,4002,'/R_AG\0,E'),('+oC ~',2,0,0,0,0,4010,'P\"KbJ~'),('))rMTy4m',0,0,0,0,0,4010,'GTBy*'),('/\nc5AΐA',0,0,0,0,0,4002,'^D̦s'),('3WG8BT)',2,0,0,0,0,4008,'rgeFn'),('=OL]\0W',0,0,0,0,0,4005,'^SMmIn'),('J܎Hy\"J\r',0,0,0,0,0,4010,'7IsBC'),('^ѓMt} }	q',0,0,0,0,0,4007,'#B[GM-A'),('s&Obp',0,0,0,0,0,4004,'0Fዙ/vj'),('v=dK裫\0%c',0,0,0,0,0,4007,'H4!Fp5Q'),('$UzEꐜ4<Y',0,0,0,0,0,4004,'Cʍo'),(')xF3l~oH\r',1,0,0,0,0,4008,'INهt'),('kA/',0,0,0,0,0,4009,'\\hXJv78~'),('B֓ZI',0,0,0,0,0,4006,'(0[B.\Z'),('e<eJe',0,0,0,0,0,4006,'2O\'`]'),('s?D[j\r',0,0,0,0,0,4007,'øA-M|Acq#'),('l_Ow!I',0,0,0,0,0,4003,'93ןCҍ8d'),('!eB382-:',0,0,0,0,0,4001,'<)N}wZ*'),('gEjX&\r',0,0,0,0,0,4003,'D37Wn'),('OEۘpe',0,0,0,0,0,4005,'؋&qF\r-kt'),('6}`G<=|Ծ',3,0,0,0,0,4008,'&DC\Z+'),('\0&Kq#W',0,0,0,0,0,4002,'FzA(F'),('RDBYz?a',0,0,0,0,0,4004,'2?G$[KFɀ'),('gNۊ@',0,0,0,0,0,4009,'$Hɺ\06'),('-C̽\Z҃',0,0,0,0,0,4005,'睅^C``-1'),('2O.[i\0',0,0,0,0,0,4004,'.G֪H(a'),('k%W6eE͚',0,0,0,0,0,4010,'_SxOG(le'),('<HG\n>`',0,0,0,0,0,4006,'>Fi^'),('w~&1D3',0,0,0,0,0,4009,'5%⪅Cʙj W'),('d[JLNɅ',0,0,0,0,0,4001,'pXąE$d'),('bC\"+\n',0,0,0,0,0,4009,'L)O	A\\x$!\''),('A4L \ZBp',0,0,0,0,0,4004,'3\0ĕcL{Lm'),('cvKIF(E',0,0,0,0,0,4003,'KeKI9Sl.c'),('ڔEi',0,0,0,0,0,4007,'YNZz'),(',IcGP67	',0,0,0,0,0,4001,'W53Ju'),('\nN!@p#dn<{/!',0,0,0,0,0,4006,'WiL<Lpގ'),('(:iNLg?c',0,0,0,0,0,4002,'pXąE$d'),('@Cl[dI',0,0,0,0,0,4005,'4Fȝj'),('oJnT֥3',1,0,0,0,0,4010,'zvnLђ<_'),('1oLGiB.L',2,0,0,0,0,4010,'vqAN*~Z'),('<Ax2C9bzf',0,0,0,0,0,4003,'n;b7Aj%-'),('>fb0Ie)',1,0,0,0,1,4010,'mKD\"%:`'),('AaDځ\nM\0',0,0,0,0,0,4009,'%mGȧkQd@'),('G	4\'iHӬc?',0,0,0,0,0,4010,'l\ZEk%-|a'),('J@Ep\rESS',1,0,0,0,0,4001,'gr	@v(@'),('^BHe0',0,0,0,0,0,4005,'V&*ߔc@j,\r,'),('^)\rIuRa9',0,0,0,0,0,4006,'dBέEY{A'),('p{K\rt',0,0,0,0,0,4009,'6	{JLvw'),('<n\'JIN{Ch',0,0,0,0,0,4007,'2?G$[KFɀ'),(' (E9	ڪ*',0,0,0,0,0,4005,'qAXQr@t6j'),('HgGg͜O`',0,0,0,0,0,4007,'AG\'F;'),('0\nH֊i8',0,0,0,0,0,4006,'P2V2	IsFW'),('#C[_૮PT',0,0,0,0,0,4008,'kS^PFO\nj'),('/FĂjb<',0,0,0,0,0,4003,'T@ٜ /M'),(')wfICQnl',0,0,0,0,0,4009,'I5Bk]'),('X}LQży	',0,0,0,0,0,4004,'7IsBC'),('LN\05\rQЀ',0,0,0,0,0,4006,'>C@7\ZƧ]'),('񴀈E$Z',0,0,0,0,0,4002,'\\\'JJRJT	'),(';ZG*>O',0,0,0,0,0,4009,'KKյd^'),('\Z)Z)Bz0r7<L',0,0,0,0,0,4003,'-ĔJRo'),('\Z`)I\\R!',1,0,0,0,0,4001,'֨@dVP$'),('\ZT@b\'\0F',0,0,0,0,0,4002,'#,@֝㝀'),('\Z#OdkIț͎BUNe',1,0,0,0,0,4004,'<)N}wZ*'),('\Z3\nA4qy_=',0,0,0,0,0,4009,'@~A@ǅRK'),('\Z@cD1bi;',0,0,0,0,0,4007,'֨@dVP$'),('\ZKsOH5hG',0,0,0,0,0,4002,'}FNՀt>2'),('\Zd*)B uD',0,0,0,0,0,4009,'LJ)Z#|'),('\Zo@xOܿ^+%c۔',0,0,0,0,0,4006,'t\0F\ZQN?'),('\Z{ԁ*&NO5`',0,0,0,0,0,4006,'KKHwݡk'),('\ZOMو?]u֤',0,0,0,0,0,4005,'nǰF\\K`'),('\ZDO\"nÓ',0,0,0,0,0,4010,'&DC\Z+'),('\ZE,A=sd^',0,0,0,0,0,4006,'?BVOU'),('\ZHOȱ;=',1,0,0,0,1,4006,'QjG<_yV'),('\Z\\J?2.',1,0,0,0,0,4004,'6HE]Գf9'),('\ZU6;JkrGomk',0,0,0,0,0,4005,'{4>\n\"@x3'),('\Z4pByD',0,0,0,0,0,4009,'OFnGIL'),('\ZjI;Q`',1,0,0,0,0,4001,'z93rGG1WUHS'),('\ZDw,',0,0,0,0,0,4003,'iVLj5{'),('\ZN҅-ʖ',0,0,0,0,0,4002,'f2ZC;?'),('j0PCїw3',0,0,0,0,0,4007,'G֜I&\'T'),('z}M>/4u7[',1,0,0,0,0,4001,'l\0sL&|'),('$~J+%Z',0,0,0,0,0,4001,'vqAN*~Z'),('./рM\n`m~\Z',0,0,0,0,0,4003,'=oBR\0'),('YB$m=Be8KkA',1,0,0,0,0,4004,'?>O<K3'),('nqILH:+Δ:&',0,0,0,0,0,4006,'ZF%bN5'),('pOEIauޅy',0,0,0,0,0,4008,'B``Ko\''),('GJa	݆j',2,0,1,1,0,4004,'wN5f'),('J-}',3,0,0,0,0,4008,'2I-G=b'),('o@MS7',0,0,0,0,0,4003,'\" RLilIgS'),('kD<\Z*愤',2,0,0,0,0,4010,']LjMUK'),('̫K/wb',0,0,0,0,0,4005,'!IrІ&'),('BNrJ\'x',0,0,0,0,0,4006,'nNK%F&Io'),('@p>E',0,0,0,0,0,4005,'}FBSt'),('^?ʪAQ',0,0,0,0,0,4009,'iqDBIb탥'),('\r~GQ<J́',0,0,0,0,0,4006,';\ngOv 1ʢ'),('\ZOyDfVbv&',0,0,0,0,0,4003,'ƘgAZhto'),(':	D있]',0,0,0,0,0,4007,'\"k*SA\"L'),('@FH˫',2,0,0,0,0,4010,'øA-M|Acq#'),('REN\"jr',0,0,0,0,0,4008,'tk?BI+[a'),('[N!6|	x',2,0,1,4,0,4001,'rgeFn'),('_BAۮy?;< ',4,0,0,0,0,4008,'\\&G&4N'),('l{K$E',0,0,0,0,0,4001,'T@ٜ /M'),('uhsJDJ?cBA',0,0,0,0,0,4003,'9䤨v@x+\"'),('v87O5 mc',4,0,0,0,0,4010,'pXąE$d'),('vzhLB',0,0,0,0,0,4005,'XXGyB0עa'),('~x#9M M6',8,0,0,0,0,4010,'[28}Lُ('),('HrKiO\Z',0,0,0,0,0,4009,'0MɗF4jz'),('FP%ng^I',4,0,0,0,0,4010,'3\0ĕcL{Lm'),('DAlsZK=',0,0,0,0,0,4004,'0\'IJbz\n'),('fG_\\2K',1,0,0,0,0,4010,'TK0M4\Z '),('o!B\\ma?B',0,0,0,0,0,4010,'iqDBIb탥'),('dKD',0,0,0,0,0,4003,'&Q*H\'n{'),('\'\nFPANM!',0,0,0,0,0,4006,'FzA(F'),('\'K>K8F',7,0,0,0,0,4008,'ݳ^Ct4o'),('PD\\=)',0,0,0,0,0,4009,'8-BEVj'),('hBI`l^',0,0,0,0,0,4005,'l\0sL&|'),('`3E(v',0,0,0,0,0,4007,'#怴4LG{O'),('/pdEZԨ',0,0,0,0,0,4009,'\'pOSLMN'),('\ZN#GᄾR',1,0,0,0,0,4010,'/YG欬g\0,'),('\"8R	`Bտʓβ',0,0,0,0,0,4005,'t\0F\ZQN?'),('$E&A	JEZw',0,0,0,0,0,4006,'4Fȝj'),('42߁CCRWp',0,0,0,0,0,4002,'E9'),('9-8H{?',0,0,0,0,0,4003,'`.G%MM	'),('=wCO\nq`',1,0,0,0,0,4008,'NkLJl0G,U'),('?M}[/',1,0,0,0,0,4001,'^D̦s'),('C@@@j/',0,0,0,0,0,4005,'9qA0,'),('L(yB\ZɘM',0,0,0,0,0,4006,'M>6y0>'),('M\0BPPOߙNc',0,0,0,0,0,4005,'l-rI0-'),('XCKC؎=	',0,0,0,0,0,4006,'ڊ5Kʴ{\Z\":'),('fIG{=u.R=',0,0,0,0,0,4005,'<p\nDqYXY'),('x>UI\\n7',0,0,0,0,0,4005,'OiJrQuDV,'),('.9kB.GSN',0,0,0,0,0,4009,'TK0M4\Z '),('?JIve',0,0,0,0,0,4003,'aϿjCPdu'),('O\r>IXfT',0,0,0,0,0,4008,'X&L.ߪu{'),('NMoQdL',0,0,0,0,0,4003,'8ÐȖJv'),('lbA蘍~G9iSL',0,0,0,0,0,4007,'ߨ7mG-cu\r'),('	L~e>',0,0,0,0,0,4005,'8ÐȖJv'),('KJ~,',0,0,0,0,0,4004,'Bu޺TAC9W'),('@-',0,0,0,0,0,4009,'\\uNEvg$z'),(' ˢJPiFb',0,0,0,0,0,4009,'ρjhD};i]'),('WN	l0ކ̫',0,0,0,0,0,4005,'AŞɻg`'),('JuiFO[',0,0,0,0,0,4004,'[\"0D|е'),('\"_+B?ǂ*Y',0,0,0,0,0,4006,'zvnLђ<_'),('6ҟFtA(y_',0,0,0,0,0,4003,'\'!@D+ѽh'),('O	DK.(\0<=',2,0,0,0,0,4010,'oH2W\r$'),('QJi',0,0,0,0,0,4002,' ?ErP'),('a*>IWp=',1,0,0,0,0,4001,'n=C6Sй\Z'),('g\0JT%A&j',0,0,0,0,0,4002,'+׌*KؼǢd;W'),('n5MOxvv',0,0,0,0,0,4009,'T%߉@לM<'),('wbC[',1,0,0,0,0,4002,'04J{'),('\"J@Z<?N',0,0,0,0,0,4003,'@+HGn~؏'),('3Oy}uHsm',0,0,0,0,0,4003,'sՃ\'D\n\"'),('UBWIz',1,0,0,0,0,4001,'X&L.ߪu{'),('FIDOt',0,0,0,0,0,4004,'LJ)Z#|'),('xRN8hp',0,0,0,0,0,4010,'5%⪅Cʙj W'),('%DʕҦ',5,0,0,0,0,4008,'ʬEvL(ʳ۶'),('òJ C~C&',1,0,0,0,0,4001,'{D=N(Y.\'HP@'),(' ƻD>˫`:',1,0,0,0,0,4004,'9C8y\\h'),('SjOy3NA',0,0,0,0,0,4010,'IJC􉉓[-?U'),('6Mلq',3,0,0,0,0,4010,'CAHVNn'),('GAV\07F',0,0,0,0,0,4009,'?\rbIkht`|'),('ȤpNKȺ',0,0,0,0,0,4006,'^RIȟ.S-'),('?RJFn',0,0,0,0,0,4005,'rEљ\rƛs'),('CHD7JQ',0,0,0,0,0,4007,'ɠ/FRI'),('=O <F',1,0,0,0,0,4001,'OO'),('{\r=ONMB$uA',0,0,0,0,0,4006,'9NOeɑ6^'),('0֯N@	\\)k ',0,0,0,0,0,4007,'a.3K{3\"QH'),('5	7BC\'B;',0,0,0,0,0,4009,'BDq׍1'),('7v(M;CIoX',0,0,0,0,0,4003,'$Hɺ\06'),('>cPCýWy',0,0,0,0,0,4009,'!LX.zX'),('baKn/Y&',0,0,0,0,0,4005,'xɞL\r8`'),('hlMX[33',0,0,0,0,0,4008,'suFť=K:'),('ngBp&	',0,0,0,0,0,4009,'kCH)'),('hOdbǊ4',0,0,0,0,0,4003,'u}GN@e|}'),('-qEʯOj',1,0,1,3,0,4002,'L=O׼h,'),('{UEˣ',0,0,0,0,0,4004,'zvnLђ<_'),('`C8pz',1,1,1,5,0,4002,',egf~A*?5e'),('\0Y%O|v>',1,0,0,0,0,4002,'>mAI4%UT'),('鍞YL7c	',0,0,0,0,0,4007,'?@EDa\\X'),('8BNTh;C',0,0,0,0,0,4007,'NkLJl0G,U'),(' \rXVOPI;',0,0,0,0,0,4003,'NPC@OXS'),(' *.A׃y̭g',1,0,0,0,0,4001,'	](cD(Q)F-r-'),(' My1G!ի8',0,0,0,0,0,4009,'҅	F/ҘI'),(' N^J|ӿ\\Q',0,0,0,0,0,4004,'6	{JLvw'),(' kP}}K&O\n(',0,0,0,0,0,4006,'$K۲'),(' |[E)@AC',0,0,0,0,0,4005,'\0OpG֍\"'),(' qB/TfIZ',0,0,0,0,0,4009,'Ά_@̜)'),(' FG\0}j',0,0,0,0,0,4001,'CKf.C'),(' aNCPt_',0,0,0,0,0,4006,';Rk)+H/X#{>Y#'),(' 8D{\r',0,0,0,0,0,4003,'INهt'),(' 4	M҃g^Gs',0,0,0,0,0,4003,'\\/rNO+x7b'),(' p|EJ!&',0,0,0,0,0,4003,'nǰF\\K`'),(' 	B,tz',1,0,1,3,0,4002,'N Py@Ui-'),(' @ݪ9zR=%	',0,0,0,0,0,4003,'pXąE$d'),(' AU=ЛeTr',3,0,0,0,0,4008,'5GNw\Z'),(' ZiNC	2N',0,0,0,0,0,4003,'BO66R='),(' BA',0,0,0,0,0,4005,'-jK>SL(r'),(' VOI5\rS',0,0,0,0,0,4009,'0Fዙ/vj'),(' N$Oꎫ!^ ',0,0,0,0,0,4001,'DiQyMe\"2'),(' q>8	JSv/?޿',1,0,0,0,0,4001,'cYSLL	['),(' 6>\\G-g',0,0,0,0,0,4007,'n=C6Sй\Z'),(' XU/LM',1,0,0,0,0,4001,'ڔM-3֗'),('!ȥHO$R/c',0,0,0,0,0,4007,'	](cD(Q)F-r-'),('!\naO\ZOh',0,0,0,0,0,4010,'\0OpG֍\"'),('!Kl>L*xcD',0,0,0,0,0,4004,'2O\'`]'),('!)IAGv',0,0,0,0,0,4004,'A9ID	s܄'),('!/mQGv',0,0,0,0,0,4010,'r(LG)<y'),('!6\\>sIl:',1,0,0,0,0,4001,'.$EHi!6\"'),('!aYwH6iN',0,0,0,0,0,4009,'-jK>SL(r'),('!gYYM3*E-',0,0,0,0,0,4002,'+M&bbOiIa'),('!|IY~Ka',0,0,0,0,0,4004,'l-rI0-'),('!XqC\\t)@',0,0,0,0,0,4003,']\nŜ <F^sa-7&'),('!IkIH=MH',1,0,0,0,0,4002,'.YCHkc\"'),('!!9C\nUB.',0,0,0,0,0,4002,'{g OcGx8'),('!4kKL*\'b{Y',0,0,0,0,0,4003,'L׌M8;{h'),('!I-RRIVQH',0,0,0,0,0,4004,'uYHQ̿'),('!,AGѦDG',2,0,0,0,0,4004,'Ǽ\0J;s'),('!9HCq-\0f',0,0,0,0,0,4010,'\\/rNO+x7b'),('!Y@M9',0,0,0,0,0,4003,'J(y('),('!;vCL>\'f',0,0,0,0,0,4003,'rT{=Fxsd'),('!iIx',0,0,0,0,0,4005,'CKf.C'),('!ڹGK',0,0,0,0,0,4006,'7GOqV'),('!1FBy&',0,0,0,0,0,4005,'?>O<K3'),('\"35B|MS',0,0,0,0,0,4003,'4pL>@F=\r/S'),('\" N,',0,0,0,0,0,4003,'W53Ju'),('\" HAW',0,0,0,0,0,4008,'8Dj@S.س~g'),('\"-,	WH>pY*ɭ',1,0,1,1,0,4004,'L)O	A\\x$!\''),('\">fCDǪQ0',0,0,0,0,0,4005,'@/mOJd'),('\"TRpA;!.',1,0,0,0,0,4001,'iqDBIb탥'),('\"]NRZL[\Z',0,0,0,0,0,4009,'YNZz'),('\"b<FxOH*t-',0,0,0,0,0,4006,'ƘgAZhto'),('\"kOmJէrB',3,0,0,0,0,4008,'݃KG?'),('\"+{+M`\'[܄+',0,0,0,0,0,4008,'zvi]FzR!R'),('\"\\#Dp,@',1,0,0,0,0,4002,'CKf.C'),('\"\n<AG5S\nP䎚',0,0,0,0,0,4004,'\\/rNO+x7b'),('\" $?BK=Z',0,0,0,0,0,4007,'=;A沕'),('\"gI&C\r3u',1,0,0,0,0,4010,'ߨ7mG-cu\r'),('\"FOӻTf\\',0,0,0,0,0,4008,'|L\"Bj'),('\"zMFW',0,0,0,0,0,4006,'FG^~JT'),('\"N}Lr5',0,0,0,0,0,4009,'p<XF\n3'),('\"h8DQ$4~',0,0,0,0,0,4003,'J	D$X'),('\"|I3%!8',0,0,0,0,0,4003,'X\nmF Xk1('),('#A뮲7X\"',0,0,0,0,0,4004,'CHۢ|W	'),('#-O>\Zan*',0,0,0,0,0,4003,'IJC􉉓[-?U'),('#1ڗBMAV8',0,0,0,0,0,4007,'wO1'),('#F{B+}3H',0,0,0,0,0,4003,'e*MR8%'),('#J{Iݔ!G!XH',1,0,0,0,0,4004,'_SxOG(le'),('#PW}}@6}',2,0,0,0,0,4010,'/yBYw'),('#awLCU),',0,0,0,0,0,4009,'J\'(e94'),('#nRsINLB0',0,0,0,0,0,4003,'M>6y0>'),('#vi˒NJw\0#R',0,0,0,0,0,4007,'.ŷёBph_I'),('#w!MA*',0,0,0,0,0,4006,'DiQyMe\"2'),('#zciC|:zŰ',4,1,2,2,0,4004,';ݍEIo'),('#}\r/KM(',0,0,0,0,0,4010,')H	!N\0\''),('#9OMv\r=)',0,0,0,0,0,4009,':1KWu'),('#ݽE14,5',0,0,0,0,0,4001,'(ݰfCutI.h'),('#\r\'J+jav',0,0,0,0,0,4006,'Ά_@̜)'),('#̜.N\0m',0,0,0,0,0,4010,'^C\'=J+Qho'),('#c@O+',0,0,0,0,0,4004,'*F3MH,'),('#ʑ[EҔV\\]?',0,0,0,0,0,4001,'-KC\\%'),('#|E*in',1,0,0,0,0,4001,'.ŷёBph_I'),('#quJ%ȍD',1,0,0,0,0,4001,'xiT1L3k'),('$S	B-X',2,1,2,2,0,4004,'ULbCyeq'),('$AXZB\rIF-',0,0,0,0,0,4009,'Ft4s\'G-'),('$Mh&NPéf',0,0,0,0,0,4003,'P_enE1}pf'),('$Rz6.J[>j',0,0,0,0,0,4005,'\"r7NlQE'),('$bRNk)	4',0,0,0,0,0,4003,'wP$H>ѣ-F'),('$e>FuBOG',0,0,0,0,0,4009,'OiJrQuDV,'),('$fkIcl_NA.',0,0,0,0,0,4005,'uJ%TO_sT'),('$aLpNe',0,0,0,0,0,4005,'X8Aj%1'),('$p!tIR[',0,0,0,0,0,4009,'L\ZfYJO'),('$2KL	̉e',0,0,0,0,0,4010,'YfE3p'),('%ZHǋskY_',1,0,0,0,0,4008,'d8yJaSu'),('%_bO\02WQ',0,0,0,0,0,4009,'8ÐȖJv'),('%湫L7L|',0,0,0,0,0,4009,'0\0L$#*g'),('%RYHW\0mX',1,0,0,0,0,4007,'0V&F}13M'),('%Y\ZB\\de',1,0,0,0,0,4001,'0T]EgE'),('%]6DDvz',0,0,0,0,0,4002,'c5J\\('),('%LoFLa',0,0,0,0,0,4005,'`iwCX<bhj'),('%\0Kk<\"',8,0,0,0,0,4008,'93ןCҍ8d'),('%jԾOC^y٤',1,0,0,0,0,4001,'3Ϊ}A0Ŵ'),('%|Iϐ+h',0,0,0,0,0,4006,'z93rGG1WUHS'),('%ڡq\rNࡠ)Bg',0,0,0,0,0,4005,';v%O)\\6w'),('%>Jkx',0,0,0,0,0,4005,'#[9cEǚ'),('%JAα*',0,0,0,0,0,4008,'uJ%TO_sT'),('%TOL\ZM\\]',0,0,0,0,0,4005,',wh^Ng@GNH'),('%Kxu,\0q',1,0,0,0,0,4001,'9qA0,'),('%AQEB[W',0,0,0,0,0,4001,'ULbCyeq'),('%Lp^2h',0,0,0,0,0,4009,'sՃ\'D\n\"'),('&@\r\'M',1,0,0,0,0,4001,'<p\nDqYXY'),('&7:BEOUQ',1,0,0,0,0,4001,'2I-G=b'),('&(TN(}1s',0,0,0,0,0,4007,'X&L.ߪu{'),('&.\"J;?*LI',5,0,0,0,0,4008,'nǰF\\K`'),('&8 ZLn+D',0,0,0,0,0,4009,'T@ٜ /M'),('&<j\\A]mJ/?',7,1,0,0,1,4008,'OiJrQuDV,'),('&>r>A9\nJ',2,0,0,0,0,4010,'-jK>SL(r'),('&BGIMχɂ\\',1,0,0,0,0,4001,'A[WH_<k)'),('&P>EͱO',0,0,0,0,0,4009,'6tdH1˺'),('&bH5ڄ',0,0,0,0,0,4004,'5myXF\rGC'),('&fVCL\0R',0,0,0,0,0,4005,'A[WH_<k)'),('&x\ZBAG?',0,0,0,0,0,4005,'RC˂Qpđ'),('&QNR, ',0,0,0,0,0,4006,'vqAN*~Z'),('&\0G}s=L',0,0,0,0,0,4009,'(K\r2\ry?'),('&`$!Dϧ.׺',0,0,0,0,0,4007,'\0OpG֍\"'),('&geBy99ہ',0,0,0,0,0,4008,'\'!@D+ѽh'),('&_@\'Ozle:',0,0,0,0,0,4002,'|L\"Bj'),('\'bJx1}5',1,0,0,0,0,4008,'l\0sL&|'),('\'5׽tAS\ZbC',3,0,0,0,0,4004,'կBA5:\0'),('\'RoRG%f7',0,0,0,0,0,4005,'$zHi󌶭zv'),('\'g9-3J.P',8,0,0,0,0,4008,'c<p|@V?'),('\'s)cB\nL',0,0,0,0,0,4007,'XaA2јj'),('\'{BCu',0,0,0,0,0,4007,';\ngOv 1ʢ'),('\'׆:FPâ\'JQ@',0,0,0,0,0,4005,',Ki~C'),('\'M\"A҆H]4/',0,0,0,0,0,4005,'}W-Bհ:MyP5'),('\'JpH´a^I\Z',0,0,0,0,0,4009,'#amH+o!'),('\'N\nɴfH',0,0,0,0,0,4009,';ݍEIo'),('\'VEVCN(',0,0,0,0,0,4006,'4$iK4Xa(U*'),('\'cG[^bW',2,0,0,0,1,4008,'{D=N(Y.\'HP@'),('\'A}qP',0,0,0,0,0,4008,'`0ML^lF~^X'),('(3J$/',0,0,0,0,0,4003,'D$PiϙL'),('(\r~M@\'\'',0,0,0,0,0,4003,'mA؄y-'),('(FxIV:',0,0,0,0,0,4002,'!IrІ&'),('(Xm;hG	:J3=',0,0,0,0,0,4003,'l-rI0-'),('( DѰ\\@m!_',0,0,0,0,0,4007,'+M&bbOiIa'),('(/^yD*sf&',0,0,0,0,0,4009,'B``Ko\''),('(7Ab3H/C^[',0,0,0,0,0,4003,'s6\'$L_It֛'),('(8hؘHZj',0,0,0,0,0,4002,'L׌M8;{h'),('(PmH՝H!@/',0,0,0,0,0,4004,'I.	E<x@'),('(XqU@bW',6,0,0,0,0,4008,'mKD\"%:`'),('(l<]E!q*G;',0,0,0,0,0,4006,'ԣ@FGĶM'),('(uD#UHzBp',1,0,0,0,0,4004,']\nŜ <F^sa-7&'),('(gcLKrPO',2,0,0,0,0,4004,'Z}NM2{:[5'),('(MLmqŎ',0,0,0,0,0,4007,'@/mOJd'),('(\nfAoUW',0,0,0,0,0,4003,'S&J@U*	gF'),('(BB\0]{',0,0,0,0,0,4003,'/YG欬g\0,'),('(){@0Fb3M,',0,0,0,0,0,4006,'DESE!\\D'),('(z<MpgxfI/',0,0,0,0,0,4005,'&Q*H\'n{'),('(t\ZDm',1,0,0,0,0,4008,'zN73NOꗭ\\?`<'),('(T<yM܁<%',0,0,0,0,0,4009,'5GNw\Z'),('(ʈ@F#Jϥ&^,',3,0,0,0,0,4008,'/hBU۠%2'),('(=OҴ]/N',0,0,0,0,0,4005,'Cʍo'),('(\'DQ0T',3,0,0,0,0,4008,'LcNU Y'),('(ߒJA^CΜ)e',5,0,0,0,0,4010,'h\'\\\"BǥoŨ-S'),('(ѵ2H=',0,0,0,0,0,4002,'\\hXJv78~'),('(FmLz',0,0,0,0,0,4006,'KF|b'),('(Oǩ&]Kv',0,0,0,0,0,4007,'I!,Ol{'),('(p\'cFe',0,0,0,0,0,4003,'K7yI<'),('(ϕ}^Bx@o	#',0,0,0,0,0,4007,'T%߉@לM<'),(')#\nd\"Eu f',0,0,0,0,0,4006,'rgeFn'),(')2nnET;U',3,0,0,0,0,4008,'GTBy*'),(')KbG<[Q.8',1,0,0,0,0,4002,'@+HGn~؏'),(')XNDڊYrJ-',0,0,0,0,0,4004,'9a^gNfcƳ'),(')d筣A5Cnu>',0,0,0,0,0,4003,'\0OpG֍\"'),(')fx@z;',0,0,0,0,0,4007,'Y0Z@d\0)/]L'),(')u^WG2>l/b!}',1,0,0,0,1,4008,'Bu޺TAC9W'),(')x!I.5٥',0,0,0,0,0,4005,'[	KJH'),(')20J;LfIΈ',0,0,0,0,0,4005,' ?ErP'),(')FEג1|',1,0,0,0,0,4004,'@~A@ǅRK'),(')ɶMubt!Z',0,0,0,0,0,4006,'\\hXJv78~'),(')iH:_8',0,0,0,0,0,4002,'NIQmO0K]?'),(')4}K<yF',0,0,0,0,0,4005,'T@ٜ /M'),(')\ZL',0,0,0,0,0,4005,'D6PNS)9'),(')qyIa=}@WV',0,0,0,0,0,4007,'OMjP\'0'),(')iN})r',0,0,0,0,0,4009,'B<[B\n3n\\'),(')կhqFX>sJ',0,0,0,0,0,4003,'6	{JLvw'),(')\n{LB#6T',3,0,0,0,0,4004,' ?ErP'),(')\'r5DܕxJ\\Q',0,0,0,0,0,4004,'YNZz'),(')RVzJiS[Jk',0,0,0,0,0,4002,'ƘgAZhto'),(')afAP4B',0,0,0,0,0,4004,'ʬEvL(ʳ۶'),('*u_\Z{Bࡖ|N5',0,0,0,0,0,4007,'FhDg\0/['),('*,CI@Dϩ`',0,0,0,0,0,4001,';$^Mp<'),('*3ODwEk',0,0,0,0,0,4003,'I.	E<x@'),('*=\"\\$Mǅ~',0,0,0,0,0,4005,'(C	U}'),('*>N\"Bס$Q\'',0,0,0,0,0,4009,'&DC\Z+'),('*ARD6Bh6',0,0,0,0,0,4003,'^9|.Cbᚏ\0'),('*C~LUWŚ',0,0,0,0,0,4010,'c<1mC^aG'),('*JWJ*FP\n',1,0,0,0,0,4001,'7!JN07j'),('*K@\nO-:',0,0,0,0,0,4002,'2pkFYP1q'),('*\\]`HQ',0,0,0,0,0,4001,'AŞɻg`'),('*tu,dBp@>',0,0,0,0,0,4005,'K7yI<'),('*t-Ops*r',1,0,1,1,0,4004,'i\"XrF]|K8c'),('*y)I	Q',0,0,0,0,0,4002,'dBέEY{A'),('*g8Iju',0,0,0,0,0,4006,'}FBSt'),('*BBōؓY',0,0,0,0,0,4006,'&LT;c'),('*0+Mي0O',0,0,0,0,0,4002,'mA؄y-'),('*5\nG:\n؀s',0,0,0,0,0,4001,'[28}Lُ('),('*L~A@:Y%CV',1,0,0,0,0,4008,'\'pOSLMN'),('*DRO8zE',0,0,0,0,0,4005,'4~|B;IUüf'),('*Z)Fp3',0,0,0,0,0,4007,';Rk)+H/X#{>Y#'),('*;QLxl.',0,0,0,0,0,4003,'CrL}P*'),('*?߱Ar_Yd=l',0,0,0,0,0,4009,'0ʲHִrz>'),('*?B?=P;vO',1,0,0,0,0,4001,'7؈@pĒ7'),('+qB0\"J',0,0,0,0,0,4003,'@؂rIۅ\Z_o'),('+Z`mL/y',0,0,0,0,0,4003,';\ngOv 1ʢ'),('+뼌A:\\!C',5,0,1,1,0,4004,'suFť=K:'),('+-\"oHτsfM%',0,0,0,0,0,4006,'LmȪNBbmn$='),('+6AE)\"&',0,0,0,0,0,4010,'{D=N(Y.\'HP@'),('+;pYNf=qm',0,0,0,0,0,4004,'ĝs^Kj0G'),('+Lo`K\rkB#',0,0,0,0,0,4006,')H	!N\0\''),('+LL2GP|m',0,0,0,0,0,4008,'L=O׼h,'),('+P6E0G,f',0,0,0,0,0,4007,'ژBMp]8'),('+m;rASc:',1,0,0,0,0,4002,']*I	r:'),('+n׌,eI	p9rx',0,0,0,0,0,4007,'nEG4yk<'),('+p #Gt[Q',0,0,0,0,0,4002,'>$(-OS&c	'),('+r	4J40',0,0,0,0,0,4002,'LLb['),('+wxūP@S4/ى',0,0,0,0,0,4009,'ԣ@FGĶM'),('+OAp-^\r~~',1,0,0,0,0,4002,'`0ML^lF~^X'),('+bZGѵo',1,0,0,0,0,4002,'۽O߶Ki,'),('+szMHz8',0,0,0,0,0,4005,'z93rGG1WUHS'),('+BlLGP/',0,0,0,0,0,4007,'\\MGo'),('+(Au7h	',0,0,0,0,0,4007,'OBK82I>~'),('+a7D@aXE',0,0,0,0,0,4006,'d\nTFf k<'),('+*G8	Dr',0,0,0,0,0,4010,'i\"XrF]|K8c'),('+R3G3	{s',0,0,0,0,0,4004,'YvVK7'),('+CޛCB΍',0,0,0,0,0,4003,'0MɗF4jz'),('+UNŹ\ZX',0,0,0,0,0,4007,'1\\\n1FӳG\"M\0'),('+P@1o]^',0,0,0,0,0,4006,'!kHI[,9.'),('+2CsMd*W0h',0,0,0,0,0,4007,'#[9cEǚ'),('+ \"J~C5Ⱦ',1,0,0,0,0,4010,'q.I#WX'),('+I+@KVlH',0,0,0,0,0,4003,',wh^Ng@GNH'),('+@F݄',0,0,0,0,0,4003,'uYHQ̿'),(',IĠ-f7y',4,0,0,0,0,4008,'i\"XrF]|K8c'),(',Jڸ2}zl*',1,0,0,0,0,4010,'df%N*1&1 &'),(',lL_Ky.+U',0,0,0,0,0,4009,',Ki~C'),(',WIa9S',0,0,0,0,0,4010,'zNNސp@+'),(',1IE2\r⑱?',0,0,0,0,0,4004,'nEG4yk<'),(',51H|o#ɋ+',0,0,0,0,0,4003,'#[9cEǚ'),(',<h8Eŏ*Ki,',0,0,0,0,0,4006,'E9'),(',<uk%MYsFE<',0,0,0,0,0,4009,'聾I'),(',F9G-3$:',0,0,0,0,0,4001,'ݳ^Ct4o'),(',R>nLe9Fm?',1,0,0,0,0,4001,'cɡJxJzR'),(',W(H)\\Wfᆵ',0,0,0,0,0,4006,'9C8y\\h'),(',^T\ZFȒ',0,0,0,0,0,4009,'zvi]FzR!R'),(',`!̵ON0\nd',2,0,0,0,0,4008,'L׌M8;{h'),(',yuLQV',1,0,0,0,0,4001,'4~|B;IUüf'),(',z]RB\\a',1,0,0,0,0,4002,'=ʊHDU zFEv'),(',3{0HyX-',0,0,0,0,0,4006,'I5Bk]'),(',SnG-uNJ',0,0,0,0,0,4002,'4pL>@F=\r/S'),(',uWH^h',0,0,0,0,0,4005,'Oā,/'),(',چp4K#\\2',0,0,0,0,0,4006,'$GEOTgB'),(',$G+ED)qN6',0,0,0,0,0,4003,'d8yJaSu'),('-^Je֧c>uQ',0,0,0,0,0,4006,'g\'M\'Mʆp#My'),('-p|E\rg,	',0,0,0,0,0,4010,'57Ox57OKc'),('-$Cx2s',0,0,0,0,0,4002,'`.G%MM	'),('-HXAjFc.',3,0,0,0,0,4008,'n=C6Sй\Z'),('-N`zbN4lzFOq',1,0,0,0,0,4002,'}F.2;Qe'),('-bT@I/n',0,0,0,0,0,4006,'FhDg\0/['),('-Bn@Wbm`_',0,0,0,0,0,4005,'Ǽ\0J;s'),('-Eass\n',1,0,0,0,0,4001,';7K(ʦ'),('-M2A62',0,0,0,0,0,4005,'-ĔJRo'),('-)XCz<Ur',0,0,0,0,0,4006,']*I	r:'),('-/HE',1,0,0,0,0,4002,'[3F5I7aD0'),('-ɉFNU;|P',1,0,0,0,0,4001,'2pkFYP1q'),('-UHiHf/',0,0,0,0,0,4007,'6HE]Գf9'),('.	N5NMwj0',0,0,0,0,0,4005,'@؂rIۅ\Z_o'),('.J[]&Cs',1,0,0,0,0,4001,'H,WFߜw'),('.k:.Iv)8ɰ',0,0,0,0,0,4003,'؋&qF\r-kt'),('.#LЫr)J7',0,0,0,0,0,4003,'wO1'),('.)\\b@Dl?+k',0,0,0,0,0,4005,'NkLJl0G,U'),('./(D̈d3',0,0,0,0,0,4005,'kCH)'),('.07{DMN7/ʴ',0,0,0,0,0,4003,'\"1BsNFqxnw'),('.L#@r\'H `]8',0,0,0,0,0,4003,'H4!Fp5Q'),('.L_G9	',0,0,0,0,0,4007,'[bZsG9F'),('.O4LU:',0,0,0,0,0,4007,'r(LG)<y'),('.VRBIsXQ\0:',2,0,0,0,0,4010,'S&J@U*	gF'),('.u%6Hh@e$',1,0,0,0,0,4001,'L=O׼h,'),('.~Eչ,Ŭef',0,0,0,0,0,4004,'{g OcGx8'),('.[K9',0,0,0,0,0,4005,'*F3MH,'),('.pNIalDi',0,0,0,0,0,4008,'ٷO{L'),('.I$A63e8}',0,0,0,0,0,4003,']*I	r:'),('.\nHꘅ\"Ch',0,0,0,0,0,4009,'4iAʐuA'),('.R:dGӣT',0,0,0,0,0,4009,'W\0E+ @H'),('.CڔMvN{',0,0,0,0,0,4005,'?@EDa\\X'),('.\'Gكgdة\r',0,0,0,0,0,4009,'g\'M\'Mʆp#My'),('/mGK#V\rg',2,0,2,2,0,4004,'ƘgAZhto'),('/U	Bk',2,0,0,0,0,4010,'BG7Fk.#>'),('/}HHC}*Dd',5,0,0,0,0,4008,'?>O<K3'),('/XDZTm#-',1,0,0,0,0,4001,'4ALf.j($I'),('/#]C(&',0,0,0,0,0,4007,'\\hXJv78~'),('/#{Mdg\r-',0,0,0,0,0,4005,'n@ɟfi`S'),('/\'BcfMnd\nǡ',0,0,0,0,0,4005,'ilh@@\nZ0d'),('/9D%w/',1,0,0,0,0,4001,'8Dj@S.س~g'),('/GK^Q',0,0,0,0,0,4002,'!LX.zX'),('/kfo!HӐ`b',0,0,0,0,0,4004,'xI@im?'),('/*O|7P',0,0,0,0,0,4006,'>@^\Z,B'),('/trDޚ>',0,0,0,0,0,4010,'7GOqV'),('/L(Kՠ6',2,0,2,2,0,4004,'cʙHhD9ӕg'),('/a	&L_C',0,0,0,0,0,4002,'*F3MH,'),('/d(MJu ',0,0,0,0,0,4003,'OFDfæ3'),('/t|A5U\\\05,',0,0,0,0,0,4009,'\"1BsNFqxnw'),('/J3@K,Yz',0,0,0,0,0,4002,'8Dj@S.س~g'),('/Md|$[',0,0,0,0,0,4004,'XXGyB0עa'),('/Bq\"M',0,0,0,0,0,4008,'%/<HZB3.'),('/PfBׄF/G!',0,0,0,0,0,4005,'0Fዙ/vj'),('/$&[MM]Gb-H',0,0,0,0,0,4008,'7؈@pĒ7'),('/D',0,0,0,0,0,4009,'OMjP\'0'),('05.~J5-',0,0,0,0,0,4005,'rgeFn'),('0Nɋ0',0,0,0,0,0,4006,'!LX.zX'),('0>9EFn55=&G',0,0,0,0,0,4009,'^C\'=J+Qho'),('0I/P',0,0,0,0,0,4004,'\"k*SA\"L'),('0 FUV0+',0,0,0,0,0,4009,'3]M͓o*t_'),('0.MMLH3 ',4,0,0,0,0,4008,';K@$ 6='),('06\0EN8\0',1,0,0,0,0,4001,'ٷO{L'),('0Cy{Ml8J',0,0,0,0,0,4007,'&Q*H\'n{'),('0HT҄IS5K$k\\]',0,0,0,0,0,4006,'AOI2G'),('0[HJh q',0,0,0,0,0,4003,'9a^gNfcƳ'),('0_EI]',1,0,0,0,0,4005,'9)NƅD[Қ'),('0r6\'>L8&',10,0,0,0,0,4008,'.iJOEo[	DC'),('0~1@vi\n5',1,1,1,6,0,4002,'^9|.Cbᚏ\0'),('0P|eIK̲K',0,0,0,0,0,4001,'E9'),('0$JǦHN',0,0,0,0,0,4006,'2fY#C74~kd'),('0S#3F+Y9',0,0,0,0,0,4010,'CrL}P*'),('0S@7n#	q',0,0,0,0,0,4005,'2fY#C74~kd'),('0+$1@F8L',1,0,1,10,0,4002,'35@ARiBI'),('0VI_NlX@',0,0,0,0,0,4001,'$K۲'),('0J=@xj2>',2,0,0,0,0,4010,'NTA5A'),('01zG\'t',1,0,0,0,0,4010,'^SMmIn'),('00\r#I',0,0,0,0,0,4008,']\nŜ <F^sa-7&'),('0K\nCC\"8\n',0,0,0,0,0,4009,'֨@dVP$'),('0BK鰨k5iM',0,0,0,0,0,4003,'LcNU Y'),('0gEY7ϭ虰',0,0,0,0,0,4004,'cR`F\'NC;'),('0{OH	',0,0,0,0,0,4005,'҅	F/ҘI'),('0,]Li\ruȡ',2,0,0,0,0,4001,'0MɗF4jz'),('1\n Oe)@}',0,0,0,0,0,4006,'+M&bbOiIa'),('1G0:yM',5,0,0,0,0,4008,'ALȼ'),('1RNYh8A',0,0,0,0,0,4001,'D37Wn'),('1IrN⨴~',6,0,0,0,0,4008,'rZIOL'),('10eMrbY\\]<',0,0,0,0,0,4005,'LLb['),('1IKKjI\0',0,0,0,0,0,4007,')H	!N\0\''),('1J[vfSBĤ h1',0,0,0,0,0,4002,'F9bJH\'	'),('1d1UJ]5r',1,0,0,0,0,4001,'[\"0D|е'),('1jD{6z',0,0,0,0,0,4002,')-ýBP\\C\"'),('1yQуA=:u',0,0,0,0,0,4002,'c<p|@V?'),('1݄I=\"2',0,0,0,0,0,4002,'GTBy*'),('1vFD<Ƞ:',0,0,0,0,0,4004,'OFDfæ3'),('1\0Dy1WE',0,0,0,0,0,4009,'[3F5I7aD0'),('1rsDЬ`B*#Hm',1,0,0,0,0,4001,'I5Bk]'),('1MKκ\0 n',0,0,0,0,0,4002,'ZC1kY'),('1͈1CMC(w',0,0,0,0,0,4003,';FZާ\r'),('1@2J͸1',0,0,0,0,0,4001,'E%Imi%'),('1FzC@U',0,0,0,0,0,4007,'pHs('),('1;58Dߨf?<?',0,0,0,0,0,4003,'6tdH1˺'),('2Og@\"',0,0,0,0,0,4007,'57Ox57OKc'),('2ZJݿO5g2x',0,0,0,0,0,4003,'akKAJs~	'),('2y͘BB	?t$',0,0,0,0,0,4003,'#B[GM-A'),('2ʺzIԿ:',0,0,0,0,0,4002,'5GNw\Z'),('2LF)',3,0,0,0,0,4008,'r(LG)<y'),('2L8|NW6K#a',0,0,0,0,0,4005,'F9bJH\'	'),('2~\"Nܐ嫭ςK',1,0,0,0,0,4002,'BDq׍1'),('2qBux',1,0,0,0,0,4002,'/ơGe@DZ'),('3A[;Mu',0,0,0,0,0,4009,'LmȪNBbmn$='),('3 2HU@.M\Z',0,0,0,0,0,4005,'`.G%MM	'),('3({dNF	*',0,0,0,0,0,4006,'OFnGIL'),('3o2RDuUܻ',0,0,0,0,0,4001,'mKD\"%:`'),('3sFI糥xFKjC',1,0,1,18,0,4002,'\0OpG֍\"'),('3:@ğ\nТ',0,0,0,0,0,4004,'\"1BsNFqxnw'),('3\rŵRIX[W',0,0,0,0,0,4001,'[Ex_,'),('3K!W^u',1,1,1,5,0,4002,'Kz@CӇ'),('3pF3۶$',0,0,0,0,0,4006,'69kGޮl'),('3nyH<%py',1,0,0,0,0,4008,'<\"B߲'),('3I%?21<',2,0,0,0,0,4010,'f2ZC;?'),('3\\VA6ҟ',0,0,0,0,0,4005,'zΟ(DŃO'),('32FB',0,0,0,0,0,4008,';Rk)+H/X#{>Y#'),('4#V}N\Z ',0,0,0,0,0,4006,'dK13Gq'),('4-!+J2BNG',0,0,0,0,0,4008,'H4!Fp5Q'),('4c+B/ {\'',0,0,0,0,0,4008,'0Fዙ/vj'),('4cYB5,',0,0,0,0,0,4005,'/ơGe@DZ'),('4q˨`C>D$8I',0,0,0,0,0,4003,'$K۲'),('4z\ZulHB!ܣ%',0,0,0,0,0,4005,'6}JY.Iv$x6'),('49\"WHݟ6j',0,0,0,0,0,4005,'\0Y$Kޙo#Ǖ'),('4zoH)',0,0,0,0,0,4010,'_Eזae'),('4NHN_ \Z{',0,0,0,0,0,4006,'.iJOEo[	DC'),('4êaNLsNǛHv\r',3,0,1,1,0,4004,'݃\0CIgH'),('4M!HO:',0,0,0,0,0,4005,'L)O	A\\x$!\''),('4FݔC(+<',0,0,0,0,0,4001,'=IGk0'),('4ސyBfN+%',0,0,0,0,0,4002,'zΟ(DŃO'),('4.QL=f!s',0,0,0,0,0,4009,'`;LKԭR)N'),('4K*V@r',2,0,0,0,0,4008,' N	8Ӵe'),('4{{MGzp',2,0,0,0,0,4008,'LCKHUBR'),('4#9\"Kv͎3@',0,0,0,0,0,4002,'xiT1L3k'),('5tET=Cz1',1,0,0,0,0,4004,'@+HGn~؏'),('5#NX]Sr',2,0,0,0,0,4008,'=ʊHDU zFEv'),('55:K5DEk',0,0,0,0,0,4009,'hCBڦvD'),('5vw;NĦm',0,0,0,0,0,4010,'^D̦s'),('5%\rس@5S+1',0,0,0,0,0,4005,'.$EHi!6\"'),('56wlG	<o',3,0,0,0,0,4004,':X/sOfoAz'),('5<w^D[E`Tn=',1,0,0,0,0,4006,'\"f~2ILg]ko'),('5^?\\BB3',0,0,0,0,0,4001,',egf~A*?5e'),('5n[H~( ',2,0,0,0,0,4001,'N Py@Ui-'),('5uhA[AF',0,0,0,0,0,4002,'_Eזae'),('5KHąo2\Z',0,0,0,0,0,4009,'cR`F\'NC;'),('5<<Nn)x>B',0,0,0,0,0,4010,'ug\rB^ö'),('58Kؠv',0,0,0,0,0,4004,'INهt'),('5΃]\0HZgEizA',0,0,0,0,0,4005,'Kz@CӇ'),('5yuC]Sn*',0,0,0,0,0,4010,')-ýBP\\C\"'),('5E!&pKIIHx',1,0,0,0,0,4001,'\\uNEvg$z'),('5}CI2YZ',0,0,0,0,0,4005,'%mGȧkQd@'),('58MOK#P',0,0,0,0,0,4001,'yU/Fњ6İ.%/'),('6\nu\0;@RsX9c',4,0,0,0,0,4008,'35@ARiBI'),('64;Ed',0,0,0,0,0,4006,' N	8Ӵe'),('6\"!K<X#',0,0,0,0,0,4002,'a.3K{3\"QH'),('6)qCyBL?0	Y',1,0,0,0,0,4010,'\\\'JJRJT	'),('6<VjBv8]n}գ',0,0,0,0,0,4002,'`tAeӡAPJ6'),('6DԜ8I:B;',0,0,0,0,0,4005,'mA؄y-'),('6T^5O=]/}:',0,0,0,0,0,4009,'7GOqV'),('6p|gI	1s',7,0,0,0,0,4008,':1KWu'),('6zE<U_',0,0,0,0,0,4003,'3]M͓o*t_'),('6;FMz3) ',2,0,0,0,0,4008,'D$PiϙL'),('65<fGB$',0,0,0,0,0,4005,'3]M͓o*t_'),('6k3K`',1,0,0,0,0,4001,'@+HGn~؏'),('6aN˟<~6',0,0,0,0,0,4001,'ޗN:Hx}'),('6ԳxONKO=L',0,0,0,0,0,4003,'KKյd^'),('6?|ybM\">]9W%',0,0,0,0,0,4006,'̺I6aU'),('78Ij',1,0,0,0,0,4002,' !{Dvo'),('7.b,Fx͹',0,0,0,0,0,4005,'֨@dVP$'),('70q	J@,xI7',0,0,0,0,0,4007,'2I-G=b'),('7Wo@ M8sܼ`',0,0,0,0,0,4009,'ߨ7mG-cu\r'),('7O[Eڣh5\"',0,0,0,0,0,4001,'rZIOL'),('7IK*,',0,0,0,0,0,4006,'aqhV<F\'4Uw+'),('7˞f\\EWֹ&~',0,0,0,0,0,4009,'A9ID	s܄'),('7%L{D~k',0,0,0,0,0,4001,'/YG欬g\0,'),('7gXJ*d\r$hk',0,0,0,0,0,4004,'dX>M Mb'),('7EQ\"1',0,0,0,0,0,4004,'>Fi^'),('7HG?t',0,0,0,0,0,4005,'Hd+HH)`'),('7[H˭@x',1,0,0,0,1,4008,'4ALf.j($I'),('76_\ZC%',0,0,0,0,0,4005,'\\MGo'),('7= GW',0,0,0,0,0,4003,'0Fዙ/vj'),('7\"SGnz',0,0,0,0,0,4009,'\" RLilIgS'),('8[@A1',0,0,0,0,0,4009,'s6\'$L_It֛'),('8(\0GoYX.',0,0,0,0,0,4007,';WezALЊ'),('8UJQΰ}us*\r',3,0,0,0,0,4010,'Z.Ck%S'),('8k|I]*',1,0,0,0,0,4008,'ULbCyeq'),('8ktD0jS5',3,1,0,0,1,4008,'2pkFYP1q'),('8]bFAXk	!Y',0,0,0,0,0,4003,'.YCHkc\"'),('8)Opd	f*',0,0,0,0,0,4003,'睅^C``-1'),('8\"@#[Eᥞ',1,0,0,0,0,4004,'ߨ7mG-cu\r'),('8qKf',0,0,0,0,0,4001,';ݍEIo'),('8ŉ:AK',2,0,0,0,0,4004,'/hBU۠%2'),('8(Iu7۹/',0,0,0,0,0,4010,'0Fዙ/vj'),('8>Jl',0,0,0,0,0,4002,'}W-Bհ:MyP5'),('8$dFɛOC',0,0,0,0,0,4003,'cYSLL	['),('8N:dkP',0,0,0,0,0,4007,'LmȪNBbmn$='),('9\0;Dܞ@\"A>',0,0,0,0,0,4006,'HaJN^9C@\r'),('9lk@`Ap',0,0,0,0,0,4001,'x:x?MG@'),('9g#Fnt/',0,0,0,0,0,4006,'+׌*KؼǢd;W'),('9`COE̓/⹠]G',0,0,0,0,0,4002,'cʙHhD9ӕg'),('9\nGM?ѧ',4,0,0,0,0,4008,',wh^Ng@GNH'),('9!pDSF\Zg`S3k',0,0,0,0,0,4007,'YfE3p'),('9\"zJ/\r',0,0,0,0,0,4006,'LCKHUBR'),('9@pECDIL~',0,0,0,0,0,4004,'0V&F}13M'),('9Q,Di5p!',0,0,0,0,0,4007,'p<XF\n3'),('9i`h\nE\nt)jA',0,0,0,0,0,4002,'&LT;c'),('9CvҟPR',0,0,0,0,0,4010,'&LT;c'),('9F*hHɍR@',0,0,0,0,0,4003,'dBέEY{A'),('9\nWBo3',0,0,0,0,0,4010,'4Fȝj'),('9HHY̓8',0,0,0,0,0,4003,'BDq׍1'),('9/QOT*Q($җ',0,0,0,0,0,4007,'XXGyB0עa'),('9W.DꭰvI',0,0,0,0,0,4009,'l\0sL&|'),('9]@.*l6',0,0,0,0,0,4003,'%/<HZB3.'),('9-w\noEn=',0,0,0,0,0,4010,'`tAeӡAPJ6'),('9pA\"9K\\]',1,0,0,0,0,4001,'7IsBC'),('9ѲlA۩J',1,0,0,0,0,4004,'vqAN*~Z'),('96@kRò',0,0,0,0,0,4002,'R-UrB(F/>'),('915Iwz',0,0,0,0,0,4009,'NIQmO0K]?'),(':\\J:q',0,0,0,0,0,4008,'&C{ 3gz'),(':ZGA}`\Z',0,0,0,0,0,4009,'L=O׼h,'),(':A<\0',0,0,0,0,0,4006,'V&*ߔc@j,\r,'),(':c~BI\0h',0,0,0,0,0,4007,'OFDfæ3'),(':&0zBuWU1',0,0,0,0,0,4002,'4iAʐuA'),(':*Ku',0,0,0,0,0,4007,'`;LKԭR)N'),(':;@jˋVuN',0,0,0,0,0,4002,';WezALЊ'),(':ONKD3uj',0,0,0,0,0,4008,'dBέEY{A'),(':o(Kó~f',0,0,0,0,0,4010,'uJ%TO_sT'),(':pDE,c`',0,0,0,0,0,4007,'[3F5I7aD0'),(':\0Hd\"',0,0,0,0,0,4002,'aϿjCPdu'),(':4JI+yMg',0,0,0,0,0,4008,'$zHi󌶭zv'),(':sE߫~E\'2',0,0,0,0,0,4010,'=oBR\0'),(':\'w\'F!}̘}p',0,0,0,0,0,4007,'[SMc!~X]'),(';*Ce\nZ~',0,0,0,0,0,4004,'IfAUZܓ2N'),(';+,t&E^`c',0,0,0,0,0,4005,'X\nmF Xk1('),(';-XGѻs[<6',0,0,0,0,0,4006,'^D̦s'),(';.\"!Aɀ,r',0,0,0,0,0,4009,'P2V2	IsFW'),(';._=!FYt',1,1,0,0,1,4008,'n;b7Aj%-'),(';/9M@䰢n',0,0,0,0,0,4008,'akKAJs~	'),(';3s$uIێyV',0,0,0,0,0,4007,'mA؄y-'),(';EFAM\r4e',0,0,0,0,0,4010,'҅	F/ҘI'),(';O΁I-% ',0,0,0,0,0,4009,'xI@im?'),(';U@aEI\\B',0,0,0,0,0,4008,'(ݰfCutI.h'),(';WNJB3Sr#Z',0,0,0,0,0,4005,'hCBڦvD'),(';_`Ja<2',0,0,0,0,0,4003,'\\MGo'),(';cTI\"N',0,0,0,0,0,4009,'cɡJxJzR'),(';tDm~FٿuB-zu',1,0,0,0,0,4001,'zN73NOꗭ\\?`<'),(';ڻIiM%',0,0,0,0,0,4006,'øA-M|Acq#'),(';ͿKcr3',4,0,0,0,0,4008,'E%Imi%'),(';Fp=!',3,0,0,0,0,4008,'S&J@U*	gF'),(';0@|퉩]j}',1,0,0,0,0,4004,'LCKHUBR'),(';z&OByb',0,0,0,0,0,4009,'o}=|ImJ&'),(';g#3K @{',1,0,0,0,0,4010,'XXGyB0עa'),(';,XO%] )]',0,0,0,0,0,4006,'D6PNS)9'),(';FFkM[NYk',1,0,0,0,0,4010,'OO'),('<O62L&׳',0,0,0,0,0,4003,'&LT;c'),('<UA@2M',1,0,0,0,0,4001,'cʙHhD9ӕg'),('<K°xʤ^',0,0,0,0,0,4010,'suFť=K:'),('<RDK\Z+ 	g',0,0,0,0,0,4001,'lUH蝉'),('<a	~@3r5',1,0,0,0,0,4001,'mۺKn'),('<jD=5',0,0,0,0,0,4007,'^C\'=J+Qho'),('<nYCOZV!',0,0,0,0,0,4003,'?\Z>FBz\Z'),('<v;EIz&tޡ',0,0,0,0,0,4007,'睅^C``-1'),('<w^#bIJX@l[O',0,0,0,0,0,4005,'P\"KbJ~'),('<FyL\"1!',0,0,0,0,0,4002,'d\nTFf k<'),('<plI렓#',0,0,0,0,0,4005,'r(LG)<y'),('<NJ S',0,0,0,0,0,4009,'XaA2јj'),('<[qG$>-',1,0,0,0,0,4001,'zNNސp@+'),('<BKD.',0,0,0,0,0,4005,'PCJ@ټĲ$(d'),('<yD@e',0,0,0,0,0,4010,'(0[B.\Z'),('<:VJsna',0,0,0,0,0,4006,'PCJ@ټĲ$(d'),('<l؟I1W?',0,0,0,0,0,4009,'5myXF\rGC'),('=mKV[Ea',0,0,0,0,0,4010,'xI@im?'),('= Oߟca%',0,0,0,0,0,4002,'xwǕC[E3'),('=v\n6KJD\0@L',0,0,0,0,0,4006,'7IsBC'),('=8\0UMFOPhsX>',1,0,0,0,0,4001,'Ѫ/CA	qX'),('=:sUDAH|B{Q',0,0,0,0,0,4005,'(0[B.\Z'),('=s`5Me%+1',0,0,0,0,0,4008,'J	D$X'),('=nJpO-',0,0,0,0,0,4009,'ZF%bN5'),('=׃3N~1:K.',2,0,0,0,0,4004,'P_enE1}pf'),('=;AH<C[',0,0,0,0,0,4005,'A9ID	s܄'),('=iI\nx4SC',0,0,0,0,0,4004,'ڔM-3֗'),('=(Hޑ2 \'',0,0,0,0,0,4003,'3\0ĕcL{Lm'),('=34cHpv:',0,0,0,0,0,4003,'&C{ 3gz'),('=\r<O\0So=/',0,0,0,0,0,4007,'6	{JLvw'),('=tyM\'g',0,0,0,0,0,4005,'0T]EgE'),('>c>6J\Z*rRZ',0,0,0,0,0,4003,'*=KrFv'),('>5EĚK{',0,0,0,0,0,4002,'eؚLͶh_'),('>Go_K>5kY',0,0,0,0,0,4002,'xɞL\r8`'),('>M.GJBvMrBL',0,0,0,0,0,4009,'igdD܅'),('>g\0xDfcHz',0,0,0,0,0,4007,'Kz@CӇ'),('>t?zI^սyw',1,0,0,0,0,4002,'Q$*\'#LۉM6sA'),('>t+Nos\0?',8,0,0,0,0,4010,'\'%DC=x'),('>HN,*P,',3,0,0,0,0,4010,'%7S@FJ7$'),('>F2@K',0,0,0,0,0,4006,'}F.2;Qe'),('>ú3\rF$f',0,0,0,0,0,4007,'7؈@pĒ7'),('>7%O3ْQ',0,0,0,0,0,4001,']*I	r:'),('>!Ct\'#а',1,0,0,0,0,4001,'KeKI9Sl.c'),('>UNԍN',0,0,0,0,0,4002,'L\ZfYJO'),('>֌OH}Ve',3,1,2,2,0,4004,'mKD\"%:`'),('>GG5 6',0,0,0,0,0,4009,'E>Ŗ'),('?`/EU4}AF',0,0,0,0,0,4010,'k^B%c,'),('?/Hg9$=',0,0,0,0,0,4008,'\\FDF[_'),('?\ZUҹDȑn??',1,0,0,0,0,4010,'6HE]Գf9'),('?n\\@lc',1,0,0,0,0,4008,'ePD`~$Z'),('?/Cd\"%L',0,0,0,0,0,4003,'\"k*SA\"L'),('?5٘/C`S',0,0,0,0,0,4001,'?\Z>FBz\Z'),('?VjO3f?m',1,0,1,1,0,4004,'c<1mC^aG'),('?X!DICB',0,0,0,0,0,4002,'c4SIj\0]clj3'),('?X\'$\0OU,(MW',0,0,0,0,0,4003,'䫳OAM6KϽ'),('?_UןFj{',0,0,0,0,0,4002,'ALȼ'),('?p,4-Dķ׏r',0,0,0,0,0,4006,'1AFl::ܻ'),('?KNx\r%!',0,0,0,0,0,4006,':1KWu'),('?CN\Zc',0,0,0,0,0,4002,'p<XF\n3'),('?bI׼$\Zk4',0,0,0,0,0,4006,'akKAJs~	'),('?CH>y',0,0,0,0,0,4002,'JƼqDJ'),('?ZC<DgS܃',0,0,0,0,0,4007,'=oBR\0'),('?;O醡|٦q',0,0,0,0,0,4008,'}F.2;Qe'),('?zULB[\Z7\0',5,0,0,0,0,4008,'ɠ/FRI'),('?CWNpQ`0',1,0,0,0,0,4006,'J	D$X'),('?	YIqt}',0,0,0,0,0,4008,'̺I6aU'),('?6LqD>)',0,0,0,0,0,4009,'Z}NM2{:[5'),('?UDЖaRsu',9,0,0,0,0,4008,'4$iK4Xa(U*'),('?i9Dˣ\'#YW',1,0,0,0,0,4004,'l\0sL&|'),('?\\pHD]',7,2,0,0,2,4008,'`;LKԭR)N'),('?qNF\',D=GsJ',0,0,0,0,0,4004,'\\\'JJRJT	'),('@`C0a;f,',2,0,0,0,2,4008,'$Hɺ\06'),('@6#>DA=螗',0,0,0,0,0,4010,'AG\'F;'),('@6&M[GߤB <g1',2,0,0,0,0,4004,'@w!E\''),('@cM)5~#',0,0,0,0,0,4003,'Hd+HH)`'),('@d9տ^C(>',0,0,0,0,0,4002,'@w!E\''),('@u00Ai;	?d',0,0,0,0,0,4003,'v&vI0K媵}'),('@yxjKLڲBYVwt',1,0,0,0,0,4001,'^C\'=J+Qho'),('@\Z}@W`',0,0,0,0,0,4010,'nǰF\\K`'),('@\'ЙAc;i',0,0,0,0,0,4009,'g?NvYt'),('@+Y{NATc',0,0,0,0,0,4004,'r(LG)<y'),('@3@P#eT)',2,0,0,0,0,4010,'/SJ\ZAGI?'),('@xHL.2,',1,0,0,0,0,4009,'pcM8)pB'),('@~@tݲ{;l',0,0,0,0,0,4005,';\ngOv 1ʢ'),('@ռFHkNǞkOL(*',0,0,0,0,0,4006,'[,eNFGl'),('@@A*)Ms',4,0,0,0,0,4008,'-ĔJRo'),('@M-i@ŉyY',1,0,0,0,0,4001,'2?G$[KFɀ'),('@OEJ1w\nH',0,0,0,0,0,4009,'H4!Fp5Q'),('@J*IG,?}',3,0,0,0,0,4008,'?@EDa\\X'),('A]M\ZH',0,0,0,0,0,4003,'Е,O{ՙ,\0'),('AB\'\Z',0,0,0,0,0,4005,'ePD`~$Z'),('A3aEb_oiy;L',5,0,0,0,0,4008,'v4I\"+Ge'),('A{f {I\'Ӥw',0,0,0,0,0,4003,'04J{'),('A]yHy3',0,0,0,0,0,4008,'KKյd^'),('AgKv7',1,0,0,0,0,4010,'̺I6aU'),('AgPEδqġ?',1,0,0,0,0,4001,'^RIȟ.S-'),('AnCM5T',0,0,0,0,0,4007,'%mGȧkQd@'),('Ay<eEN,&C:',0,0,0,0,0,4008,'.WQHEL8͗\\'),('A}%YڀEM-\0|	',0,0,0,0,0,4005,'i9jEVi'),('AfGȿY <]',0,0,0,0,0,4003,'\'\nGKDL0m'),('A)[KݦWZ󡰠z',0,0,0,0,0,4008,'F	;=GH{3'),('AG:@R',0,0,0,0,0,4003,'l\0sL&|'),('AУޛE\rM*F',0,0,0,0,0,4008,'?\rbIkht`|'),('AT誋HZ^\r',5,0,0,0,0,4010,'ULbCyeq'),('A9˾@ݻ\0B',0,0,0,0,0,4010,'!IrІ&'),('AUIHeu%',0,0,0,0,0,4001,'2O\'`]'),('AN^Dj>D',0,0,0,0,0,4003,'2\n<D<['),('AI1Ŝ8',0,0,0,0,0,4005,'{D=N(Y.\'HP@'),('ARKֆ\"\0',0,0,0,0,0,4009,'D37Wn'),('B1QH,o',0,0,0,0,0,4006,'ug\rB^ö'),('B&-Fʨ*)ン(',0,0,0,0,0,4003,'ؔAա+C@'),('B MR샱',0,0,0,0,0,4010,'Hd+HH)`'),('B1ScM0)|	',0,0,0,0,0,4007,'5%⪅Cʙj W'),('BF׊_L[\\\r_',0,0,0,0,0,4005,'i\"XrF]|K8c'),('BUYG9',0,0,0,0,0,4006,'Ft4s\'G-'),('Bh9@l3',0,0,0,0,0,4005,'xI@im?'),('BnF*Ma(/',0,0,0,0,0,4005,'^9|.Cbᚏ\0'),('BvIgT',0,0,0,0,0,4009,'6HE]Գf9'),('BˡAh<|',1,0,0,0,0,4002,'nǰF\\K`'),('B+tIpp\r',0,0,0,0,0,4006,'-1LIwTJg'),('BGr9M',0,0,0,0,0,4007,'\'%DC=x'),('Bb13Kq6k',1,0,1,2,0,4002,'aqhV<F\'4Uw+'),('BɌAx.ڶ',0,0,0,0,0,4003,'Y0Z@d\0)/]L'),('C\0Gf{V',0,0,0,0,0,4009,'øA-M|Acq#'),('C|MGxZ#=',1,0,0,0,0,4001,'uJ%TO_sT'),('CjbDĺbXjx',0,0,0,0,0,4007,'oH2W\r$'),('CE`dLXh',0,0,0,0,0,4003,'+׌*KؼǢd;W'),('C\Z\"ˁC0OSV',0,0,0,0,0,4003,'r!GQqT'),('CK5J,',0,0,0,0,0,4010,'OFnGIL'),('Cf@-48y',0,0,0,0,0,4003,'G~QK0r%:@'),('C9%OZΆo',0,0,0,0,0,4002,'s6\'$L_It֛'),('CTͰKH+5^D',0,0,0,0,0,4009,'XXGyB0עa'),('Cin7MHAE\\',5,0,0,0,0,4008,'*F3MH,'),('CqaIĸRy[',0,0,0,0,0,4009,'c<p|@V?'),('CVF^2/',0,0,0,0,0,4005,'`;LKԭR)N'),('CY<MGKؗo{#',0,0,0,0,0,4004,'T%߉@לM<'),('Ciw\0Ez;#2D',0,0,0,0,0,4002,'^C\'=J+Qho'),('CGu\\Di$',7,0,0,0,0,4008,'_SEаk4H'),('C<6J^&]P>',0,0,0,0,0,4004,'FG^~JT'),('C+JrmHr',8,0,0,0,0,4008,'\\MGo'),('CƒcDyxN',0,0,0,0,0,4007,'r!GQqT'),('CG#Ũ',0,0,0,0,0,4010,'/ơGe@DZ'),('C+BP@9N',0,0,0,0,0,4003,'nNK%F&Io'),('CQgEɲ_lJ',0,0,0,0,0,4003,':1KWu'),('C㘹GIx\'',3,0,0,0,0,4008,'ZC1kY'),('D\Z	8 O ļ',0,0,0,0,0,4008,'.ŷёBph_I'),('D/\\B;',3,0,0,0,0,4008,'9)NƅD[Қ'),('D;Nj@a1ޟ',0,0,0,0,0,4006,'gr	@v(@'),('DM `Fk~%',0,0,0,0,0,4009,'AOI2G'),('DM?xMaU6',1,0,0,0,0,4001,'؋&qF\r-kt'),('DjoEDä[Ն',0,0,0,0,0,4009,'S$F\'\n'),('DlhAl\rG1=',0,0,0,0,0,4007,'u}GN@e|}'),('DqZAY0v',0,0,0,0,0,4001,'.YCHkc\"'),('D%PDcq',0,0,0,0,0,4006,'>$(-OS&c	'),('Da٘Nq1',0,0,0,0,0,4009,'9C8y\\h'),('DSpeGv{Xf',2,0,0,0,0,4004,';WezALЊ'),('DcļF5YB:',0,0,0,0,0,4002,'2>O꾸9%w'),('D0FVBPQ',1,0,0,0,0,4001,'DQEtQ؇'),('D(ItAOs',0,0,0,0,0,4002,'7IsBC'),('DqHE_7',0,0,0,0,0,4009,'i9jEVi'),('D-CIV-',0,0,0,0,0,4010,'wP$H>ѣ-F'),('DkV@Е%',0,0,0,0,0,4002,'?BVOU'),('D1oMin',0,0,0,0,0,4010,'$GEOTgB'),('D]ID',0,0,0,0,0,4010,'2fY#C74~kd'),('D/%w_C4\nc_o',0,0,0,0,0,4009,'viMJ?\\dѵ'),('EASCcd',0,0,0,0,0,4007,'4~|B;IUüf'),('E\"*K%Y\'',1,0,0,0,0,4002,'ePD`~$Z'),('E $CiB[)',0,0,0,0,0,4002,'H>JB!|H'),('E8tZDWnAͅ=',2,0,1,1,0,4004,'9)NƅD[Қ'),('EJ@@ĀOg',0,0,0,0,0,4003,'d\nTFf k<'),('EOw@pF8',0,0,0,0,0,4010,'\rYRNUk2Z'),('EweRPDE_',0,0,0,0,0,4002,'u}GN@e|}'),('E^I?`΍%',0,0,0,0,0,4010,'@+HGn~؏'),('Ey\Z#H#^rQ\'Ja',1,0,0,0,0,4001,'ilh@@\nZ0d'),('E>KdCȶY',0,0,0,0,0,4004,'04J{'),('E:*5O񟍗P|j',0,0,0,0,0,4009,'2O\'`]'),('ErD\0tCs4y',0,0,0,0,0,4005,'#amH+o!'),('E k!Gܜ~',0,0,0,0,0,4007,'{g OcGx8'),('EE@u֥',0,0,0,0,0,4005,'KeKI9Sl.c'),('E:C)0~',1,0,0,0,0,4001,'<ŵIz!'),('Fk~:A ',1,0,1,8,0,4002,'nEG4yk<'),('F){FwJ#',0,0,0,0,0,4006,'wO1'),('F6SEJy',0,0,0,0,0,4004,'7؈@pĒ7'),('F@Ș@.',0,0,0,0,0,4007,'wC>]J'),('FPԌ2KCjP7 ',0,0,0,0,0,4008,' WۧJӝ)'),('F[ӹH4:b7',0,0,0,0,0,4007,'IfAUZܓ2N'),('FeKяGQqR',0,0,0,0,0,4005,'ߨ7mG-cu\r'),('Fi9@fXO-i\n',0,0,0,0,0,4002,'<\"B߲'),('FtaSkCۡ4OP',0,0,0,0,0,4006,'{0Bɀ'),('FuWKB\"+',0,0,0,0,0,4002,'{0Bɀ'),('F9G4k;N',0,0,0,0,0,4003,' ?ErP'),('F_tK+&W',0,0,0,0,0,4006,'E%Imi%'),('FA&.PGIN3',0,0,0,0,0,4004,'QjG<_yV'),('F&U@,',0,0,0,0,0,4004,'̐Z?BEyY'),('FDE\\EH\\',0,0,0,0,0,4002,'`;LKԭR)N'),('FDpI,S@2',0,0,0,0,0,4001,'*=KrFv'),('F+A/mI2',0,0,0,0,0,4009,'睅^C``-1'),('FKԔLτRT}<#',0,0,0,0,0,4007,'pXąE$d'),('F(cDwb}	ګ',0,0,0,0,0,4010,'NkLJl0G,U'),('Gk\ZL>Y',1,0,1,1,0,4004,'$BC-ίza'),('G߶JAK;',0,0,0,0,0,4009,'Bu޺TAC9W'),('G2s߰VI͗gc*$',0,0,0,0,0,4009,'-KC\\%'),('G77u_HE7/6P',0,0,0,0,0,4005,'&1O~2b6\Z_'),('GBAzIl',0,0,0,0,0,4010,'v&vI0K媵}'),('GXXaK3:',1,0,0,0,0,4002,'CrL}P*'),('Gb}E&|;T9',0,0,0,0,0,4001,'}FBSt'),('Gp@YIيV',1,0,0,0,0,4004,'\0=GIpޫz'),('GqH	M',0,0,0,0,0,4008,'0\'IJbz\n'),('G4^CvެF*K',0,0,0,0,0,4009,'q.I#WX'),('GL՗IŽS_^!h',0,0,0,0,0,4006,'[\"0D|е'),('G/^IA_z',0,0,0,0,0,4008,'igdD܅'),('G	O	GЉ9D\n',0,0,0,0,0,4007,'1\\DP'),('G\nGVF:	',3,0,0,0,0,4008,'Ǽ\0J;s'),('GEtlA2',1,0,0,0,0,4001,'57Ox57OKc'),('GڢM{G0pm',1,0,1,4,0,4002,'1\\\n1FӳG\"M\0'),('G$DL,*LO7',0,0,0,0,0,4001,'@/mOJd'),('G;C*-f',0,0,0,0,0,4007,'BEXJ'),('Hd\'POފX',0,0,0,0,0,4007,'@w!E\''),('H\n-L`&G|',0,0,0,0,0,4006,' !{Dvo'),('H8JKR㞛',0,0,0,0,0,4002,'2fY#C74~kd'),('H@\"Br-C',0,0,0,0,0,4001,'Gu.߶sh	%'),('HV9]GKf޹i-',3,0,0,0,0,4010,'ŅdNYMΗ'),('H^3y	M=\"3',0,0,0,0,0,4009,'ؔAա+C@'),('HhL\rA',0,0,0,0,0,4009,'E%Imi%'),('Hzt\"CհR',0,0,0,0,0,4003,'57Ox57OKc'),('H}`HQTQg:',0,0,0,0,0,4005,'v4I\"+Ge'),('H}Ǿ;G_NI',0,0,0,0,0,4006,'/R_AG\0,E'),('H+^(@c',1,0,0,0,0,4009,'E9'),('HpK#:Y',0,0,0,0,0,4009,'ۅKlKÎ㫚D'),('Ha>Au\Z1D',0,0,0,0,0,4009,'9䤨v@x+\"'),('H]RAgTe',2,0,0,0,0,4008,'ĝs^Kj0G'),('H5Oƾ7˥',0,0,0,0,0,4002,'?\rbIkht`|'),('HGrϔ97O',0,0,0,0,0,4009,'GTBy*'),('HᨣH0URa(8\Z',0,0,0,0,0,4004,'[SMc!~X]'),('H:-0F҇caj',0,0,0,0,0,4005,'OFnGIL'),('HI[CJ\rmR',0,0,0,0,0,4006,'_Eזae'),('H-{aEbť',0,0,0,0,0,4003,'9)NƅD[Қ'),('I`>BB_o',6,0,0,0,0,4008,'&1O~2b6\Z_'),('IR9|aJi	',0,0,0,0,0,4005,'=oBR\0'),('I6v),IAJ:HE|',1,0,1,5,0,4002,'kCH)'),('IU\Z#@kю',0,0,0,0,0,4006,'S$F\'\n'),('IW=ADeQ',0,0,0,0,0,4006,';WezALЊ'),('I_SI7',0,0,0,0,0,4007,'*=KrFv'),('I`eZ@-o',1,0,1,1,0,4008,'ŅdNYMΗ'),('I|{A7',1,0,0,0,0,4001,'BEXJ'),('I]=>IvL',1,0,0,0,0,4001,'.G֪H(a'),('I)EI\"s',0,0,0,0,0,4008,'(hOu?؅@Ӽ'),('Io$DN઺',0,0,0,0,0,4009,'z93rGG1WUHS'),('I0sJpܢ^#!',5,0,0,0,0,4008,'2fY#C74~kd'),('I+BӺS:c',0,0,0,0,0,4007,' N	8Ӵe'),('InM@K!c',0,0,0,0,0,4004,'NkLJl0G,U'),('I܏KJ8to(',0,0,0,0,0,4006,'l-rI0-'),('IgMA5)',3,0,0,0,0,4004,'#amH+o!'),('I*dKH׌#',0,0,0,0,0,4006,'viMJ?\\dѵ'),('IGU}ˠ',0,0,0,0,0,4007,'}FNՀt>2'),('IfEňѢ',5,0,0,0,0,4008,'-1LIwTJg'),('JwIf\'_',0,0,0,0,0,4006,'B<[B\n3n\\'),('Jt\'C/{\\b',0,0,0,0,0,4007,'/R_AG\0,E'),('J_aL\r\ZMW\Zm',0,0,0,0,0,4003,'aGQg'),('J=$Co,N',0,0,0,0,0,4005,'6	{JLvw'),('JD}JO6j^',0,0,0,0,0,4008,'aGQg'),('J\\IOc{n',0,0,0,0,0,4001,'dK13Gq'),('Jz?Jμ%Z',0,0,0,0,0,4005,'&C{ 3gz'),('J#2GҘѦ-',0,0,0,0,0,4004,'^C\'=J+Qho'),('JA_pGp^u',0,0,0,0,0,4001,'RC˂Qpđ'),('J3\"IK_:(',0,0,0,0,0,4003,';v%O)\\6w'),('J!?kJsTq¢f',0,0,0,0,0,4003,'5%⪅Cʙj W'),('Jؼ;O L',0,0,0,0,0,4009,'M>3~APEr:'),('JɆ2\0WG땖gn',0,0,0,0,0,4002,'%7S@FJ7$'),('J*L\ZN(iu#&f',5,0,0,0,0,4010,'9C8y\\h'),('J֞M@/',0,0,0,0,0,4006,'0ʲHִrz>'),('Jޅ#IJaA=\\',0,0,0,0,0,4007,'L=O׼h,'),('Jd@4w0',0,0,0,0,0,4002,':eNIh'),('JMjxJ2',1,0,0,0,0,4002,'uLlLTp:'),('K勵KHʌuziG',0,0,0,0,0,4003,'N Py@Ui-'),('K&HHjM',0,0,0,0,0,4009,'pHs('),('K,<k\ZN|/c',0,0,0,0,0,4007,'tk?BI+[a'),('K1UA!C*_',3,0,0,0,0,4004,'\ZlYLUt'),('K6c@U\ru',0,0,0,0,0,4005,'(ݰfCutI.h'),('K7[>hEĔ\r@{',0,0,0,0,0,4010,'~puCJpx'),('K7{ʖ%K/Hff',0,0,0,0,0,4005,'LJ)Z#|'),('K;FH\\SG]SBn',0,0,0,0,0,4009,'{0Bɀ'),('KHIrUVICL',0,0,0,0,0,4006,'<N?߷JJô'),('KMMWJ:G`',0,0,0,0,0,4005,'mKD\"%:`'),('KU#BS=lck',0,0,0,0,0,4007,'v&vI0K媵}'),('KcEOCCĴ$\'*',0,0,0,0,0,4001,'r!GQqT'),('KvߋaLWߍGw&Zz',0,0,0,0,0,4004,'AOI2G'),('K#H+&',1,0,0,0,0,4001,'n;b7Aj%-'),('KZCFZ%Q+',1,0,0,0,0,4002,'Hd+HH)`'),('KAiNy*J',0,0,0,0,0,4002,'viMJ?\\dѵ'),('K?,)G',3,0,0,0,0,4010,'i9jEVi'),('KC=\"',0,0,0,0,0,4005,'7؈@pĒ7'),('KcDξb$9>g',0,0,0,0,0,4001,'۽O߶Ki,'),('KF-xdy',0,0,0,0,0,4002,'X&L.ߪu{'),('K>mJ(?ceI',0,0,0,0,0,4003,'HbHb'),('K\ri\nET_ct',0,0,0,0,0,4010,'p/[Jh악=;'),('KqĤG˭XsA+',0,0,0,0,0,4005,'KF|b'),('L-Q&HʩK,%S<b',0,0,0,0,0,4003,'wpZPE8YO'),('L>>?jFìXT@',0,0,0,0,0,4005,'1\\\n1FӳG\"M\0'),('Li`v\ZI-J~t',1,0,0,0,0,4008,'!IrІ&'),('LjH迅*k',0,0,0,0,0,4002,'dX>M Mb'),('L<ŚNێ7',0,0,0,0,0,4006,'睅^C``-1'),('L*`{gG͢[$\"l-',0,0,0,0,0,4002,'wP$H>ѣ-F'),('L!cDeN&R',0,0,0,0,0,4007,']LjMUK'),('LsXK\Z%>xF',0,0,0,0,0,4007,'H,WFߜw'),('Lc)H?!.0',0,0,0,0,0,4005,'W7=O77V)W'),('L,Mq\\$Y',2,0,0,0,0,4010,'E1-Nd5I'),('L0^NR9-k4D',0,0,0,0,0,4003,'XXGyB0עa'),('M5qxDI-',0,0,0,0,0,4006,'zΟ(DŃO'),('Mj\\ڮH8䪲!',1,0,0,0,0,4001,';K@$ 6='),('MpoVD\n3P[',0,0,0,0,0,4008,'F9bJH\'	'),('M|2O2m',0,0,0,0,0,4009,'(ݰfCutI.h'),('MZLͼnfNЁ',0,0,0,0,0,4009,'OBK82I>~'),('M:yOͦF',0,0,0,0,0,4007,'d8yJaSu'),('ME$I	R`o2%',0,0,0,0,0,4003,'̺I6aU'),('M7:BAښ^r f',0,0,0,0,0,4002,'2?G$[KFɀ'),('MJ\"A|D],',0,0,0,0,0,4010,'0\'IJbz\n'),('MNJE*p`',0,0,0,0,0,4006,'\0=GIpޫz'),('M/Lo%',0,0,0,0,0,4009,'N Py@Ui-'),('Mg\nJqYG<)',1,0,0,0,0,4001,'-jK>SL(r'),('MPM5>',0,0,0,0,0,4009,'QjG<_yV'),('N!}JVw-',0,0,0,0,0,4009,'[28}Lُ('),('N8/pAV(>}\r,',0,0,0,0,0,4007,':OF\Z2'),('NHYeF&NO',0,0,0,0,0,4004,'XaA2јj'),('NhI7\'A¤i̥',0,0,0,0,0,4005,'aGQg'),('NzD\nMB{',0,0,0,0,0,4004,'o}=|ImJ&'),('N;K\rq',5,0,0,0,0,4010,'R-UrB(F/>'),('N7-HU3',1,0,0,0,0,4001,'aLV'),('NuJܧ_',0,0,0,0,0,4005,'\"k*SA\"L'),('NNBå5ڇv',1,0,0,0,0,4004,'wpZPE8YO'),('NJvdj',1,0,0,0,0,4001,'\0=GIpޫz'),('NExCL>ʥ]Я',1,0,0,0,0,4001,'̐Z?BEyY'),('NצO[\nLo',0,0,0,0,0,4003,'L=O׼h,'),('Np*@/˶K',0,0,0,0,0,4008,'g\'M\'Mʆp#My'),('NEzMG*\0弨',0,0,0,0,0,4002,'93ןCҍ8d'),('O.C}!',0,0,0,0,0,4006,'F9bJH\'	'),('O8Be2٥[',0,0,0,0,0,4006,'BG7Fk.#>'),('O\n_O\n \n4}',0,0,0,0,0,4004,'<ŵIz!'),('Og/!H͇JH:',4,0,0,0,0,4008,'3LO3m'),('O)yAN;0',0,0,0,0,0,4006,'X8Aj%1'),('O+9HVI.񠠼',0,0,0,0,0,4009,'؋&qF\r-kt'),('O+W(AΪPC(',0,0,0,0,0,4006,'n=C6Sй\Z'),('O0$H&\"&',6,0,0,0,0,4008,'oH2W\r$'),('O=U?G>\"ʼ',1,0,0,0,0,4004,'=;A沕'),('O@)C_)]b',0,0,0,0,0,4007,'[28}Lُ('),('OJFi',0,0,0,0,0,4005,'G֜I&\'T'),('OX\\JK9|93Զ',0,0,0,0,0,4004,'\n~IiO|O'),('Od]K;O=:',0,0,0,0,0,4002,'$zHi󌶭zv'),('OhrcI|uC',0,0,0,0,0,4005,'MMW`'),('Oll/O?qR',0,0,0,0,0,4005,'&LT;c'),('OnJ_v!',0,0,0,0,0,4009,'\'!@D+ѽh'),('O $L0g',0,0,0,0,0,4008,'l\ZEk%-|a'),('ODL=CT\\to',0,0,0,0,0,4002,'\'%DC=x'),('OAMrVSr',0,0,0,0,0,4007,'H>JB!|H'),('O5OGKK y',0,0,0,0,0,4007,'\\&G&4N'),('OQ2KhA+b',0,0,0,0,0,4003,'$zHi󌶭zv'),('O_.GӮ_',0,0,0,0,0,4005,'\"f~2ILg]ko'),('PEGAP]>r',0,0,0,0,0,4007,'Z.Ck%S'),('P\0NG4lI',9,0,0,0,0,4010,'zfΰH`_'),('P#dVD3',0,0,0,0,0,4007,'D37Wn'),('P\'F4H8)YB',2,0,0,0,0,4008,'TK0M4\Z '),('P-?HV',0,0,0,0,0,4003,'ߨ7mG-cu\r'),('P9esO$>_',1,0,0,0,0,4001,'WiL<Lpގ'),('PJ|P0G+;YUm',0,0,0,0,0,4003,'eU%N?a6'),('PK[{Bnl',1,0,0,0,0,4006,'EdIYp'),('PNv4My*vǭU',0,0,0,0,0,4003,'/ơGe@DZ'),('PZa!Eq:',0,0,0,0,0,4007,'DESE!\\D'),('P,R@H,/Ϧ',0,0,0,0,0,4005,'\nJMJs /'),('PhDԿX4Ov',0,0,0,0,0,4007,'ULbCyeq'),('PN]^FOw',0,0,0,0,0,4003,'DQEtQ؇'),('P	OK|v',2,0,0,0,0,4008,'5myXF\rGC'),('P]CBgZ$',0,0,0,0,0,4007,'W7=O77V)W'),('PVCBc(ŝ',0,0,0,0,0,4009,'+׌*KؼǢd;W'),('PC}yHβ?EY',0,0,0,0,0,4007,';v%O)\\6w'),('P0i^AiM$[o',0,0,0,0,0,4005,'aqhV<F\'4Uw+'),('PC>J㡃\"@+^u',0,0,0,0,0,4003,'WiL<Lpގ'),('PTF>BsCT',0,0,0,0,0,4004,'V&*ߔc@j,\r,'),('Pہt!@I0꼃}\'',0,0,0,0,0,4005,'TK0M4\Z '),('P\Z\\bfC$1',0,0,0,0,0,4010,'rT{=Fxsd'),('P&M[65d',0,0,0,0,0,4004,'[3F5I7aD0'),('PhJ4Kxg\rC',0,0,0,0,0,4006,'0VGGA^\\V'),('Q	cHKD=',0,0,0,0,0,4004,'4~|B;IUüf'),('QJgQ) Bu6',0,0,0,0,0,4006,'57Ox57OKc'),('QYBorMƙW',2,1,1,1,1,4002,'睅^C``-1'),('QaFEt$}Ⱌ',0,0,0,0,0,4009,'nǰF\\K`'),('QpiB_=S',0,0,0,0,0,4005,'聾I'),('Qr>FxC',0,0,0,0,0,4007,':eNIh'),('QxֳFv~1\Z$',1,0,0,0,0,4010,'FG^~JT'),('QP8Mvh',0,0,0,0,0,4009,'EdIYp'),('QGQJǈn1R',0,0,0,0,0,4003,'dX>M Mb'),('QHG5_{',0,0,0,0,0,4009,'$K۲'),('Q<kJ.',0,0,0,0,0,4007,'-KC\\%'),('Qv!D3Dל',0,0,0,0,0,4002,'G~QK0r%:@'),('Q(=G\'\rľ',2,0,0,0,0,4009,'c4SIj\0]clj3'),('Q̙eJ.?;?',2,0,0,0,0,4010,'/R_AG\0,E'),('R\Z7U@xe%r',0,0,0,0,0,4006,'u}GN@e|}'),('R+w\0rGcV',1,0,0,0,0,4008,'T@ٜ /M'),('R:UCOr.',0,0,0,0,0,4007,'1AFl::ܻ'),('R=ud8Dj@',0,0,0,0,0,4009,'wP$H>ѣ-F'),('RCXL9~',0,0,0,0,0,4005,'ƘgAZhto'),('RFS1M;ߧ\"',6,0,0,0,0,4008,'$GEOTgB'),('RiHeؽzk|',0,0,0,0,0,4002,'̺I6aU'),('Rypx<A1u',2,0,0,0,0,4004,'QRJ ^G'),('RyyBFnE{%',1,0,0,0,0,4001,'4Fȝj'),('R0tPL',0,0,0,0,0,4005,'Bu޺TAC9W'),('RLJSW &',0,0,0,0,0,4005,'ow\nn\r@hz.'),('R8~L }K',0,0,0,0,0,4004,'n;b7Aj%-'),('RGrWM|h~ڡ',0,0,0,0,0,4005,'pHs('),('RPũ[Oի\\SEY',0,0,0,0,0,4003,'z93rGG1WUHS'),('R@$BOˋ1',0,0,0,0,0,4010,'ۅKlKÎ㫚D'),('RTEغ|ph\\',0,0,0,0,0,4007,'^SMmIn'),('RTNM\"<2B',0,0,0,0,0,4003,'(0[B.\Z'),('RĚ)B5MΔ#',3,0,0,0,0,4010,'ݳ^Ct4o'),('RQJ	 י~|',0,0,0,0,0,4005,'V~@|#'),('S!>1L?Ƨ2',0,0,0,0,0,4010,'X\nmF Xk1('),('S\'Mᶍ塬',0,0,0,0,0,4010,'cR`F\'NC;'),('SChmGK+xH	',0,0,0,0,0,4009,'wpZPE8YO'),('SF[H_4',0,0,0,0,0,4005,'\\hXJv78~'),('SRLLY{xC',0,0,0,0,0,4005,'69kGޮl'),('S_zGE)',0,0,0,0,0,4002,'!dvBhѳ'),('Se©MCUP(;B)2',0,0,0,0,0,4004,'}FNՀt>2'),('Sf+}ZOs}',0,0,0,0,0,4009,'[SMc!~X]'),('Smkr[@Ejȹ',0,0,0,0,0,4003,'iqDBIb탥'),('SsǌE',1,0,0,0,0,4001,'hCBڦvD'),('S~ӏL9T8',0,0,0,0,0,4002,'EdIYp'),('S/E*Cnk',0,0,0,0,0,4006,'=ƕLr'),('S0D^T֑',0,0,0,0,0,4003,';8Ej@l'),('SRIYeY$',0,0,0,0,0,4001,'?BVOU'),('SSfFo',0,0,0,0,0,4002,'I.	E<x@'),('SGi/@L',3,0,0,0,0,4010,' ?ErP'),('S.HCʘj2',0,0,0,0,0,4010,';8Ej@l'),('S+GA][Lh',0,0,0,0,0,4005,'$BC-ίza'),('SXMC',0,0,0,0,0,4002,'<)N}wZ*'),('Sl}BA9-_',0,0,0,0,0,4002,'c<1mC^aG'),('S\ZmD%Dڶ',1,0,0,0,0,4008,'8-BEVj'),('T	OoS',1,0,1,1,0,4004,'rEљ\rƛs'),('T\'`KRXK',1,0,1,1,0,4004,';$^Mp<'),('TO!lWV',0,0,0,0,0,4003,'H>JB!|H'),('T)GA̪\rQS',0,0,0,0,0,4009,'BG7Fk.#>'),('T5.Adс`',0,0,0,0,0,4009,'9a^gNfcƳ'),('T6$aO[',0,0,0,0,0,4007,'Y>KJIz'),('T>7HUB1',1,0,0,0,0,4006,'BEXJ'),('TW9M>ApOh\'T',0,0,0,0,0,4008,'/R_AG\0,E'),('T|7\rAVN',0,0,0,0,0,4005,'wP$H>ѣ-F'),('Tk|LıA\rd',1,0,0,0,0,4001,'`.G%MM	'),('TᘣF?/ʅ;',0,0,0,0,0,4009,'gr	@v(@'),('TdH JrgX',0,0,0,0,0,4007,'xiT1L3k'),('T|L6d;*',1,0,0,0,0,4001,'V&*ߔc@j,\r,'),('TTYAA',0,0,0,0,0,4010,'W\0E+ @H'),('T*XBP1',3,0,1,1,0,4004,'p/[Jh악=;'),('TizBTQ[e',4,0,2,2,0,4004,'ޗN:Hx}'),('Tl|Cـl',0,0,0,0,0,4009,'#怴4LG{O'),('TR-Ay{',0,0,0,0,0,4002,'D37Wn'),('TǟF-\\Nb:',0,0,0,0,0,4010,'rZIOL'),('TkeLKv}SQ',0,0,0,0,0,4009,'ʬEvL(ʳ۶'),('THL{4fEf+',0,0,0,0,0,4003,'DiQyMe\"2'),('Tu%EG}BU',0,0,0,0,0,4010,'e*MR8%'),('TIK܃&Mghv',0,0,0,0,0,4003,'V~@|#'),('Tvt-CȘ\0(?T',1,0,0,0,0,4010,'viMJ?\\dѵ'),('UdXG<x2v',0,0,0,0,0,4003,'ݳ^Ct4o'),('U-jgDjň0',0,0,0,0,0,4003,'Ά_@̜)'),('U/%kWK>.',0,0,0,0,0,4001,'>@^\Z,B'),('U8~MG֑<=\r',0,0,0,0,0,4006,'=;A沕'),('UCUH0',0,0,0,0,0,4003,'gݪ&@( ݋QF]'),('UW#jGa]$',0,0,0,0,0,4005,'H>JB!|H'),('U]XL`d\Z0',0,0,0,0,0,4010,'ڊ5Kʴ{\Z\":'),('Ul3IPn',1,0,0,0,0,4001,'pcM8)pB'),('UpAN v',3,0,1,1,0,4004,'\\MGo'),('UrJa\'<BkT+',0,0,0,0,0,4007,'u5BG3,'),('UuOpp+',0,0,0,0,0,4006,'NTA5A'),('UzJ&GRgʂME',3,0,0,0,1,4010,'#amH+o!'),('U!t\"N.I	Xr',0,0,0,0,0,4010,'n@ɟfi`S'),('Uٳ3Eн|Unm',0,0,0,0,0,4005,'\\FDF[_'),('USIϑ2',2,0,0,0,0,4001,'\\BJO>]b('),('UIC%]5ti',0,0,0,0,0,4006,'<ŵIz!'),('UNNݗ.',0,0,0,0,0,4007,'LJ)Z#|'),('Uy45DE+$,ᱪ',0,0,0,0,0,4003,'E%Imi%'),('UO^Hѽ',0,0,0,0,0,4007,'&DC\Z+'),('V{pE\n+kV',0,0,0,0,0,4007,'WiL<Lpގ'),('V#J̝$',1,0,1,6,0,4002,'~puCJpx'),('VAвC[p_j',0,0,0,0,0,4009,' N	8Ӵe'),('V!vO㫞=3',0,0,0,0,0,4003,'[SMc!~X]'),('V43Eyʀ4Q',0,0,0,0,0,4003,'կBA5:\0'),('V5,;@s?\Z`',0,0,0,0,0,4005,'IfAUZܓ2N'),('V;Q.F\0SW',0,0,0,0,0,4001,'&1O~2b6\Z_'),('V;(8H%L',0,0,0,0,0,4009,'/R_AG\0,E'),('VO~FKK\0G+',0,0,0,0,0,4002,'\'pOSLMN'),('VcYC(2?',0,0,0,0,0,4001,'qAXQr@t6j'),('VnĪ|G\ZLyu',0,0,0,0,0,4003,' WۧJӝ)'),('V@WAKanѿ',0,0,0,0,0,4001,'1K:j@['),('VѳK]&f',0,0,0,0,0,4007,'t\0F\ZQN?'),('Vp@)Tj0',0,0,0,0,0,4009,'pXąE$d'),('V 9C9I',1,0,0,0,0,4001,'KKյd^'),('Vn1	B74;',0,0,0,0,0,4005,'L׌M8;{h'),('V{H艹1',1,1,1,1,1,4004,'3LO3m'),('V`D>Nі%Mk',0,0,0,0,0,4005,'_SEаk4H'),('V̰gHuP\0X\"',0,0,0,0,0,4009,'aLV'),('VqVB	',0,0,0,0,0,4005,'7!JN07j'),('V\0rB,@p',0,0,0,0,0,4004,'D6PNS)9'),('V =Nx/f0',0,0,0,0,0,4010,'KF|b'),('V櫯D~VI:',0,0,0,0,0,4009,'/hBU۠%2'),('VʖGG4',0,0,0,0,0,4003,'}FBSt'),('V%pLE+N7\\',1,0,0,0,0,4010,'$zHi󌶭zv'),('VyKssv:',0,0,0,0,0,4003,'3LO3m'),('VGBz:K',1,1,1,4,0,4001,':OF\Z2'),('W\0^RGdX\rh9~R',0,0,0,0,0,4006,'Е,O{ՙ,\0'),('WupA@k@٤',3,0,0,0,0,4006,'OBK82I>~'),('WD=hd',6,0,0,0,0,4010,'rgeFn'),('W$~?B̲&Cۂ',0,0,0,0,0,4001,'P_enE1}pf'),('W*X/F@Myu',1,0,0,0,0,4008,'$Z\rp@7ȼ'),('W.Dp8',0,0,0,0,0,4007,'Ǽ\0J;s'),('WFLN8*B',0,0,0,0,0,4007,'ڔM-3֗'),('WO.MU5z7Zw',0,0,0,0,0,4009,'2?G$[KFɀ'),('WU\nzH\n7ٴI',0,0,0,0,0,4004,']D\Zz¸'),('WZ,_AI1MD',0,0,0,0,0,4008,';8Ej@l'),('WZȼF\Z\n+\"',0,0,0,0,0,4006,'1K:j@['),('W`/LO:Y9',0,0,0,0,0,4007,'kCH)'),('W`)L<dc',0,0,0,0,0,4009,'ĝs^Kj0G'),('Wfwh@؇7f',0,0,0,0,0,4010,'.ŷёBph_I'),('WtANHQ+',0,0,0,0,0,4003,'&DC\Z+'),('Wt\'Or',0,0,0,0,0,4005,'QjG<_yV'),('WlFхM2',0,0,0,0,0,4010,'!kHI[,9.'),('W NA_u',0,0,0,0,0,4002,'2\n<D<['),('W&S-I3in',8,0,0,0,0,4008,'Е,O{ՙ,\0'),('WfDW!b',0,0,0,0,0,4001,'YfE3p'),('W2Ju7keY',0,0,0,0,0,4006,'ژBMp]8'),('WeH o,K',0,0,0,0,0,4003,'Y>KJIz'),('WΎDR-oL',0,0,0,0,0,4003,'zvi]FzR!R'),('XD`Q1',0,0,0,0,0,4005,'#B[GM-A'),('X.nF Cc*s',0,0,0,0,0,4005,'EdIYp'),('XOښwFͳ',1,0,0,0,0,4002,'W\0E+ @H'),('XX+_GR<]',1,0,0,0,0,4001,'viMJ?\\dѵ'),('X] CG\05',0,0,0,0,0,4004,'\'E~MoD'),('Xh(.A-|SjK2',0,0,0,0,0,4003,'`;LKԭR)N'),('Xu˪Ay,k',0,0,0,0,0,4004,'g?NvYt'),('X~)WF u*,~',0,0,0,0,0,4002,'0ʲHִrz>'),('XtK<9_qC(',1,0,0,0,0,4001,'\"f~2ILg]ko'),('X{HNx&',0,0,0,0,0,4009,';Rk)+H/X#{>Y#'),('X-CAL\Z',0,0,0,0,0,4008,'0VGGA^\\V'),('X.K֣,G\Z#3',0,0,0,0,0,4006,'I.	E<x@'),('X5A6/:۬',1,0,0,0,0,4010,'*F3MH,'),('XƚOD.',0,0,0,0,0,4007,'viMJ?\\dѵ'),('XԆFuڠ1',0,0,0,0,0,4005,'9NOeɑ6^'),('XԈo-@HpX',0,0,0,0,0,4001,'TK0M4\Z '),('Xٌ音A.ZTh',0,0,0,0,0,4006,'\'%DC=x'),('XUL@EY\'3D',0,0,0,0,0,4003,'_Eזae'),('X!CF78',0,0,0,0,0,4004,'MMW`'),('XQqOzMѭ',1,0,0,0,0,4001,'(C	U}'),('X4MӷdL',0,0,0,0,0,4003,'PCJ@ټĲ$(d'),('X|=D)>[qj',0,0,0,0,0,4006,'aGQg'),('Y&_SFU5%',1,0,0,0,0,4010,' N	8Ӵe'),('Y\r	Ch$nnj',0,0,0,0,0,4004,'$GEOTgB'),('Y=w#Kߙ3Xk',2,0,0,0,0,4004,'{D=N(Y.\'HP@'),('YTE!)q',0,0,0,0,0,4005,'s6\'$L_It֛'),('Y<αO(D!%{y',1,0,0,0,0,4002,'W53Ju'),('YaxtJtN1',0,0,0,0,0,4006,'HbHb'),('YcNT',0,0,0,0,0,4002,'݃KG?'),('YhNV#ٓ',0,0,0,0,0,4009,'FhDg\0/['),('YF\Z\\',0,0,0,0,0,4006,'݃KG?'),('Ys@aC+n9',0,0,0,0,0,4008,'Kz@CӇ'),('YxcJ]<_',0,0,0,0,0,4007,' WۧJӝ)'),('Y=Dƨ\Z2/)',0,0,0,0,0,4009,'Gu.߶sh	%'),('YAbMST+',0,0,0,0,0,4003,'>$(-OS&c	'),('Y\nAM<mқ',0,0,0,0,0,4010,';v%O)\\6w'),('Y^II}YJ\n',0,0,0,0,0,4007,';FZާ\r'),('Yڦa!C\'V|a',0,0,0,0,0,4002,'OMjP\'0'),('Y~rL?cM',0,0,0,0,0,4006,'կBA5:\0'),('YzF7~p*',0,0,0,0,0,4009,'M>6y0>'),('Z	GΉL.3',0,0,0,0,0,4004,'%mGȧkQd@'),('ZkBĕH@d\\',0,0,0,0,0,4006,'`0ML^lF~^X'),('ZP.Gt;}p!',10,0,0,0,0,4008,' ?ErP'),('ZMԙi#c',2,0,0,0,0,4010,'\\@)%%MIk'),('Z*%F$',1,0,0,0,0,4002,'\"r7NlQE'),('Z\"J|19',0,0,0,0,0,4005,']D\Zz¸'),('Z/WdA\ZEH\0u6&',0,0,0,0,0,4007,'\rYRNUk2Z'),('ZUFDV\0_,',0,0,0,0,0,4009,'Oā,/'),('Z=\0D<+Ul',1,0,0,0,0,4001,'zvi]FzR!R'),('ZeoFOZ<.',0,0,0,0,0,4006,'\\uNEvg$z'),('Z0N(#',2,0,0,0,0,4004,'HaJN^9C@\r'),('Z(KODZ@y',0,0,0,0,0,4002,'Е,O{ՙ,\0'),('ZtzHGqمH6',0,0,0,0,0,4001,'\\MGo'),('[udJ]',0,0,0,0,0,4004,'=ƕLr'),('[NK',1,0,0,0,0,4008,'7GOqV'),('[tO-|S-',0,0,0,0,0,4006,'\nJMJs /'),('[!P$@ŢӤt',1,0,0,0,0,4001,'kS^PFO\nj'),('[#7\nGFߋ$',0,0,0,0,0,4010,'ٷO{L'),('[P&}Iӭa8\r',0,0,0,0,0,4004,' 	nJC\'K!'),('[[nJ]pk9',0,0,0,0,0,4009,'3Ϊ}A0Ŵ'),('[y1Gお׿',0,0,0,0,0,4010,'{0Bɀ'),('[NZN~1d',0,0,0,0,0,4006,'c4SIj\0]clj3'),('[m:@΢TE\\',0,0,0,0,0,4009,'df%N*1&1 &'),('[Dt`~@M6\\H~',0,0,0,0,0,4002,'(hOu?؅@Ӽ'),('[\\\'Gb_)',0,0,0,0,0,4007,':X/sOfoAz'),('[F|\nL&\\w',1,0,0,0,0,4001,'D6PNS)9'),('[ekB{nr',1,0,0,0,0,4004,']*I	r:'),('\\eM=\rg',0,0,0,0,0,4008,'{4>\n\"@x3'),('\\LCMu',0,0,0,0,0,4001,'BDq׍1'),('\\8pA~t',0,0,0,0,0,4007,'zN73NOꗭ\\?`<'),('\\B2G8-\"',3,0,0,0,0,4008,'mۺKn'),('\\FqӼ[F1疒',0,0,0,0,0,4007,'\"f~2ILg]ko'),('\\FEڅhLR<\0',1,0,0,0,0,4009,'-1LIwTJg'),('\\N9OP36',0,0,0,0,0,4005,';8Ej@l'),('\\QJ2D',0,0,0,0,0,4009,'կBA5:\0'),('\\SF*kB+]q\0M=',1,0,0,0,0,4001,'OFDfæ3'),('\\X]C1h',3,0,0,0,0,4010,'j)CFtC\''),('\\^f\0nEx؝m',0,0,0,0,0,4005,'ULbCyeq'),('\\bnȃNf|;I',1,0,0,0,0,4009,':eNIh'),('\\G\"5l@RBw!/',1,0,0,0,0,4001,'3]M͓o*t_'),('\\RzC*|2',0,0,0,0,0,4010,'hCBڦvD'),('\\YB\"B',0,0,0,0,0,4006,'i\"XrF]|K8c'),('\\	d-N@fk',0,0,0,0,0,4008,'^D̦s'),('\\< M֪ҥK',0,0,0,0,0,4003,'\nJMJs /'),('\\eB@PvJ',2,0,0,0,0,4004,'/YG欬g\0,'),('\\ڇ[0N8Ɉ',0,0,0,0,0,4005,'\0=GIpޫz'),('\\g#LNI!',1,0,0,0,0,4001,'\0OpG֍\"'),('\\,K\\+L',0,0,0,0,0,4004,'CKf.C'),('\\jEڳQx',0,0,0,0,0,4003,'nEG4yk<'),(']AIV&\0\n+',3,0,0,0,0,4008,'OFnGIL'),(']7Jˮ`{}l',1,0,0,0,0,4004,'@/mOJd'),('] *Lzջ',0,0,0,0,0,4002,'{ȗpO2`'),(']#MmG\'\0!',1,0,1,1,0,4004,'4H?Nv-6M='),(']4ŴwNnqW	MI',0,0,0,0,0,4002,'A[WH_<k)'),(']9D Mڣ.',0,0,0,0,0,4007,'&LT;c'),(']?%F<e',0,0,0,0,0,4009,'R>NA#I}'),(']BӅBZ|c',0,0,0,0,0,4006,'%mGȧkQd@'),(']B2Jw4',0,0,0,0,0,4005,'2O\'`]'),(']NKKNj)z',0,0,0,0,0,4007,'J\'(e94'),(']k%=sO<BSA ',0,0,0,0,0,4007,'=ƕLr'),(']lx.D&,şi',0,0,0,0,0,4003,'Ղ5A߭DU<'),(']oJMc@жּM;',2,0,0,0,0,4004,'df%N*1&1 &'),(']|E',0,0,0,0,0,4005,'Ղ5A߭DU<'),(']e N1(u0',0,0,0,0,0,4006,'BDq׍1'),(']4g\rFlD',0,0,0,0,0,4009,'=oBR\0'),(']#Bw=',0,0,0,0,0,4007,'\"r7NlQE'),(']*`H\'H',0,0,0,0,0,4010,'93ןCҍ8d'),('],\nK',2,0,0,0,0,4008,'PCJ@ټĲ$(d'),(']8uBW:',0,0,0,0,0,4001,'uYHQ̿'),(']mg\rH%qB',0,0,0,0,0,4010,'#怴4LG{O'),(']]=CX:H',0,0,0,0,0,4002,'1\\DP'),(']\nǭI(Rx',0,0,0,0,0,4006,'i9jEVi'),('^\nb1H&ȨF=',0,0,0,0,0,4005,'04J{'),('^JCҬЕ',6,0,0,0,0,4008,'0V&F}13M'),('^QKߖOz)]',0,0,0,0,0,4002,'r!GQqT'),('^io;KO94Y',1,0,0,0,0,4001,'3LO3m'),('^oCfY',0,0,0,0,0,4005,'5myXF\rGC'),('^7>hE*N\r|',4,1,1,1,0,4004,'OiJrQuDV,'),('^N\nD~Yr',0,0,0,0,0,4009,'Kz@CӇ'),('^VtDE6)Z(}&r',0,0,0,0,0,4002,'Y0Z@d\0)/]L'),('^\\{ \0O{;%]',0,0,0,0,0,4002,'zN73NOꗭ\\?`<'),('^`>J*i\"\'q',1,0,0,0,0,4001,'1\\DP'),('^n{O\0Ϛv',0,0,0,0,0,4009,'\nJMJs /'),('^XomK&xȩ/',3,0,0,0,0,4004,'u}GN@e|}'),('^YcNTTjq=',0,0,0,0,0,4001,'suFť=K:'),('^D@⮇cV',0,0,0,0,0,4003,'\"f~2ILg]ko'),('^:N-K\"O',0,0,0,0,0,4005,'YvVK7'),('_%dF:Y',2,0,0,0,0,4001,'!LX.zX'),('_97\05Kԏ$bm޿',0,0,0,0,0,4006,'g?NvYt'),('_<Bԧ=wߴ-',0,0,0,0,0,4009,'V~@|#'),('_QVC~!T',0,0,0,0,0,4006,'0\0L$#*g'),('_fIS=',0,0,0,0,0,4007,'{ȗpO2`'),('_Ϗ3Jd`Yw',0,0,0,0,0,4006,'df%N*1&1 &'),('_OuEN.',0,0,0,0,0,4003,'B<[B\n3n\\'),('_ڕL4Yq',0,0,0,0,0,4007,'[Ex_,'),('_qGbW@',0,0,0,0,0,4009,'<N?߷JJô'),('_G]u5',1,0,0,0,0,4001,'`tAeӡAPJ6'),('`&IaGc\\߄r',0,0,0,0,0,4008,'4H?Nv-6M='),('`	D&E ٓʏ',0,0,0,0,0,4005,'OMjP\'0'),('`*WXE֐5_c',0,0,0,0,0,4006,'c<p|@V?'),('`-t3Kk|',0,0,0,0,0,4009,'_SxOG(le'),('`Is-ND,',0,0,0,0,0,4009,'r\0KS'),('`RP]CݖYȭ',0,0,0,0,0,4005,'B<[B\n3n\\'),('`^]?Ft0',0,0,0,0,0,4009,'v4I\"+Ge'),('`g,D7N_Ym',0,0,0,0,0,4003,'7؈@pĒ7'),('`q|1@1A\r',0,0,0,0,0,4002,'\n~IiO|O'),('`qJ͒J({',0,0,0,0,0,4007,'.YCHkc\"'),('`}A\n(pJJrE9',2,0,0,0,0,4008,'[3F5I7aD0'),('`wbON4%~',0,0,0,0,0,4003,'uJ%TO_sT'),('`¡Cݺ-L~',0,0,0,0,0,4007,'{4>\n\"@x3'),('`E(R',0,0,0,0,0,4006,'G~QK0r%:@'),('`HNQ>',0,0,0,0,0,4007,'k^B%c,'),('`7NfgIW&',0,0,0,0,0,4009,'04J{'),('`NPNT',0,0,0,0,0,4005,'n;b7Aj%-'),('`,Dk',0,0,0,0,0,4003,'n@ɟfi`S'),('`EnbMe',0,0,0,0,0,4009,'\0Y$Kޙo#Ǖ'),('`hCƏ3ь',0,0,0,0,0,4007,'h\'\\\"BǥoŨ-S'),('`ѵN~@H$BϨ',0,0,0,0,0,4007,'E9'),('`I]F`Wh!4',0,0,0,0,0,4007,'69kGޮl'),('`BI;\ng',0,0,0,0,0,4005,'igdD܅'),('``~MЋ\'5<',0,0,0,0,0,4002,'aLV'),('`Bj7',0,0,0,0,0,4001,'\\/rNO+x7b'),('`{VK|g~\'',0,0,0,0,0,4005,'gݪ&@( ݋QF]'),('`BзҼO\'',1,0,1,17,0,4002,'sՃ\'D\n\"'),('a\0Î|TF65',2,0,0,0,0,4008,'Ά_@̜)'),('a\nVyE&Ol-',0,0,0,0,0,4007,'Hd+HH)`'),('a>HD8_Vs',0,0,0,0,0,4007,'Cʍo'),('a-2>B9:e7',0,0,0,0,0,4010,'5myXF\rGC'),('aC/6(R@P@~',0,0,0,0,0,4001,'!IrІ&'),('aGI̡6i!<',0,0,0,0,0,4006,'#[9cEǚ'),('aZ!M9A5B',0,0,0,0,0,4007,'l\ZEk%-|a'),('a[GF䂳\\Ǉ\Z',0,0,0,0,0,4005,'+M&bbOiIa'),('a|c/N9\Z',0,0,0,0,0,4007,'^RIȟ.S-'),('ak>B#@gW',0,0,0,0,0,4005,'r!GQqT'),('aIAK)U_&',0,0,0,0,0,4006,'\\FDF[_'),('aVGb	]g/',0,0,0,0,0,4005,'BEXJ'),('aqOAc',0,0,0,0,0,4008,' !{Dvo'),('aHKHFM',0,0,0,0,0,4005,'$GEOTgB'),('aȯ1b@QW',0,0,0,0,0,4007,'?\rbIkht`|'),('a\ndCB;ōȇ',0,0,0,0,0,4003,':OF\Z2'),('b&7Gh2Y',0,0,0,0,0,4005,'+׌*KؼǢd;W'),('bBeI\0xȮ',0,0,0,0,0,4009,'9NOeɑ6^'),('b\"eVIJJ',0,0,0,0,0,4005,'LmȪNBbmn$='),('b8#nH5:!',1,0,0,0,0,4008,'HaJN^9C@\r'),('b@dvEyO(',2,0,0,0,0,4008,'wؘyU6K\'TU5y'),('bD<C+gg',0,0,0,0,0,4009,'e*MR8%'),('b[܁LB\Z',1,0,0,0,0,4009,'r!GQqT'),('b3B>׵',1,0,0,0,0,4002,'6tdH1˺'),('bHVUy',0,0,0,0,0,4009,'ZC1kY'),('bU7Iҗ?4',0,0,0,0,0,4008,'LJ)Z#|'),('bPz]@!J',1,0,0,0,0,4004,'DQEtQ؇'),('bLBIpm)',0,0,0,0,0,4009,'c<1mC^aG'),('b{REKj(ϓ',0,0,0,0,0,4010,'=ʊHDU zFEv'),('bLJN\n9',0,0,0,0,0,4009,'7؈@pĒ7'),('cJ}x*$\0',1,0,0,0,0,4008,'P_enE1}pf'),('c	tNsZO[',1,0,0,0,0,4004,'dBέEY{A'),('c\rMH}q\\',0,0,0,0,0,4008,'cɡJxJzR'),('cC\nc7',0,0,0,0,0,4007,'MMW`'),('c؛]A\r|V,\"',0,0,0,0,0,4006,'rEљ\rƛs'),('c8yʀvD_صo',11,0,0,0,0,4008,'ՓCNBXJۄ{\''),('cXχH:vxI',0,0,0,0,0,4007,'L\ZfYJO'),('c^k@ѳz2RO',2,0,0,0,0,4008,'L\ZfYJO'),('cmp7N(wux',0,0,0,0,0,4005,'eU%N?a6'),('czբG?Nl',0,0,0,0,0,4009,'`0ML^lF~^X'),('csm:O<v	\'',0,0,0,0,0,4003,'=;A沕'),('cq~DG6c',0,0,0,0,0,4006,'7؈@pĒ7'),('cvI\r>\0',0,0,0,0,0,4008,'B<[B\n3n\\'),('c\\JV踴5T',0,0,0,0,0,4002,'iVLj5{'),('c1EuES',0,0,0,0,0,4001,'ԣ@FGĶM'),('cS7Hd`{',0,0,0,0,0,4005,'iVLj5{'),('c-P\0K e\\xA',0,0,0,0,0,4002,'7!JN07j'),('cFg',0,0,0,0,0,4007,'Z}NM2{:[5'),('dvC%>',1,0,0,0,0,4002,'zvi]FzR!R'),('d#^EӁcK>-',0,0,0,0,0,4003,'҅	F/ҘI'),('d=+(F$\"g',0,0,0,0,0,4006,'35@ARiBI'),('d@!D[,',0,0,0,0,0,4003,'uLlLTp:'),('dNHC/:',0,0,0,0,0,4010,'\"r7NlQE'),('dU2\\I\Z5',0,0,0,0,0,4010,'S<otJ6J:G'),('d\\2TC\0j@j',1,1,1,1,0,4004,'`.G%MM	'),('db`@a>D<sҍ',0,0,0,0,0,4003,'!kHI[,9.'),('d=M&}=R',0,0,0,0,0,4006,'JƼqDJ'),('df._G[\r}u\'',0,0,0,0,0,4006,'\ZlYLUt'),('d&0+IC*Ǚ',0,0,0,0,0,4001,'FzA(F'),('d\n{Hʶ??va',0,0,0,0,0,4003,'2pkFYP1q'),('d0(=K@6',1,0,0,0,0,4001,'$zHi󌶭zv'),('dөVNX?w`',0,0,0,0,0,4005,'OFDfæ3'),('dc*MR>`',0,0,0,0,0,4004,'&C{ 3gz'),('dH=Lsym-',0,0,0,0,0,4006,'/SJ\ZAGI?'),('dΣ\ZM}/',0,0,0,0,0,4005,'H,WFߜw'),('d*hNéj-',0,0,0,0,0,4004,'BG7Fk.#>'),('d@QC=z',0,0,0,0,0,4009,'?O0@U'),('e\0l{D9\\',0,0,0,0,0,4009,'xiT1L3k'),('e,K\0',0,0,0,0,0,4007,',Ki~C'),('e\n<LEǦ<S',4,0,0,0,0,4010,'LLb['),('e#O0!Gԋu',0,0,0,0,0,4001,'eU%N?a6'),('e)T5\r0FmW',0,0,0,0,0,4005,'.WQHEL8͗\\'),('e/IM5F?',0,0,0,0,0,4002,'<ȈRLLǘРA]b'),('e6-F`i\Z\\qF',1,0,1,26,0,4002,'cɡJxJzR'),('e:\nC;%k',0,0,0,0,0,4003,'~8L649'),('e@pEXro]h8',0,0,0,0,0,4009,'2fY#C74~kd'),('eaiNvm~]S',1,0,0,0,0,4001,'}FNՀt>2'),('ebp{KKR!\nqs',0,0,0,0,0,4008,'\\BJO>]b('),('ef3?)I\rEuo',0,0,0,0,0,4002,']\nŜ <F^sa-7&'),('e\0Mډ*[',0,0,0,0,0,4010,'zN73NOꗭ\\?`<'),('eKJ˒d㈜',12,0,0,0,0,4008,'NTA5A'),('e}JhX',0,0,0,0,0,4005,'7i6InYzI{'),('eH	VOUtg(',0,0,0,0,0,4005,'x:x?MG@'),('eNNJw',0,0,0,0,0,4002,'.WQHEL8͗\\'),('eV\"EKy',0,0,0,0,0,4004,'ilh@@\nZ0d'),('eZ\\L\\>?',0,0,0,0,0,4009,'k^B%c,'),('eiAI@!if',1,0,1,1,0,4004,'>C@7\ZƧ]'),('eJKp\r7t',1,0,0,0,0,4001,'v&vI0K媵}'),('fTD[Ḁ ',0,0,0,0,0,4006,'igdD܅'),('f	jINGk',0,0,0,0,0,4003,'^LOq`\"-'),('f\Z\0͒DX%dB',0,0,0,0,0,4003,'\"r7NlQE'),('f3<{LqwX;',0,0,0,0,0,4005,'8-BEVj'),('f4eAn; K\n@OM',0,0,0,0,0,4010,'gݪ&@( ݋QF]'),('f6ȥLDU0=\0',0,0,0,0,0,4006,'*F3MH,'),('fQ~A\\H?$|x\0v',5,0,1,1,0,4004,'S&J@U*	gF'),('f]׍@z:\\',7,0,0,0,0,4008,'P2V2	IsFW'),('faZiO-v',0,0,0,0,0,4003,'df%N*1&1 &'),('flaOMBu()',2,0,0,0,0,4010,'LcNU Y'),('fsIAoS',0,0,0,0,0,4006,'ŅdNYMΗ'),('fCOxؑ',2,0,0,0,0,4010,'>C@7\ZƧ]'),('f\Z\'jL4r;t',0,0,0,0,0,4001,'.WQHEL8͗\\'),('fC\\C>',1,0,0,0,0,4001,'>mAI4%UT'),('f菡FI	Wu',0,0,0,0,0,4002,'_SEаk4H'),('f1bLH\":o{c',0,0,0,0,0,4007,'n;b7Aj%-'),('fM5|X@',0,0,0,0,0,4010,'ɠ/FRI'),('fOH$E',0,0,0,0,0,4007,'^9|.Cbᚏ\0'),('fφBˡkF',2,0,0,0,0,4008,':eNIh'),('fє9L1ҷķ',0,0,0,0,0,4010,'R̳TqjJ\'=R8C'),('g\\Jwϗ&&',1,0,0,0,0,4001,'Bu޺TAC9W'),('g*aLӹգK',0,0,0,0,0,4007,';8Ej@l'),('g5%/HDJK\'',0,0,0,0,0,4007,'PCJ@ټĲ$(d'),('g6`I2cS',0,0,0,0,0,4010,'`0ML^lF~^X'),('g@GOm$+',0,0,0,0,0,4003,'P2V2	IsFW'),('g<\0@HZ ',0,0,0,0,0,4004,';8Ej@l'),('g̅+{BJo-|',0,0,0,0,0,4001,'!dvBhѳ'),('g׹`M2|Gq',0,0,0,0,0,4006,'cɡJxJzR'),('g!E߱k]\n',0,0,0,0,0,4004,'{4>\n\"@x3'),('gDv@7Ŏ',3,0,0,0,0,4008,'#B[GM-A'),('h\0<\"N^tT',0,0,0,0,0,4010,'2I-G=b'),('h3Jg[[m',0,0,0,0,0,4001,'IJC􉉓[-?U'),('h@S6_M2L',0,0,0,0,0,4005,'wC>]J'),('hHDdyJ[fr',2,0,0,0,0,4001,'XaA2јj'),('hMLѨ-V&',2,0,0,0,0,4008,'p/[Jh악=;'),('hqw{3@1nqPl',0,0,0,0,0,4005,'?\Z>FBz\Z'),('h;?yF~z3',0,0,0,0,0,4007,'ԣ@FGĶM'),('h@{B,\r%}',0,0,0,0,0,4006,'5%⪅Cʙj W'),('h롷IV',1,0,0,0,0,4001,'(K\r2\ry?'),('h^RLf6l*',0,0,0,0,0,4007,'g?NvYt'),('h<E%H',0,0,0,0,0,4001,'-ĔJRo'),('hÕ׺O߲Au\'<',2,0,0,0,0,4004,'\"f~2ILg]ko'),('hhszJ-n\ZpL',0,0,0,0,0,4005,'oH2W\r$'),('iX6J+3c0|',0,0,0,0,0,4003,'4Fȝj'),('i9[_DFvڣ',0,0,0,0,0,4006,'7!JN07j'),('i<O Fש9',0,0,0,0,0,4002,'zNNސp@+'),('i_\\eHdr',0,0,0,0,0,4003,'(ݰfCutI.h'),('ieT9FK.',0,0,0,0,0,4002,'S$F\'\n'),('iic窧Cĩ;Cx',0,0,0,0,0,4007,'A[WH_<k)'),('in08O\n_)Wo',0,0,0,0,0,4007,'AŞɻg`'),('iqDVHTçZ',5,0,0,0,0,4010,'qAXQr@t6j'),('isi^OI\r$',0,0,0,0,0,4008,';v%O)\\6w'),('i|/qMQ\0br',2,0,0,0,0,4010,'^9|.Cbᚏ\0'),('i~=dHcMQ',0,0,0,0,0,4010,'\"1BsNFqxnw'),('iu3C\ns\"',0,0,0,0,0,4009,'n@ɟfi`S'),('i,hJws{r',0,0,0,0,0,4009,'`tAeӡAPJ6'),('itO^3.Iz',0,0,0,0,0,4007,'8-BEVj'),('i+gDՅ8|	',0,0,0,0,0,4010,'I.	E<x@'),('i4yH禬y',1,0,0,0,0,4004,'Z.Ck%S'),('ig͕FE}(t',0,0,0,0,0,4004,'}F.2;Qe'),('iAv:R6#',0,0,0,0,0,4002,'E%Imi%'),('iCPCio',0,0,0,0,0,4003,'a.3K{3\"QH'),('ieOsj',0,0,0,0,0,4008,'xwǕC[E3'),('i-GtDZTȕ',0,0,0,0,0,4001,'c4SIj\0]clj3'),('ì(AoS',0,0,0,0,0,4006,',Ki~C'),('j>GhH0S',1,0,0,0,0,4004,'x:x?MG@'),('jBTHC',0,0,0,0,0,4003,'=IGk0'),('jaՙ@P\"C ',0,0,0,0,0,4006,'[Ex_,'),('j4C@?@^Fu',4,0,3,6,0,4004,'c<p|@V?'),('jDNuExh,|0',0,0,0,0,0,4003,'ʬEvL(ʳ۶'),('jK2@@0X',0,0,0,0,0,4006,'yU/Fњ6İ.%/'),('jqÝG܈',0,0,0,0,0,4006,'ԀAE'),('j{5wKAQ8Gj',0,0,0,0,0,4009,'[bZsG9F'),('jxAMIKHĝ',0,0,0,0,0,4005,':1KWu'),('jdAC+C',0,0,0,0,0,4009,'*=KrFv'),('jéۺKC^-I5',0,0,0,0,0,4005,'-1LIwTJg'),('j6BkC',6,0,0,0,0,4008,'eؚLͶh_'),('jC`IٰȓDu',0,0,0,0,0,4002,'57Ox57OKc'),('jBr',1,0,0,0,0,4001,'^SMmIn'),('ki>FŔ\ro؂',0,0,0,0,0,4003,'8Dj@S.س~g'),('kF\"\0dYBV@٠o',1,0,0,0,0,4002,'cs}OtqN'),('k`/@-㓠9',0,0,0,0,0,4009,'!kHI[,9.'),('k`kJ\ng_\\\n',1,0,0,0,0,4001,'$GEOTgB'),('kkqܷK27',0,0,0,0,0,4007,'ۅKlKÎ㫚D'),('k}cnaL4>',0,0,0,0,0,4006,'/ơGe@DZ'),('k熕M{j&',0,0,0,0,0,4002,'-1LIwTJg'),('k\ZC3HߜӺ',0,0,0,0,0,4003,'ԀAE'),('k LUr\"I',2,0,0,0,0,4008,'uLlLTp:'),('kڍCk$]',0,0,0,0,0,4007,'?O0@U'),('kIE={',0,0,0,0,0,4005,'ĝs^Kj0G'),('koIIy\\\"~{',0,0,0,0,0,4005,'!LX.zX'),('kt5N	?\'',3,0,0,0,0,4001,'i\"XrF]|K8c'),('k<<C\n9-',0,0,0,0,0,4007,'>mAI4%UT'),('kP]M̰ %76',3,0,0,0,0,4004,'8Dj@S.س~g'),('kmD솃wv&|',0,0,0,0,0,4002,'Ft4s\'G-'),('k]@q\'?\Zd',2,0,1,1,0,4004,'\\FDF[_'),('lVImEL',0,0,0,0,0,4007,'/yBYw'),('lĜOGU-',0,0,0,0,0,4002,'BEXJ'),('l\')0A}O',0,0,0,0,0,4009,'7IsBC'),('l1C\\KzoOr%',0,0,0,0,0,4001,'OiJrQuDV,'),('l9\0wBK#CŰ',0,0,0,0,0,4008,'Ѫ/CA	qX'),('l_g4H/+`',0,0,0,0,0,4004,'cɡJxJzR'),('ld\n:K#\'',0,0,0,0,0,4006,'`tAeӡAPJ6'),('lw4)Bun2_',0,0,0,0,0,4003,'IfAUZܓ2N'),('l{YEO7YfO',4,0,0,0,0,4008,'<)N}wZ*'),('lGuN#',1,0,0,0,0,4001,'\'E~MoD'),('lGG/CCԾ%eף',1,0,0,0,0,4010,'P_enE1}pf'),('lU\ZGLˤ',1,0,0,0,0,4010,'^LOq`\"-'),('lͪALv׹',8,0,0,0,0,4010,'{ȗpO2`'),('l8\0@мR66\n',1,0,0,0,0,4001,'6tdH1˺'),('l3B[Xl>x',0,0,0,0,0,4001,'r(LG)<y'),('l޵*G5\rwf.',3,0,0,0,0,4008,'rT{=Fxsd'),('lFDBª\r62#',1,0,1,1,0,4004,'M>6y0>'),('lw E4ONG',0,0,0,0,0,4007,'S&J@U*	gF'),('l[dNz\07)u',0,0,0,0,0,4006,'wؘyU6K\'TU5y'),('lIO_fo>A',0,0,0,0,0,4009,'1\\DP'),('l6BΆ1.8d',0,0,0,0,0,4001,'uLlLTp:'),('mEH)h',0,0,0,0,0,4005,'=IGk0'),('m\" LL&(\0m3jt',0,0,0,0,0,4006,'eU%N?a6'),('m1>J|kDZ',0,0,0,0,0,4009,'LcNU Y'),('mNh@Iw;SX',0,0,0,0,0,4003,'[bZsG9F'),('mVEBa',0,0,0,0,0,4002,'\'E~MoD'),('m\\9lBԄZt',0,0,0,0,0,4006,',wh^Ng@GNH'),('mi)E\"^3',0,0,0,0,0,4008,'JƼqDJ'),('mlmH4cN_',3,0,0,0,0,4010,'mA؄y-'),('mu#/{tE暦);i',0,0,0,0,0,4006,'ݳ^Ct4o'),('m~2Jh\r',3,0,0,0,0,4004,'aLV'),('m5OSt',0,0,0,0,0,4006,'W7=O77V)W'),('mǵC>Kyk',0,0,0,0,0,4003,']LjMUK'),('mrA>GEx[o;',1,0,0,0,0,4008,'+׌*KؼǢd;W'),('m\Z{K+8\"',0,0,0,0,0,4010,'OBK82I>~'),('mys6rK.S$\rtw',0,0,0,0,0,4007,'rT{=Fxsd'),('m%JaNS2',0,0,0,0,0,4009,'ŅdNYMΗ'),('mغFPg_\Z}%',0,0,0,0,0,4010,':OF\Z2'),('md\r\rH!r!A',6,0,0,0,0,4008,'V~@|#'),('m\\FlZxr	',0,0,0,0,0,4007,'E1-Nd5I'),('nA1QV',2,0,0,0,0,4008,'䫳OAM6KϽ'),('n5TIRr',0,0,0,0,0,4003,'LLb['),('nF7cD9',0,0,0,0,0,4009,'H>JB!|H'),('n%մ4L9c\ZЛe',0,0,0,0,0,4006,'D37Wn'),('n1UE]~T',0,0,0,0,0,4010,'E9'),('n9m{HL^䱭v',0,0,0,0,0,4006,'rT{=Fxsd'),('n:ҲB{Y=',0,0,0,0,0,4003,'g\'M\'Mʆp#My'),('nW=Eo@6i',0,0,0,0,0,4009,'eU%N?a6'),('nh)Cyx',0,0,0,0,0,4008,'V&*ߔc@j,\r,'),('nw.M\'@\\TH',1,0,0,0,0,4010,'x:x?MG@'),('n~>IH)R=f',0,0,0,0,0,4002,'Z.Ck%S'),('nNkncCY',0,0,0,0,0,4007,'8Dj@S.س~g'),('nJ]KS(͚',1,0,0,0,0,4001,'X\nmF Xk1('),('nL<\0^A+wK',0,0,0,0,0,4003,'ԣ@FGĶM'),('n Kʡ	_6\"',0,0,0,0,0,4005,'dX>M Mb'),('nCl<:n',7,0,0,0,0,4004,'u5BG3,'),('n<\rCVWD',0,0,0,0,0,4007,'䫳OAM6KϽ'),('omgߙAQ6O\\',2,0,1,1,0,4004,'CAHVNn'),('ohOr]|u@',0,0,0,0,0,4005,'Q$*\'#LۉM6sA'),('oE{aķ',6,0,0,0,0,4008,'c5J\\('),('omAFm=',0,0,0,0,0,4003,'ρjhD};i]'),('o(dDZAc9\r',0,0,0,0,0,4006,'OO'),('o30\ZJ\\ΟYޖ',0,0,0,0,0,4005,'J	D$X'),('o6o*\rkGK^M',2,0,0,0,1,4008,'d\nTFf k<'),('o7bs@$Dྻ|5',0,0,0,0,0,4003,'u5BG3,'),('oJ.sfC4.(',0,0,0,0,0,4003,'ژBMp]8'),('oJO.f@c',0,0,0,0,0,4005,'Y0Z@d\0)/]L'),('oO`C\0٫',0,0,0,0,0,4007,'F	;=GH{3'),('o`d\nE6}',0,0,0,0,0,4001,'_SEаk4H'),('oa\'(\Z@?\nl',1,0,0,0,0,4001,'9)NƅD[Қ'),('oePEa>-s',0,0,0,0,0,4007,'kS^PFO\nj'),('oz`H7H2',0,0,0,0,0,4002,'7GOqV'),('o3MbRYy',0,0,0,0,0,4002,' WۧJӝ)'),('og9A\\U',3,0,1,1,0,4004,'Y>KJIz'),('oA\'|I{Ggu_',1,0,0,0,0,4001,'}W-Bհ:MyP5'),('o˧J%z\rB',0,0,0,0,0,4009,'X8Aj%1'),('ow`BI&g4}k',0,0,0,0,0,4005,'0ʲHִrz>'),('o=K\n65',0,0,0,0,0,4005,'eؚLͶh_'),('o.t.+B+8V',0,0,0,0,0,4010,'c4SIj\0]clj3'),('oற-Amdh/6%',0,0,0,0,0,4005,'l\ZEk%-|a'),('oQnA\n\nc',1,0,0,0,0,4008,'t\0F\ZQN?'),('oAdWIV2s',0,0,0,0,0,4003,'[	KJH'),('o{?C䌄}3',0,0,0,0,0,4009,'i\"XrF]|K8c'),('p\ZGrIҰ\";',0,0,0,0,0,4005,'QRJ ^G'),('p!V~A4Y\'+X',0,0,0,0,0,4009,'CAHVNn'),('p)ƾBFXs',0,0,0,0,0,4002,'rgeFn'),('p*YbCΆ/i',0,0,0,0,0,4006,'h\'\\\"BǥoŨ-S'),('p:&=MܠֱC',0,0,0,0,0,4006,';K@$ 6='),('p>oXL*πvIE',5,0,0,0,0,4008,'u5BG3,'),('pAMD:BO',0,0,0,0,0,4009,'>$(-OS&c	'),('pECK=Y̏q',0,0,0,0,0,4008,'nNK%F&Io'),('pHCtwBݣ?F',0,0,0,0,0,4008,'H,WFߜw'),('po4Ndjox[',1,0,0,0,0,4002,'iqDBIb탥'),('pTA0xg',0,0,0,0,0,4009,'R̳TqjJ\'=R8C'),('p8@߳MkZ',2,0,0,0,0,4010,'J	D$X'),('pp^BY%8x\ne',0,0,0,0,0,4006,'.$EHi!6\"'),('p@!J%\nB$',4,0,0,0,0,4010,'&1O~2b6\Z_'),('pNLXX}',0,0,0,0,0,4005,'p<XF\n3'),('pwPB]Lw',2,0,0,0,0,4010,'Y>KJIz'),('po1M^tB4',0,0,0,0,0,4004,'=IGk0'),('p]#QGtn',0,0,0,0,0,4003,'lUH蝉'),('p-\\=oFzekV',0,0,0,0,0,4005,'X&L.ߪu{'),('pk\rFUS/i',1,0,1,6,0,4001,'^LOq`\"-'),('pěIU',2,0,0,0,0,4008,'$K۲'),('pB+oDU',0,0,0,0,0,4004,'nǰF\\K`'),('p-ՅGV,',2,0,0,0,0,4010,'cs}OtqN'),('pJGo?:<{',0,0,0,0,0,4006,'S<otJ6J:G'),('pSTIjK\\8',0,0,0,0,0,4006,'\'pOSLMN'),('qČiMnQVZ:',0,0,0,0,0,4008,'h\'\\\"BǥoŨ-S'),('qOF\Z|^Ww',0,0,0,0,0,4003,'7GOqV'),('q4IoO;#MP|',0,0,0,0,0,4007,'M>6y0>'),('q>axMim#H>',0,0,0,0,0,4006,'Hd+HH)`'),('qXՌaOk]I)',0,0,0,0,0,4010,'I5Bk]'),('qfщGTfvN',0,0,0,0,0,4003,'-1LIwTJg'),('q{l%8B͵G',0,0,0,0,0,4008,'Ft4s\'G-'),('qn\"mGҪb+',0,0,0,0,0,4003,'i9jEVi'),('q|K@uYZX',0,0,0,0,0,4001,'\\FDF[_'),('qqc\rAk>E|\"',0,0,0,0,0,4005,'0VGGA^\\V'),('q3,m@C*c\n!.',0,0,0,0,0,4003,'kS^PFO\nj'),('qvAƈ*1D\n',0,0,0,0,0,4007,'[	KJH'),('q}Oȵ}#',0,0,0,0,0,4006,'L)O	A\\x$!\''),('qÅwO\\>-',0,0,0,0,0,4004,'@؂rIۅ\Z_o'),('qh\'FM\\\0',1,0,0,0,0,4001,'NPC@OXS'),('r6LLaC',0,0,0,0,0,4009,'3LO3m'),('r@dq',0,0,0,0,0,4004,'d8yJaSu'),('r%MEQ(',1,0,0,0,0,4008,'MMW`'),('rd\"pND',0,0,0,0,0,4007,')-ýBP\\C\"'),('r03QDٔz`sLh<',0,0,0,0,0,4002,'>Fi^'),('r$uNOoP*L',0,0,0,0,0,4001,'aqhV<F\'4Uw+'),('rDn\";zru3',0,0,0,0,0,4005,'R>NA#I}'),('rLG%>|',1,0,0,0,0,4006,'9)NƅD[Қ'),('r=\Z@|u<',4,0,0,0,0,4004,'E%Imi%'),('rvEJ.P#z',0,0,0,0,0,4002,'QjG<_yV'),('r1SKX2ba',1,0,0,0,0,4008,'Ղ5A߭DU<'),('r;!qKD\n4\\',1,0,0,0,0,4001,'@؂rIۅ\Z_o'),('r\\M#gžg',0,0,0,0,0,4009,'akKAJs~	'),('rl&RKyٲx',0,0,0,0,0,4009,'rEљ\rƛs'),('s	<G&E',1,0,0,0,0,4001,'9䤨v@x+\"'),('sʗƯK֚mp',0,0,0,0,0,4010,'0VGGA^\\V'),('s1G_',0,0,0,0,0,4002,'=ƕLr'),('s@볩ITӆT',0,0,0,0,0,4009,'KiGaQ#\0&'),('sI	EMSES}j:',0,0,0,0,0,4003,'>mAI4%UT'),('sQB:k]V',0,0,0,0,0,4008,'=oBR\0'),('sS4\nNmaٽ',2,0,0,0,0,4006,'OMjP\'0'),('shG$HcoT',0,0,0,0,0,4008,'04J{'),('sKOО.',0,0,0,0,0,4006,'H>JB!|H'),('sL	',0,0,0,0,0,4004,'̺I6aU'),('s)9G|	/',1,0,0,0,0,4001,'/SJ\ZAGI?'),('s$QA8M0*',0,0,0,0,0,4007,'rZIOL'),('s?;>NRZpnh',1,0,1,1,0,4004,'%/<HZB3.'),('s˱yͬKǡr#b1S',0,0,0,0,0,4006,'zfΰH`_'),('sԄ\ZDf+*P',1,0,0,0,0,4004,',egf~A*?5e'),('s\0xoEx(Ə\'',0,0,0,0,0,4003,'(hOu?؅@Ӽ'),('s䓒*K+Ct',0,0,0,0,0,4007,'DiQyMe\"2'),('s2k[GzE7в',0,0,0,0,0,4005,'~puCJpx'),('s\"vI&\":',0,0,0,0,0,4003,'\0Y$Kޙo#Ǖ'),('tZ0<KKT)',4,0,0,0,0,4008,'ρjhD};i]'),('tbJjM)4',0,0,0,0,0,4010,'tk?BI+[a'),('tgߞ7A68:ռ',1,0,0,0,0,4006,'&C{ 3gz'),('tmMWCTQEV',5,0,0,0,0,4008,'a.3K{3\"QH'),('twLCf$9g',0,0,0,0,0,4005,'c4SIj\0]clj3'),('tXVLHmV',1,0,0,0,0,4001,'E1-Nd5I'),('tl5NZ\r',1,0,0,0,0,4002,'P\"KbJ~'),('t\n6AԪ;hT]',0,0,0,0,0,4001,'\" RLilIgS'),('t@&N?L=0=',5,0,0,0,0,4008,';WezALЊ'),('t-G+_',0,0,0,0,0,4006,'V~@|#'),('t8Gv؄',0,0,0,0,0,4005,'Е,O{ՙ,\0'),('tϷsI',0,0,0,0,0,4009,'-ĔJRo'),('t7B-ߋTc',2,0,0,0,0,4010,'4$iK4Xa(U*'),('tsLOڪv',3,0,0,0,0,4008,'Gu.߶sh	%'),('tA4}/',0,0,0,0,0,4004,'`0ML^lF~^X'),('t*w|@ X',0,0,0,0,0,4007,'uJ%TO_sT'),('uBR',0,0,0,0,0,4002,'TK0M4\Z '),('u#pFD *k',0,0,0,0,0,4001,'ZC1kY'),('u(DKcUq;#',0,0,0,0,0,4002,'҅	F/ҘI'),('uDNbI,',0,0,0,0,0,4006,'Q$*\'#LۉM6sA'),('uJ\'@=Y8',0,0,0,0,0,4009,'cYSLL	['),('u|9nM\'mtRfE',0,0,0,0,0,4008,'<ȈRLLǘРA]b'),('u,GeE-P',0,0,0,0,0,4010,';ݍEIo'),('uMNG8\"rf',0,0,0,0,0,4010,'Ѫ/CA	qX'),('uIKۃ~/',0,0,0,0,0,4009,',wh^Ng@GNH'),('u$aJڨF\r1',0,0,0,0,0,4003,'yU/Fњ6İ.%/'),('ubCas\rk',0,0,0,0,0,4003,'CHۢ|W	'),('u둌Ezg=.',0,0,0,0,0,4008,'>mAI4%UT'),('u3(/K-91',1,0,0,0,0,4001,'MMW`'),('uIXLFi&(m/',1,0,0,0,0,4001,'7GOqV'),('uLK',0,0,0,0,0,4001,'(0[B.\Z'),('u9PMyl_͝',1,0,0,0,0,4010,';$^Mp<'),('v\0q6G*YM',0,0,0,0,0,4002,'3Ϊ}A0Ŵ'),('v	BfQBA(<',0,0,0,0,0,4003,'JƼqDJ'),('v%Ij@hEM',0,0,0,0,0,4004,'rgeFn'),('v<;Gb[\Z',2,0,0,0,0,4004,'S$F\'\n'),('vX>I7Oa',0,0,0,0,0,4009,'mۺKn'),('vaMJlpU',0,0,0,0,0,4006,'k^B%c,'),('vk+N0',0,0,0,0,0,4008,'FhDg\0/['),('vtJ8J	qt',0,0,0,0,0,4009,'^D̦s'),('v1G?	ĥ',0,0,0,0,0,4007,']\nŜ <F^sa-7&'),('v>?fB>p\rj_p',0,0,0,0,0,4001,'`iwCX<bhj'),('veKKkgz',0,0,0,0,0,4009,'=;A沕'),('v3\'pAʅJ',0,0,0,0,0,4005,'7IsBC'),('v;KDy~-',0,0,0,0,0,4003,' !{Dvo'),('vANi؎\"',0,0,0,0,0,4007,'dK13Gq'),('vɛA@!Ԕx',0,0,0,0,0,4005,'pcM8)pB'),('vܽr\nAsb',0,0,0,0,0,4005,'HbHb'),('vJO?L',3,0,0,0,0,4008,'[Ex_,'),('v`Dnfn',0,0,0,0,0,4009,'\'\nGKDL0m'),('v?yI&f\0y',0,0,0,0,0,4008,'OO'),('w\0jCel\'T',0,0,0,0,0,4005,'0V&F}13M'),('w]ۇN\r`$(',0,0,0,0,0,4010,'JƼqDJ'),('w$ʚfO2o(@{',0,0,0,0,0,4008,'聾I'),('w9K~HdR\"',4,0,0,0,0,4008,'\\@)%%MIk'),('w<KЬZPD)',1,0,0,0,0,4010,'INهt'),('wK$\'N-9p',2,0,0,0,0,4008,'S<otJ6J:G'),('wXFH(ˆ',0,0,0,0,0,4003,'0\0L$#*g'),('wpMaJB \n',0,0,0,0,0,4006,'~8L649'),('wq;GO',0,0,0,0,0,4010,'4ALf.j($I'),('wu+]MI`',0,0,0,0,0,4006,'I!,Ol{'),('ws9O̐=w`j5E*',0,0,0,0,0,4010,'9qA0,'),('wX*	LT*',0,0,0,0,0,4003,'9NOeɑ6^'),('w{(M1{P\'',2,0,0,0,0,4008,'ڔM-3֗'),('wت8\\ECEkգ',1,0,0,0,0,4002,'`}AxLM+.'),('w5Jz]c',0,0,0,0,0,4003,'TK0M4\Z '),('w{gvHh~q',0,0,0,0,0,4005,'ڔM-3֗'),('x#\\6@FG&',0,0,0,0,0,4005,'Z}NM2{:[5'),('x,?FMb̤n*e',0,0,0,0,0,4004,'\\BJO>]b('),('x:Bȩ',1,0,0,0,0,4010,'X8Aj%1'),('xD܇ECs\ZT@',1,0,0,0,0,4010,'d\nTFf k<'),('xJ\\M',1,0,0,0,0,4002,'AG\'F;'),('xNLjzOdD9',0,0,0,0,0,4002,'J(y('),('xN$A\\sډ',2,0,0,0,0,4007,'j)CFtC\''),('xcd#O?^Imp',0,0,0,0,0,4009,'=ʊHDU zFEv'),('xj֎3DH_-(',0,0,0,0,0,4006,'a.3K{3\"QH'),('xp4@oFbs,',0,0,0,0,0,4005,'\'E~MoD'),('xs=	A\"vc+j',0,0,0,0,0,4003,'FG^~JT'),('xz,ˆ}@Va',0,0,0,0,0,4007,'KiGaQ#\0&'),('xBB諝No',1,0,0,0,0,4002,'HaJN^9C@\r'),('x6L˪5^',0,0,0,0,0,4005,'|L\"Bj'),('x\0D3{&x',0,0,0,0,0,4004,'KKյd^'),('xKl/Jɫy',18,0,0,0,0,4008,'ޗN:Hx}'),('xgSB3;5k',0,0,0,0,0,4009,'HaJN^9C@\r'),('xE2-U9',1,0,0,0,0,4001,'T%߉@לM<'),('x|CQZ0,3',0,0,0,0,0,4010,'8ÐȖJv'),('x+`JJ`U',0,0,0,0,0,4007,'>$(-OS&c	'),('xM&\n/Eߠ',0,0,0,0,0,4004,'[28}Lُ('),('y\nfdDnz]',0,0,0,0,0,4006,'(ݰfCutI.h'),('y X7}O$q_',0,0,0,0,0,4009,'|L\"Bj'),('y\"4G2',0,0,0,0,0,4010,'\'!@D+ѽh'),('y4NlK>t7.',0,0,0,0,0,4004,'zN73NOꗭ\\?`<'),('y>&!Na,!Q$-',0,0,0,0,0,4003,'R̳TqjJ\'=R8C'),('y@HҠ}yPm',0,0,0,0,0,4009,'d\nTFf k<'),('y@K**\r$',0,0,0,0,0,4008,'ڊ5Kʴ{\Z\":'),('yGr@߫h.!gY',0,0,0,0,0,4006,'eؚLͶh_'),('yWL8@.Hq',1,0,0,0,0,4001,'l-rI0-'),('y_w M qҹA',0,0,0,0,0,4006,'0T]EgE'),('yhSJ@:F',0,0,0,0,0,4006,'s6\'$L_It֛'),('ykRWD9[d!\n',0,0,0,0,0,4002,'mۺKn'),('yAC.e#W|',0,0,0,0,0,4001,'p/[Jh악=;'),('yƻ\nHsgzG',0,0,0,0,0,4007,'CKf.C'),('yMp#I1֦',4,0,0,0,0,4010,'c5J\\('),('y~1OÉ }#Uh',0,0,0,0,0,4007,'+׌*KؼǢd;W'),('y$bK}4QV̇',0,0,0,0,0,4006,'&1O~2b6\Z_'),('zضwNQ>]',0,0,0,0,0,4009,'uLlLTp:'),('z*)DKVR',0,0,0,0,0,4004,'4pL>@F=\r/S'),('z@}9AN3yF',0,0,0,0,0,4002,';v%O)\\6w'),('zlнAXpJ',0,0,0,0,0,4007,'<ŵIz!'),('zt\ZL\\(Źօ',0,0,0,0,0,4009,']D\Zz¸'),('z֦^KZϑi',0,0,0,0,0,4003,'L)O	A\\x$!\''),('z&An\Z',0,0,0,0,0,4003,'wN5f'),('z@SD7v\"SO',1,0,0,0,0,4001,'P2V2	IsFW'),('z/MЖ6\"<m',8,1,0,0,1,4010,'`;LKԭR)N'),('z:?F!CDh',0,0,0,0,0,4001,'h\'\\\"BǥoŨ-S'),('zW.OL\'<',0,0,0,0,0,4003,'0IW/B._՝'),('zfH]N#\r',1,0,0,0,0,4001,'Cʍo'),('zz@cc\"w',0,0,0,0,0,4006,'YNZz'),('zˈC߇\ncM',0,0,0,0,0,4002,'M>6y0>'),('{\nH*8|',0,0,0,0,0,4003,'.$EHi!6\"'),('{\rZHH~',0,0,0,0,0,4006,'0IW/B._՝'),('{<ZKS,&x',0,0,0,0,0,4007,'L)O	A\\x$!\''),('{0R~L)',0,0,0,0,0,4007,'D$PiϙL'),('{7Dp] `	',0,0,0,0,0,4003,'}W-Bհ:MyP5'),('{>g3I!ꋂ\n',0,0,0,0,0,4004,'Hd+HH)`'),('{WʿE~Lk-H',0,0,0,0,0,4002,'AOI2G'),('{Y DbM|4|',0,0,0,0,0,4010,'P2V2	IsFW'),('{nR\ZGjbr',1,0,0,0,0,4008,'D6PNS)9'),('{WEӱ? -=1b',0,0,0,0,0,4010,'E%Imi%'),('{XLQ,ǥ:',0,0,0,0,0,4006,'QRJ ^G'),('{ѲLȽ83:',2,0,0,0,0,4008,'@؂rIۅ\Z_o'),('{l;G=}d',1,0,0,0,0,4001,'\n~IiO|O'),('{ktGupsKW',0,0,0,0,0,4001,'LcNU Y'),('{GNE',4,0,0,0,0,4008,'R̳TqjJ\'=R8C'),('{8PKǪb/P/',0,0,0,0,0,4005,'LcNU Y'),('{\nNI',0,0,0,0,0,4010,'35@ARiBI'),('{\nDڐh/',0,0,0,0,0,4004,'+M&bbOiIa'),('{)(:,Ok؊',0,0,0,0,0,4009,'ɠ/FRI'),('{Yx\nOz+sOe',1,0,1,1,0,4004,'akKAJs~	'),('|{FGtO',3,0,0,0,0,4010,'CHۢ|W	'),('|)KGk\n(',1,0,0,0,0,4001,'BG7Fk.#>'),('|-yC)4\n',0,0,0,0,0,4006,'9䤨v@x+\"'),('|.Y\ZOo-?c',0,0,0,0,0,4009,'#B[GM-A'),('|7sB֛Fpp',0,0,0,0,0,4005,'AG\'F;'),('|:D?Qzo',0,0,0,0,0,4005,'xwǕC[E3'),('|H%aEU',0,0,0,0,0,4002,'igdD܅'),('|_nB]F܊i)E',0,0,0,0,0,4004,'ԀAE'),('|`.*K=F#',0,0,0,0,0,4007,'HbHb'),('|CՈkzej',0,0,0,0,0,4002,'[	KJH'),('|KNFp@m',0,0,0,0,0,4001,'կBA5:\0'),('|ɞupFwza',0,0,0,0,0,4003,'5P\"@#E,w'),('|-3CR\\Nf:',0,0,0,0,0,4009,'f2ZC;?'),('|yrL&YR`B',2,0,0,0,0,4004,'n@ɟfi`S'),('|=yK-B{bnWy.',1,0,0,0,0,4008,'57Ox57OKc'),('|ٿL.Osn',0,0,0,0,0,4007,'聾I'),('|l9WD+]S',0,0,0,0,0,4008,'YvVK7'),('|}A[[8[',0,0,0,0,0,4010,'PCJ@ټĲ$(d'),('|jO0&',0,0,0,0,0,4006,'!dvBhѳ'),('|GMT',0,0,0,0,0,4003,'\\hXJv78~'),('|Ġ-HacF',2,0,0,0,2,4008,'.$EHi!6\"'),('|As+FՍ׮G\0c',1,0,0,0,0,4010,',wh^Ng@GNH'),('}oE%Flv:',0,0,0,0,0,4007,'|L\"Bj'),('}^9E˳	7',0,0,0,0,0,4003,'$GEOTgB'),('}!	J$N+',0,0,0,0,0,4004,'`;LKԭR)N'),('}\'Z<Lͼ&A\"',0,0,0,0,0,4009,'x:x?MG@'),('}2\'M߳.7',0,0,0,0,0,4009,'0T]EgE'),('}8N혔7@i1',0,0,0,0,0,4003,'7i6InYzI{'),('}JC@N*逨SI',0,0,0,0,0,4003,'B``Ko\''),('}OP4z@-;',0,0,0,0,0,4002,'7i6InYzI{'),('}PO29^',0,0,0,0,0,4010,'	](cD(Q)F-r-'),('}ܬCX',0,0,0,0,0,4005,'.G֪H(a'),('}dME9<)3H',0,0,0,0,0,4007,'K7yI<'),('}0eK)oFl',0,0,0,0,0,4008,'<ŵIz!'),('}ɇOw ³',0,0,0,0,0,4005,'CHۢ|W	'),('}\n\ZF;P80',0,0,0,0,0,4003,'}FNՀt>2'),('}@L̹',0,0,0,0,0,4006,'Gu.߶sh	%'),('~FqFGݥT',0,0,0,0,0,4008,'֨@dVP$'),('~KbkHP',0,0,0,0,0,4009,'p/[Jh악=;'),('~\Z)AH4q[6',1,0,0,0,0,4006,'\0Y$Kޙo#Ǖ'),('~N[E6C<',0,0,0,0,0,4007,'(C	U}'),('~-aO\0',1,0,0,0,0,4002,'ڊ5Kʴ{\Z\":'),('~;MMoԂNSJ',1,0,0,0,0,4004,'.ŷёBph_I'),('~iE@!',0,0,0,0,0,4010,'ژBMp]8'),('~i4LpFHw3',0,0,0,0,0,4009,'mA؄y-'),('~ucG㘟S\Z ',0,0,0,0,0,4005,'kS^PFO\nj'),('~wdlL?8W>/',1,0,0,0,0,4002,'IqCA({'),('~$BrĬ',0,0,0,0,0,4005,'Z.Ck%S'),('~HO3',1,0,0,0,0,4004,'ژBMp]8'),('~}HdU/',0,0,0,0,0,4002,'\\&G&4N'),('~\ZKZ$S',0,0,0,0,0,4002,'%mGȧkQd@'),('~++J&(%f',0,0,0,0,0,4010,'Oā,/'),('~DI>V5Ay',0,0,0,0,0,4004,'mۺKn'),('~ǖKDD',0,0,0,0,0,4005,'GTBy*'),('~ Fc|T*',0,0,0,0,0,4009,'}FNՀt>2'),('~_53AG',0,0,0,0,0,4003,'!IrІ&'),('IHA搞`%',0,0,0,0,0,4009,'wO1'),('I\"kB0',0,0,0,0,0,4005,'@~A@ǅRK'),('.F(D&F',0,0,0,0,0,4002,'\0Y$Kޙo#Ǖ'),('U|1JJ-M',2,0,0,0,0,4004,'ݳ^Ct4o'),('kOSYA ',0,0,0,0,0,4003,'<)N}wZ*'),('HuIv',0,0,0,0,0,4008,'؋&qF\r-kt'),('#FF;',1,0,0,0,0,4002,'KF|b'),('poC46',1,0,0,0,0,4010,'$BC-ίza'),('D4)I#+R7#)',0,0,0,0,0,4010,'uLlLTp:'),('<nw Jix',3,0,0,0,0,4004,'c4SIj\0]clj3'),('uR\ZMSD)K',0,0,0,0,0,4007,'S<otJ6J:G'),('㮝 O%C#F',0,0,0,0,0,4005,'5P\"@#E,w'),('Bz!A=4%1',0,0,0,0,0,4006,'ߨ7mG-cu\r'),('q1@7<kL',1,0,0,0,0,4001,'J	D$X'),(';(]Mv\ZW',0,0,0,0,0,4009,'t\0F\ZQN?'),('\\S*G#*wj',0,0,0,0,0,4007,'3LO3m'),('\n@JrB̚]#ʬ',0,0,0,0,0,4005,'\ZlYLUt'),(':,K̞Zd',0,0,0,0,0,4005,'g\'M\'Mʆp#My'),('\ZkjJҾ?~h',0,0,0,0,0,4003,'ilh@@\nZ0d'),('F猸ݎ#\\	',0,0,0,0,0,4006,'@w!E\''),('\\ANb)u',0,0,0,0,0,4009,'I.	E<x@'),('#$Bʽ֬',0,0,0,0,0,4007,',egf~A*?5e'),('$(>%@@@\Z',1,0,0,0,0,4001,'6	{JLvw'),('1εGGgC',1,0,0,0,0,4002,'#amH+o!'),('2gKBa',1,0,1,1,0,4004,'G~QK0r%:@'),('9EG\0CK',0,0,0,0,0,4005,'I!,Ol{'),('I\Z_M{jU>',0,0,0,0,0,4002,'(K\r2\ry?'),('U\nAy\Z_W',0,0,0,0,0,4003,'A[WH_<k)'),('U?\n|DgOH',5,0,0,0,0,4010,'(ݰfCutI.h'),(']tAHߌb',0,0,0,0,0,4002,'&1O~2b6\Z_'),('k\'Nz\nNL^t',0,0,0,0,0,4001,'rT{=Fxsd'),('xIW?`Ҏ<',0,0,0,0,0,4005,'%/<HZB3.'),('2Dr۹>ǟ',0,0,0,0,0,4002,'ԣ@FGĶM'),('SFLw',1,0,0,0,0,4010,'(C	U}'),('Fq!ZF',1,0,0,0,0,4002,'g\'M\'Mʆp#My'),('=ӋDϹL',2,0,0,0,0,4010,' 	nJC\'K!'),('\r>CZm+:sr',1,0,0,0,0,4002,'KKյd^'),('7CUu2',0,0,0,0,0,4004,'dK13Gq'),('}lBݴ8',0,0,0,0,0,4005,'#怴4LG{O'),('4\Z/9Eŭ1l',0,0,0,0,0,4006,'zN73NOꗭ\\?`<'),('Ӈ\rH꤅Ś!e',1,0,0,0,0,4001,'$Hɺ\06'),('`F*0\r9',0,0,0,0,0,4002,'$Hɺ\06'),('0# B`Sؙ\nx',0,0,0,0,0,4010,'z93rGG1WUHS'),('\'!FC-/',0,0,0,0,0,4005,'YfE3p'),('4ճ,I}qՁ',0,0,0,0,0,4004,'8ÐȖJv'),('5IɟIӭIYLqO',0,0,0,0,0,4010,'AŞɻg`'),('<yN**}',1,0,0,0,0,4001,'[bZsG9F'),('KFBLꇇ[',0,0,0,0,0,4002,'-KC\\%'),('boGFF)',5,0,2,2,0,4004,'2pkFYP1q'),('h8D\0$Y:',0,0,0,0,0,4003,'igdD܅'),('q_MO^WB',0,0,0,0,0,4009,'4H?Nv-6M='),('r`En_r>',0,0,0,0,0,4008,'[	KJH'),('|%G/+E',0,0,0,0,0,4005,'NPC@OXS'),('AUL\'w@',0,0,0,0,0,4002,'akKAJs~	'),('HO08~Sh',0,0,0,0,0,4007,'ޗN:Hx}'),('9OW1=i',11,0,0,0,0,4010,'ZF%bN5'),('[I0TS}	SiK',0,0,0,0,0,4003,'ow\nn\r@hz.'),('歙BhVm_',0,0,0,0,0,4010,'ԣ@FGĶM'),('LN#0u',0,0,0,0,0,4005,'W53Ju'),('l+NF:nLo',0,0,0,0,0,4007,'؋&qF\r-kt'),('#=JC',0,0,0,0,0,4005,'JƼqDJ'),('JH\\^',0,0,0,0,0,4001,'-1LIwTJg'),('DpEB֮O',1,0,0,0,0,4001,'mA؄y-'),('HwI',0,0,0,0,0,4010,'E>Ŗ'),(' DoA۝\\O)Z',0,0,0,0,0,4009,'\rYRNUk2Z'),('LVN=',0,0,0,0,0,4002,'gݪ&@( ݋QF]'),('Pd\nK}?',0,0,0,0,0,4004,'p<XF\n3'),('VÏBí',0,0,0,0,0,4007,'\\/rNO+x7b'),('k3bOs[@8',0,0,0,0,0,4007,'LCKHUBR'),('}\rOkgmwh',1,0,0,0,0,4001,'04J{'),('0KgEр{r',2,0,0,0,0,4007,'mKD\"%:`'),('wNz\06g',1,1,1,8,0,4002,'e*MR8%'),(':91O_u',0,0,0,0,0,4001,'݃\0CIgH'),('o;F|W$@!',0,0,0,0,0,4010,'\ZlYLUt'),('^AZDC',0,0,0,0,0,4004,'(C	U}'),('bMBȒa`',0,0,0,0,0,4007,'`0ML^lF~^X'),('ԨNJ\Z U,',0,0,0,0,0,4007,'lUH蝉'),('ŋ>HJ/*j',0,0,0,0,0,4003,'^SMmIn'),('ݕ3E]mo',0,0,0,0,0,4009,'2I-G=b'),('z)\0LGzd\'+<',1,0,0,0,0,4001,'xI@im?'),('=M*3\r-',0,0,0,0,0,4007,'CHۢ|W	'),('F=5M/jqo',0,0,0,0,0,4008,'wN5f'),('EaM^p0I',0,0,0,0,0,4010,'!dvBhѳ'),('\'$HHc',0,0,0,0,0,4010,'c<p|@V?'),('.IzLsű,Ί',0,0,0,0,0,4003,'E>Ŗ'),('2WAQ@KZM',0,0,0,0,0,4009,'!IrІ&'),('Nf3O@8UVܥָ',1,0,0,0,0,4006,'x:x?MG@'),('R[l\nEٖG!',1,0,0,0,1,4008,'>Fi^'),('bGcDaʿ',0,0,0,0,0,4001,'R-UrB(F/>'),('eGO\08vX',0,0,0,0,0,4003,'ty:O9]zeb'),('fQvEКn&',0,0,0,0,0,4004,'=ʊHDU zFEv'),('iGɨL8',1,0,0,0,0,4002,'b\"&N8ք'),('q1Pp2E9W3z',0,0,0,0,0,4006,'dX>M Mb'),('\'I¬02',0,0,0,0,0,4005,'1K:j@['),('YN]5',0,0,0,0,0,4005,'䫳OAM6KϽ'),('&DIO[',0,0,0,0,0,4009,'&C{ 3gz'),('R8G]{}S@L',1,0,0,0,0,4002,'g?NvYt'),('@k{*HB',0,0,0,0,0,4002,'D$PiϙL'),('7hFI',9,0,0,0,0,4008,'vqAN*~Z'),('H:j~',0,0,0,0,0,4009,'݃KG?'),('8I:4T`m',0,0,0,0,0,4007,'$Z\rp@7ȼ'),('Є}yL2_YZ',0,0,0,0,0,4005,'FG^~JT'),('&ArِA',1,0,0,0,0,4010,'Y0Z@d\0)/]L'),(';EI/vX',1,0,0,0,0,4001,'H4!Fp5Q'),('ߎEEŔ?Pz',0,0,0,0,0,4003,'FhDg\0/['),(' I&@	}c',0,0,0,0,0,4007,'OiJrQuDV,'),('*N0m&',0,0,0,0,0,4006,'MMW`'),('u;GIM',0,0,0,0,0,4004,'<ȈRLLǘРA]b'),('à\nt@x?',2,0,1,1,0,4004,'*=KrFv'),('t@7I_lp,',0,0,0,0,0,4009,'%7S@FJ7$'),('\'(CJ5:je',0,0,0,0,0,4010,'B<[B\n3n\\'),('(fsJ}IrPs',0,0,0,0,0,4008,'!dvBhѳ'),('<ǫiNę%_',0,0,0,0,0,4005,'*=KrFv'),('=ńcJMo',0,0,0,0,0,4006,'cs}OtqN'),('>atBa\0=',0,0,0,0,0,4005,'M>6y0>'),('eF8Kw',0,0,0,0,0,4004,'57Ox57OKc'),('i]Oyd\nm',0,0,0,0,0,4003,'1\\\n1FӳG\"M\0'),('v}]DP~)',1,0,0,0,0,4001,'j)CFtC\''),('xaEÈ}Z\\Qk',0,0,0,0,0,4001,'KKHwݡk'),('@J0K2#s̖',0,0,0,0,0,4007,'R-UrB(F/>'),('(2>+GkXfm',2,0,2,2,0,4004,'Gu.߶sh	%'),(';Tz@XV_n',0,0,0,0,0,4009,'}F.2;Qe'),('=@Aiez~S-',1,0,0,0,0,4010,'+M&bbOiIa'),('+zB}{',0,0,0,0,0,4007,' ÔMNU='),('	Hai',3,0,0,0,0,4008,'AG\'F;'),('jFTi6',0,0,0,0,0,4010,'I!,Ol{'),('y\'GJ^ink[',0,0,0,0,0,4006,'Y0Z@d\0)/]L'),('ՒH9~̳jM',0,0,0,0,0,4007,'[,eNFGl'),('4uAN#f',0,0,0,0,0,4002,']LjMUK'),('~{BòO\0{',1,0,0,0,0,4002,'WiL<Lpގ'),('*@_As6E',1,0,0,0,0,4003,'BEXJ'),('3E}\Zn٣',0,0,0,0,0,4004,'\"r7NlQE'),('%O-nDN',0,0,0,0,0,4010,'[\"0D|е'),('4\nJL*k;',0,0,0,0,0,4005,'/YG欬g\0,'),('5t>B\0&	',0,0,0,0,0,4005,'&DC\Z+'),('M|K5a',0,0,0,0,0,4003,'?BVOU'),('ZH	@,',0,0,0,0,0,4002,'G֜I&\'T'),('eauyHɒk1y',0,0,0,0,0,4004,'uJ%TO_sT'),('mgMVV3WD',0,0,0,0,0,4003,' N	8Ӵe'),('~>RBqwxp',0,0,0,0,0,4005,'(hOu?؅@Ӽ'),('\0EhILR',0,0,0,0,0,4007,'INهt'),('9eMVo\0#',0,0,0,0,0,4010,'dK13Gq'),(')HQRU',0,0,0,0,0,4010,'CKf.C'),(')Khq',0,0,0,0,0,4003,'NIQmO0K]?'),('7MB!\"M\\d',0,0,0,0,0,4005,'n=C6Sй\Z'),('Ó$J@aҴn',0,0,0,0,0,4010,'IfAUZܓ2N'),('LFrG@',0,0,0,0,0,4004,'qAXQr@t6j'),('D87&K=&^W+',1,0,0,0,0,4008,'FG^~JT'),('yH/tmj׌h',0,0,0,0,0,4009,'$zHi󌶭zv'),('O9Ǎ',0,0,0,0,0,4009,'{4>\n\"@x3'),('L.3t',1,0,0,0,0,4004,'pHs('),('}Fd)',0,0,0,0,0,4003,'f2ZC;?'),('5KG	{',0,0,0,0,0,4006,'8Dj@S.س~g'),('\"$OHBu0Y',1,0,0,0,0,4001,' N	8Ӵe'),('?0F:',0,0,0,0,0,4010,'8Dj@S.س~g'),('?eMبs',2,0,1,1,0,4004,'0ʲHִrz>'),('IJ;N',0,0,0,0,0,4006,'`;LKԭR)N'),('P\"(Mɺ_RP',0,0,0,0,0,4006,' ÔMNU='),('TGKޚ',3,0,0,0,0,4010,'@~A@ǅRK'),('}|J\\\'',0,0,0,0,0,4008,'Z.Ck%S'),('M[kJ⢖\'',0,0,0,0,0,4009,'.WQHEL8͗\\'),('sTB!Lm',1,0,0,0,0,4001,'䫳OAM6KϽ'),('xG\Z,Le',0,0,0,0,0,4003,';WezALЊ'),(')N!c@',0,0,0,0,0,4007,']D\Zz¸'),('+M\np',0,0,0,0,0,4006,'n;b7Aj%-'),('rAD/',0,0,0,0,0,4001,'5%⪅Cʙj W'),('Ü?$Lz~lW\03',0,0,0,0,0,4009,'D$PiϙL'),('r@ eo]',0,0,0,0,0,4003,'ug\rB^ö'),('KFW(_',0,0,0,0,0,4001,'Ά_@̜)'),('檀QDǚBk',1,0,0,0,0,4001,'#怴4LG{O'),('OE;ct\r',0,0,0,0,0,4010,'YNZz'),('נAJ~k',0,0,0,0,0,4008,'FzA(F'),('|SCEKK.',0,0,0,0,0,4003,'7IsBC'),(';7hKhY',2,0,0,0,0,4008,'X\nmF Xk1('),('ϐLiFVQm',0,0,0,0,0,4003,'Oā,/'),('N.#ax',0,0,0,0,0,4007,'Е,O{ՙ,\0'),('\rvOBҩ&^{',0,0,0,0,0,4009,'Hd+HH)`'),('eO/{;\\iq',0,0,0,0,0,4004,'OO'),('%ЏNKSTD',0,0,0,0,0,4002,'\"f~2ILg]ko'),('>KF{_',0,0,0,0,0,4006,'NPC@OXS'),('ITJo}',0,0,0,0,0,4005,'5GNw\Z'),('YhF(N\0@ot&',1,0,0,0,0,4001,'pHs('),('rCNeO',0,0,0,0,0,4006,'q.I#WX'),('΃E',1,0,0,0,1,4008,'xI@im?'),('ſK^Fu',0,0,0,0,0,4006,'۽O߶Ki,'),('4;oB&֚m',0,0,0,0,0,4007,'@+HGn~؏'),('\rH]%3b',0,0,0,0,0,4008,'!kHI[,9.'),('kpIu',4,0,0,0,0,4004,'W7=O77V)W'),('yE5/z\rF',0,0,0,0,0,4009,'@+HGn~؏'),('Ib~X',1,0,0,0,0,4001,'J\'(e94'),('Gh@(I',0,0,0,0,0,4008,'BDq׍1'),('Bٍ',0,0,0,0,0,4002,'yU/Fњ6İ.%/'),('owP@lR-',0,0,0,0,0,4003,'5myXF\rGC'),('wMܱN#s\0',0,0,0,0,0,4008,'n@ɟfi`S'),('J8AX\n7\r',1,0,0,0,0,4004,'BO66R='),('lLJD(',0,0,0,0,0,4004,'wO1'),('JǈyL2',1,0,0,0,0,4004,'ؔAա+C@'),('&ZB7w3If',0,0,0,0,0,4001,'&DC\Z+'),('3qGK.^t@>',0,0,0,0,0,4006,'sՃ\'D\n\"'),('42äJ%I94',0,0,0,0,0,4010,'OiJrQuDV,'),('6]<hN訢|wQ',0,0,0,0,0,4005,'b\"&N8ք'),('F\"J`~',2,0,1,1,0,4004,'pXąE$d'),('qP	pJFu',9,0,0,0,0,4008,'W53Ju'),('u~_LM/K{<%/',0,0,0,0,0,4005,'akKAJs~	'),('qB+pð',0,0,0,0,0,4002,'ߨ7mG-cu\r'),('QG&t\n',0,0,0,0,0,4009,'F	;=GH{3'),('J@[1~(',0,0,0,0,0,4006,'uJ%TO_sT'),('xLt;',0,0,0,0,0,4003,'@/mOJd'),('`@8[',1,0,1,18,0,4002,'r(LG)<y'),('Cy2',3,0,0,0,0,4004,'93ןCҍ8d'),('TI',1,0,0,0,0,4010,'!LX.zX'),('\roC\Z{<0',0,0,0,0,0,4003,'.iJOEo[	DC'),('OP\rQ\nN+',0,0,0,0,0,4003,';$^Mp<'),('HĚ(+',5,0,0,0,0,4008,'P\"KbJ~'),('RlIP,\0',1,0,0,0,0,4008,'\0OpG֍\"'),('2|B8',0,0,0,0,0,4009,'v&vI0K媵}'),(')I\r5',0,0,0,0,0,4010,'=;A沕'),('AJP44k',0,0,0,0,0,4005,'\\uNEvg$z'),('*rE|8B',0,0,0,0,0,4005,'wO1'),('$O%L|\r',0,0,0,0,0,4009,'#[9cEǚ'),('TbECzCDo',2,0,0,0,0,4008,'3]M͓o*t_'),('Y/D{l2',1,0,0,0,0,4001,'AOI2G'),('cGףqMz/Y',0,0,0,0,0,4007,'%/<HZB3.'),('pS$jIo\'v',0,0,0,0,0,4010,'J(y('),('bNY鰀SK',0,0,0,0,0,4006,'#怴4LG{O'),('LⲄƖl\"',0,0,0,0,0,4006,'KiGaQ#\0&'),('l3N8\n)',0,0,0,0,0,4003,'/yBYw'),('B$Ng\rp',0,0,0,0,0,4009,'tk?BI+[a'),('O\",YCh',0,0,0,0,0,4003,'i\"XrF]|K8c'),('&yAgQm',0,0,0,0,0,4009,'CHۢ|W	'),('RE[DZ',0,0,0,0,0,4002,'\'\nGKDL0m'),('TZD&R1;',0,0,0,0,0,4009,'93ןCҍ8d'),('xzDKoe',0,0,0,0,0,4007,'ty:O9]zeb'),('FƲeQV8',0,0,0,0,0,4002,'ڔM-3֗'),('O#XhZ',0,0,0,0,0,4010,'sՃ\'D\n\"'),('Y&C;\Z	5N',0,0,0,0,0,4005,'wN5f'),('\"NA&h(z',0,0,0,0,0,4010,',Ki~C'),('\rԬWJR*j',0,0,0,0,0,4002,'IJC􉉓[-?U'),('6qPFn\rx',0,0,0,0,0,4004,'CrL}P*'),('SNKH,',0,0,0,0,0,4003,'eؚLͶh_'),('ZsGtrH',0,0,0,0,0,4010,'?\Z>FBz\Z'),('c0ͫ\nLznV',0,0,0,0,0,4002,'9)NƅD[Қ'),('hG˻M߄/󠪸N',1,0,0,0,0,4001,'c5J\\('),('|qMz%D',2,0,0,0,0,4010,'D6PNS)9'),(';I*&1	',0,0,0,0,0,4009,'`}AxLM+.'),('K̻Nd3',0,0,0,0,0,4007,'(ݰfCutI.h'),('mN_Gm5%r',0,0,0,0,0,4001,'>C@7\ZƧ]'),('Di\0LKA\r',0,0,0,0,0,4009,'?>O<K3'),('E4H',0,0,0,0,0,4005,' !{Dvo'),('|\nqCR&',1,0,0,0,0,4001,'PCJ@ټĲ$(d'),('ѺEB?d;T\"',0,0,0,0,0,4009,'`.G%MM	'),('݁1hL3[J',0,0,0,0,0,4002,'%/<HZB3.'),('[HaJ|}?',0,0,0,0,0,4007,'NTA5A'),('Ms	oIoW5',0,0,0,0,0,4010,'<ȈRLLǘРA]b'),('#M/&',0,0,0,0,0,4009,'}FBSt'),('I1b',2,0,0,0,0,4004,'X\nmF Xk1('),('ID᪗\Z\Z ',1,0,1,4,0,4002,'E>Ŗ'),('3C~=',0,0,0,0,0,4003,'L\ZfYJO'),('6\'~ZM\0h!',0,0,0,0,0,4002,':1KWu'),('OuOܒEA?',0,0,0,0,0,4007,'xI@im?'),('u*E\'bi',3,0,1,1,0,4004,'-KC\\%'),('{kzBvǑj]',2,0,0,0,0,4004,'ԣ@FGĶM'),('cSCuo3t',0,0,0,0,0,4003,'E1-Nd5I'),('9yCB̮Ù',0,0,0,0,0,4004,'iVLj5{'),('O',0,0,0,0,0,4006,'-jK>SL(r'),('G)XBӘ69I',7,0,0,0,0,4010,'N Py@Ui-'),('XoJYd\0ޝB',0,0,0,0,0,4003,'CAHVNn'),('@b ',1,0,0,0,0,4001,' 	nJC\'K!'),('@Cgs',0,0,0,0,0,4009,'5P\"@#E,w'),('ޥ{L=,\n\"c',0,0,0,0,0,4007,'&C{ 3gz'),('$K8u`n',0,0,0,0,0,4002,'Gu.߶sh	%'),('#M\rI8(',0,0,0,0,0,4005,'7GOqV'),('2\"Σ@R',1,0,0,0,0,4001,'NkLJl0G,U'),(';G&>',0,0,0,0,0,4010,'4pL>@F=\r/S'),('=L@Y=R',1,0,0,0,0,4001,'.iJOEo[	DC'),('DgkGHy<VNkJ',0,0,0,0,0,4008,'4iAʐuA'),('G0;K?CI',0,0,0,0,0,4001,'LCKHUBR'),('MG./Ј+',0,0,0,0,0,4003,'0VGGA^\\V'),('^HT̺',0,0,0,0,0,4005,'[,eNFGl'),('rNu\Z@یOl,_B',0,0,0,0,0,4008,'KiGaQ#\0&'),('|{K7KPʳ',0,0,0,0,0,4002,'wN5f'),('M̪5',0,0,0,0,0,4005,'4H?Nv-6M='),('ZK\\(V|!',0,0,0,0,0,4005,'ۅKlKÎ㫚D'),('߮fF4χ\nj4',0,0,0,0,0,4006,'(C	U}'),(')kO$.Q-',0,0,0,0,0,4007,'X\nmF Xk1('),('0\'QBǍon<L(',0,0,0,0,0,4006,'3LO3m'),('EY]Hތ',0,0,0,0,0,4010,'ĝs^Kj0G'),('iggLh랬m',0,0,0,0,0,4001,' ?ErP'),('i3@btӚ',1,0,0,0,0,4001,';Rk)+H/X#{>Y#'),('O`zVp|',1,0,1,1,0,4004,'/yBYw'),('!TnO\\nO	',0,0,0,0,0,4010,';K@$ 6='),('%ONԷQyOM\'',3,0,3,3,0,4004,'_Eזae'),('<CNHLEF\'',0,0,0,0,0,4009,'݃\0CIgH'),('<*Ff)8',1,0,0,0,0,4008,'ۅKlKÎ㫚D'),('?Jc`Dlpe',3,0,0,0,0,4008,'mA؄y-'),('SOְL>G',0,0,0,0,0,4002,'^RIȟ.S-'),('T7)DPj',0,0,0,0,0,4006,'oH2W\r$'),('msOӉ6k',0,0,0,0,0,4005,'lUH蝉'),('Mͨ u-',0,0,0,0,0,4005,'`tAeӡAPJ6'),('uMTu!',0,0,0,0,0,4009,'zNNސp@+'),('فNC',0,0,0,0,0,4006,'kS^PFO\nj'),('q%MfE',0,0,0,0,0,4003,'kCH)'),('rMB',0,0,0,0,0,4001,'ԀAE'),('iJDHtpB',0,0,0,0,0,4005,'ɠ/FRI'),('ͣOQ&o!',0,0,0,0,0,4006,'<\"B߲'),('Z@e89qK',2,0,0,0,0,4004,'rZIOL'),('T[E\Zv',0,0,0,0,0,4007,'2O\'`]'),('\0C|=ݍ(',0,0,0,0,0,4003,' 	nJC\'K!'),('WJ|v%W',2,0,0,0,0,4007,'gݪ&@( ݋QF]'),('=Nu5E',0,0,0,0,0,4003,'cR`F\'NC;'),('KE^fS̴',0,0,0,0,0,4007,'.G֪H(a'),('+k9FÃb;U',2,0,0,0,0,4004,'d\nTFf k<'),('1\0IxI',0,0,0,0,0,4005,'d\nTFf k<'),('PIRZC',1,0,0,0,0,4001,'B``Ko\''),('QI|7Wcf',2,0,0,0,0,4010,'[,eNFGl'),('r D\0N^o72O<',0,0,0,0,0,4003,'<p\nDqYXY'),('BҚ}',0,0,0,0,0,4008,'cR`F\'NC;'),('(dJ_6q#/',0,0,0,0,0,4007,'0MɗF4jz'),('OL1KK[',0,0,0,0,0,4008,'/ơGe@DZ'),('\\u*^M1CV!',0,0,0,0,0,4010,'3]M͓o*t_'),(':D1uˁ{=',0,0,0,0,0,4006,'aϿjCPdu'),('<HoF',0,0,0,0,0,4008,'^RIȟ.S-'),('YN޹U',1,0,0,0,0,4001,'t\0F\ZQN?'),('AH:V',0,0,0,0,0,4007,'$Hɺ\06'),('0BÓ/',0,0,0,0,0,4010,'aqhV<F\'4Uw+'),(' MGmbY',0,0,0,0,0,4007,'.$EHi!6\"'),('GG?9}',1,0,0,0,0,4008,'5%⪅Cʙj W'),('>7^\"MUƃC',0,0,0,0,0,4002,'*=KrFv'),('TEw@u,ў',1,0,0,0,0,4004,'q.I#WX'),('(z.A`D/',0,0,0,0,0,4001,'݃KG?'),('D\ZRy/',0,0,0,0,0,4006,'D$PiϙL'),('E{O)V1GD',0,0,0,0,0,4003,'9C8y\\h'),(']t@Rp,Y',0,0,0,0,0,4002,'l\ZEk%-|a'),('vaoIρ3',0,0,0,0,0,4003,'2?G$[KFɀ'),('	5@\\B,',0,0,0,0,0,4007,'8ÐȖJv'),('hgdBᘒhd',0,0,0,0,0,4006,'\\\'JJRJT	'),('ϓn@:?',0,0,0,0,0,4010,'Ά_@̜)'),('δ\'N=ۨ-',1,0,1,1,0,4004,'eU%N?a6'),('a	)A#xYn',0,0,0,0,0,4009,'c5J\\('),('J*u׃z',1,0,0,0,0,4010,'-1LIwTJg'),(' Fr-\"gm',0,0,0,0,0,4006,'{D=N(Y.\'HP@'),('5O͙\';F',10,0,0,0,0,4008,'9䤨v@x+\"'),(':2Eʊ',0,0,0,0,0,4010,'cYSLL	['),('SjDqw=>#T',1,0,0,0,1,4006,'J(y('),('ZU_D/=TA{Al',0,0,0,0,0,4002,'#怴4LG{O'),('h۲SgMd`\"N',1,0,0,0,0,4004,'E9'),('m)&PN\nh@',3,0,2,2,0,4004,'\\hXJv78~'),('vH>X\\A',3,0,0,0,0,4004,'؋&qF\r-kt'),('@JUK2&W`;|',0,0,0,0,0,4002,'ژBMp]8'),('m8Mn֋|0',1,1,1,4,0,4002,'\rYRNUk2Z'),('GB@`uys',0,0,0,0,0,4001,'$Z\rp@7ȼ'),('$AAǾ\ZOv',0,0,0,0,0,4005,'0\'IJbz\n'),('M09,z',0,0,0,0,0,4006,'YfE3p'),('5ABzKŚ+3',0,0,0,0,0,4008,'QRJ ^G'),('^\"E%S\Z',0,0,0,0,0,4010,'\'\nGKDL0m'),('I`R',0,0,0,0,0,4005,'\\/rNO+x7b'),('B\\B&b$T',37,0,0,0,0,4010,'%mGȧkQd@'),('Ha@0YSi',2,1,2,2,0,4004,'kS^PFO\nj'),(',A͙)j',0,0,0,0,0,4001,';\ngOv 1ʢ'),('5!oAZYCp',0,0,0,0,0,4001,'#B[GM-A'),('CtRNf_',0,0,0,0,0,4010,';Rk)+H/X#{>Y#'),('EC&TB\'L\"=Va',1,0,0,0,0,4010,'$K۲'),('GaI!#)ژ',4,0,0,0,0,4008,')-ýBP\\C\"'),('gt@U\Z',0,0,0,0,0,4005,'YNZz'),('oMNJC̮Lq`k',2,0,0,0,0,4010,'8-BEVj'),('pEL#P',0,0,0,0,0,4010,'ρjhD};i]'),('sh>IKl[9',0,0,0,0,0,4009,'{D=N(Y.\'HP@'),('unH6/+R',0,0,0,0,0,4007,'&1O~2b6\Z_'),('x	H`TWZ',0,0,0,0,0,4001,'R̳TqjJ\'=R8C'),('z1=cI:b$',0,0,0,0,0,4005,'>Fi^'),('\'LќXU',0,0,0,0,0,4009,'gݪ&@( ݋QF]'),('>HFjdp',0,0,0,0,0,4006,'{4>\n\"@x3'),('EKܓS[Q)',4,0,0,0,0,4008,'1K:j@['),('fG6܇^P',4,0,0,0,0,4008,'nEG4yk<'),('0Hdof',0,0,0,0,0,4006,'Z.Ck%S'),('~olIuZ',0,0,0,0,0,4009,' ÔMNU='),('x-F<х',0,0,0,0,0,4004,'4$iK4Xa(U*'),('E)',0,0,0,0,0,4010,'H4!Fp5Q'),('kG)Ѥ',2,0,0,0,0,4008,'(K\r2\ry?'),('B\n(K',0,0,0,0,0,4009,'<ŵIz!'),('AHkD&P`;6',0,0,0,0,0,4008,'dK13Gq'),('g`xIs^z',0,0,0,0,0,4003,'0\'IJbz\n'),('PNFT>K:',0,0,0,0,0,4004,'FhDg\0/['),('Lr^V%84',1,0,0,0,0,4004,'$Z\rp@7ȼ'),('iVOia \n;h',0,0,0,0,0,4008,'^9|.Cbᚏ\0'),('\Z>Ę!G$T',0,0,0,0,0,4001,'L)O	A\\x$!\''),('*Q3BV@S',0,0,0,0,0,4004,'B<[B\n3n\\'),('2f?@t.\\',0,0,0,0,0,4005,'>mAI4%UT'),('8nDsڐP',0,0,0,0,0,4007,'g\'M\'Mʆp#My'),('8 6F?y_',0,0,0,0,0,4010,'\\uNEvg$z'),('A7T@ۨd@r',0,0,0,0,0,4007,'$zHi󌶭zv'),('J#8Jo=!\"',2,0,0,0,0,4008,'zfΰH`_'),('L%@Mgy¾',0,0,0,0,0,4010,'<p\nDqYXY'),('UBѤĪf',1,0,0,0,0,4008,'z93rGG1WUHS'),('Y*wMt',3,0,0,0,0,4004,'\" RLilIgS'),('k!RETiN',0,0,0,0,0,4006,'IfAUZܓ2N'),('pLgE*MSx Yk',1,0,0,0,0,4001,'A9ID	s܄'),('tӀ\rOE',0,0,0,0,0,4006,'^C\'=J+Qho'),('?_eDui',0,0,0,0,0,4004,'X&L.ߪu{'),('igC3s`',0,0,0,0,0,4008,';\ngOv 1ʢ'),('A~MnL.<D',0,0,0,0,0,4003,'\\uNEvg$z'),('gp8MN\rg',0,0,0,0,0,4002,'?\Z>FBz\Z'),('KlA{',0,0,0,0,0,4003,'{D=N(Y.\'HP@'),('H%Ģ2j',0,0,0,0,0,4010,'MMW`'),('QsC]Ae[',0,0,0,0,0,4009,'Y0Z@d\0)/]L'),('FԄ`9B',0,0,0,0,0,4006,'}FNՀt>2'),('ZDy2',0,0,0,0,0,4003,'2O\'`]'),('E7',0,0,0,0,0,4009,'0\'IJbz\n'),('ĂFv]	',1,0,0,0,0,4008,'	](cD(Q)F-r-'),('xcI[j=C',0,0,0,0,0,4004,'mA؄y-'),('<fD6?',0,0,0,0,0,4003,'QRJ ^G'),('8Ja; s',0,0,0,0,0,4007,'q.I#WX'),('FN@aY',0,0,0,0,0,4002,'<N?߷JJô'),('	G9',0,0,0,0,0,4001,'ug\rB^ö'),('	\\8vFY>:P<',0,0,0,0,0,4009,'\\&G&4N'),('h7	F\nxK',0,0,0,0,0,4010,'[	KJH'),('\ZG:dNa/\'<',0,0,0,0,0,4009,'>C@7\ZƧ]'),('0-dhJBg\n4',30,0,0,0,0,4010,'\\MGo'),('2Bj&[%',0,0,0,0,0,4006,'ilh@@\nZ0d'),('4XiC#Zox',0,0,0,0,0,4003,'/R_AG\0,E'),('TjlgGU0$w',1,0,0,0,0,4001,'iVLj5{'),(']#H2V&[$',1,0,1,1,0,4004,'lUH蝉'),('cj@wM9k',1,0,0,0,0,4002,'8ÐȖJv'),('~4cK=ۚn',0,0,0,0,0,4007,'6tdH1˺'),('$:I4-k%*',0,0,0,0,0,4006,'ۅKlKÎ㫚D'),('!ZJWiVp-',0,0,0,0,0,4010,'ՓCNBXJۄ{\''),('pM˚xd',0,0,0,0,0,4005,'dK13Gq'),('ѳB)?ɚf',0,0,0,0,0,4009,'<\"B߲'),('xO\n1',5,0,0,0,0,4008,'>C@7\ZƧ]'),('!O,]Bow\\B',0,0,0,0,0,4007,'P2V2	IsFW'),('yIK:',0,0,0,0,0,4008,'\'%DC=x'),('4cJ!^<>',0,0,0,0,0,4010,'?@EDa\\X'),('_ID	n',0,0,0,0,0,4004,'/ơGe@DZ'),('݉\r-Ow&$e',0,0,0,0,0,4009,'iVLj5{'),('wӷ<O@-|',0,0,0,0,0,4003,'/SJ\ZAGI?'),('^=HFQ',2,0,0,0,0,4001,'&C{ 3gz'),('$On.D',0,0,0,0,0,4005,'ZC1kY'),('4@U(6޵	',0,0,0,0,0,4005,'wpZPE8YO'),('5W`AfYoWK',1,0,0,0,0,4001,'akKAJs~	'),('=H+Br`D',0,0,0,0,0,4003,'>C@7\ZƧ]'),('ItC&-?wx',1,0,0,0,0,4001,'?@EDa\\X'),('X^M{qd΍',0,0,0,0,0,4005,'Ά_@̜)'),('qG0Iy%2',0,0,0,0,0,4003,'RC˂Qpđ'),('q,OX|(]09',0,0,0,0,0,4002,'>C@7\ZƧ]'),('pW߳N0/Ю',0,0,0,0,0,4007,'#,@֝㝀'),('zOܫ~I^',0,0,0,0,0,4005,')H	!N\0\''),('94H>\n',1,0,0,0,0,4010,'ilh@@\nZ0d'),('TJiפ9_9',1,0,0,0,0,4010,'pcM8)pB'),('HJ{i',0,0,0,0,0,4005,'<ȈRLLǘРA]b'),('eFbn<7',2,0,0,0,0,4008,'-jK>SL(r'),('lIIJ89',0,0,0,0,0,4002,'/yBYw'),('_mM8hR>',0,0,0,0,0,4006,'2\n<D<['),('{K鴐R\Z^P',0,0,0,0,0,4010,'LJ)Z#|'),('ޏgJXw,h',0,0,0,0,0,4007,'^D̦s'),('.*>G\r&T@',1,0,0,0,0,4004,'B``Ko\''),('Dy0;t',0,0,0,0,0,4009,'(0[B.\Z'),('(*AAk',0,0,0,0,0,4006,'Kz@CӇ'),('(ء@Bݤ\'',0,0,0,0,0,4007,'{D=N(Y.\'HP@'),('*VXB*ac2ZM',0,0,0,0,0,4002,'$K۲'),('5?LdB޸jq',0,0,0,0,0,4007,'ƘgAZhto'),('>h<.IO`L',0,0,0,0,0,4003,'<N?߷JJô'),('O9MFs+	Ae',0,0,0,0,0,4006,' WۧJӝ)'),('R>LᮤIxr',0,0,0,0,0,4002,'P_enE1}pf'),('dRF><뉁`6l',0,0,0,0,0,4002,'=IGk0'),('fsH$2*(;',0,0,0,0,0,4007,'\" RLilIgS'),('|lD4Jr',0,0,0,0,0,4010,'69kGޮl'),('&3/@12',0,0,0,0,0,4007,'CrL}P*'),('/Dp(',0,0,0,0,0,4009,'dX>M Mb'),('Bm;F\"M\\vN',2,0,0,0,0,4002,'ʬEvL(ʳ۶'),('{NM텄˴|Q',0,0,0,0,0,4004,'c5J\\('),('EC_o',0,0,0,0,0,4009,';FZާ\r'),('rI-FSA',0,0,0,0,0,4009,'P\"KbJ~'),('eMC:H',1,0,1,1,0,4004,'FzA(F'),('-I]¡;|',0,0,0,0,0,4009,'KF|b'),('O?KXhݔf',1,1,0,0,1,4006,'`.G%MM	'),('͵%Mvg%',0,0,0,0,0,4002,'u5BG3,'),('܃/G0',0,0,0,0,0,4003,'2I-G=b'),('.NjmO',2,0,1,1,0,4004,'oH2W\r$'),('EWh',0,0,0,0,0,4003,'S$F\'\n'),('8jFѬK}?',0,0,0,0,0,4007,'\'pOSLMN'),('\r/lE\0	EE',0,0,0,0,0,4009,'\\MGo'),('\\>Mn',0,0,0,0,0,4010,'d8yJaSu'),('wESʁ',0,0,0,0,0,4009,'OO'),('3`E#K8|',0,0,0,0,0,4005,'9a^gNfcƳ'),('EY+hC4\"߆',0,0,0,0,0,4003,'ULbCyeq'),('GدHJ\r逅',0,0,0,0,0,4006,'(K\r2\ry?'),('P^:Fǐ:pb',1,0,0,0,0,4004,'?\Z>FBz\Z'),('W)\'B\nz	eu',0,0,0,0,0,4002,'/SJ\ZAGI?'),('mLJ2',2,0,0,0,0,4001,'P\"KbJ~'),('Z%KFpl^Ðxh',0,0,0,0,0,4004,'J(y('),('i@kl0L',0,0,0,0,0,4006,'1\\\n1FӳG\"M\0'),('ocAƔJWm>',0,0,0,0,0,4003,'I5Bk]'),('9@b\rKݡ1H3E',0,0,0,0,0,4007,'4iAʐuA'),('>-I0]',0,0,0,0,0,4006,'GTBy*'),('0d-B>2',0,0,0,0,0,4006,'qAXQr@t6j'),('ߝ̀`E3D5`p4',0,0,0,0,0,4004,'IqCA({'),('O821',2,0,0,0,0,4008,'f2ZC;?'),('HSIq0',0,0,0,0,0,4001,'ۅKlKÎ㫚D'),('*{G\'XgVW',0,0,0,0,0,4010,'IqCA({'),('R1E{>tܾ',0,0,0,0,0,4010,'}F.2;Qe'),('	xOEܡ',0,0,0,0,0,4010,'5P\"@#E,w'),('\Z[LVtl=g',0,0,0,0,0,4008,' 	nJC\'K!'),('0@CG#',2,0,0,0,0,4001,'#,@֝㝀'),('BaFcFM',0,0,0,0,0,4006,'CKf.C'),('FKN8Y*~O',0,0,0,0,0,4003,'/hBU۠%2'),(']Q/DԃX_y',0,0,0,0,0,4007,'}F.2;Qe'),('lLK{m>LwǊ',0,0,0,0,0,4008,'hCBڦvD'),('t	Go4ޥK',0,0,0,0,0,4005,'݃KG?'),('\\߂H~Zuk',1,0,0,0,0,4008,'L)O	A\\x$!\''),('B[3IHFm_',0,0,0,0,0,4007,'df%N*1&1 &'),('JE͈\\\"',0,0,0,0,0,4003,'zNNސp@+'),('StNza7',0,0,0,0,0,4009,'+M&bbOiIa'),('^\ZF8\ZSXy',0,0,0,0,0,4009,':X/sOfoAz'),('9ݦH&n,r4',0,0,0,0,0,4010,'uYHQ̿'),('kfB9I',1,0,0,0,0,4008,'_SxOG(le'),('ƿcM,;EZh7',0,0,0,0,0,4007,'E>Ŗ'),(',uA6Q',1,0,0,0,0,4002,' ÔMNU='),('ٸK\0+1',0,0,0,0,0,4006,'`iwCX<bhj'),('_M&2rcr',0,0,0,0,0,4008,'4~|B;IUüf'),('hA+ \'',0,0,0,0,0,4005,'ՓCNBXJۄ{\''),('eVBR)',0,0,0,0,0,4006,'Y>KJIz'),('\r8qM?_~',0,0,0,0,0,4005,';Rk)+H/X#{>Y#'),('$ǉHK??ڜn',0,0,0,0,0,4007,'c<1mC^aG'),('+M幂PG)',0,0,0,0,0,4007,'p/[Jh악=;'),('2(OkKƚ$.',2,0,0,0,0,4006,'ρjhD};i]'),('WiJ1L̐',1,0,1,1,0,4001,'F	;=GH{3'),('fmUN\Zɾ0z',0,0,0,0,0,4004,'AG\'F;'),('@[QɷQ',3,0,0,0,0,4008,'ug\rB^ö'),('hLʑr\'',0,0,0,0,0,4010,'\n~IiO|O'),('NDR',5,0,0,0,0,4008,',egf~A*?5e'),('sRiEfR7V',0,0,0,0,0,4010,'KKյd^'),('N<@\0',0,0,0,0,0,4007,'<N?߷JJô'),('n0-F',0,0,0,0,0,4006,'\rYRNUk2Z'),('Ĳμ#CKo',0,0,0,0,0,4001,'=;A沕'),('TDӍW}.',0,0,0,0,0,4010,'gr	@v(@'),('bNy34',0,0,0,0,0,4008,'\ZlYLUt'),('wLmE5',0,0,0,0,0,4005,'\'!@D+ѽh'),('9XER⁗!',3,0,0,0,0,4010,'u5BG3,'),('\0@7ICހyx\rI\"',0,0,0,0,0,4010,'aLV'),('H@O.v\Z\\',0,0,0,0,0,4002,'կBA5:\0'),(' .=ԠOu>7]\Z(',0,0,0,0,0,4009,'uYHQ̿'),('BC\nhJM_(',0,0,0,0,0,4004,'GTBy*'),('B\nN\'X92Y',1,0,0,0,0,4004,'!kHI[,9.'),('\\8$qN)lu(',0,0,0,0,0,4006,'6}JY.Iv$x6'),('e?Cʅf',0,0,0,0,0,4003,',Ki~C'),('g|	M\Z-Ѿ',0,0,0,0,0,4009,'WiL<Lpގ'),('sv-pO',0,0,0,0,0,4002,'lUH蝉'),('rJϋ.',0,0,0,0,0,4009,':OF\Z2'),('xA7e@t9',0,0,0,0,0,4002,'LcNU Y'),('\n_PJ9$Ud',0,0,0,0,0,4006,'W53Ju'),('n)A`f',0,0,0,0,0,4001,'q.I#WX'),('z6Dscjg',1,0,0,0,0,4008,',Ki~C'),('\"*JBy$',0,0,0,0,0,4005,'uLlLTp:'),(')BPN4p&',2,0,0,0,0,4010,':eNIh'),('*XrG50pK',0,0,0,0,0,4006,'^9|.Cbᚏ\0'),('4D@,',1,1,1,18,0,4002,'S&J@U*	gF'),('78+JtBA\0!',1,0,1,1,0,4004,'<\"B߲'),('<ٝIڡd,',0,0,0,0,0,4009,'BO66R='),('<4GUs',0,0,0,0,0,4005,'8Dj@S.س~g'),('OlXH\r8Jh\\<',0,0,0,0,0,4009,'eؚLͶh_'),('dCUAYF',0,0,0,0,0,4006,'R>NA#I}'),('m\ZdC#ET',0,0,0,0,0,4002,'6HE]Գf9'),('r1lM\'W/',8,0,0,0,0,4008,'kCH)'),('KVL@Y',0,0,0,0,0,4004,'>mAI4%UT'),('K@f$\\7',0,0,0,0,0,4006,'pHs('),('x۞Jwc',0,0,0,0,0,4007,']*I	r:'),('zx(DsgL',0,0,0,0,0,4002,'B``Ko\''),('d7Lɕm#B',1,0,0,0,0,4001,'l\ZEk%-|a'),('CGk>5',0,0,0,0,0,4008,'\nJMJs /'),('[@Lw8}',3,0,0,0,0,4004,'I5Bk]'),('owEoP7xj',0,0,0,0,0,4006,'d8yJaSu'),('\'wI:Pi',0,0,0,0,0,4008,'\\uNEvg$z'),('~L`K)`}',0,0,0,0,0,4003,'t\0F\ZQN?'),('IOɯy',3,0,0,0,0,4010,'[3F5I7aD0'),('VOps̊N',2,0,1,1,0,4004,'!LX.zX'),('N2:Ntm#\rA',0,0,0,0,0,4006,'2?G$[KFɀ'),('\"CքG2+_',1,0,0,0,0,4002,';\ngOv 1ʢ'),('0^0JU?2:ѝ',0,0,0,0,0,4009,'PCJ@ټĲ$(d'),('Iz&F۳K/b',0,0,0,0,0,4009,'[,eNFGl'),('L#A/CrD',0,0,0,0,0,4008,'[28}Lُ('),('RhLuE',0,0,0,0,0,4007,'c<p|@V?'),('gh*F҆bݪiI',0,0,0,0,0,4007,'I5Bk]'),('nQD\"^,G',0,0,0,0,0,4010,'0\0L$#*g'),(']Fma<',0,0,0,0,0,4006,',egf~A*?5e'),('\r{	D@@oę',1,0,1,21,0,4002,'[\"0D|е'),('L\rW0+',0,0,0,0,0,4006,'L=O׼h,'),('\rRLiM)r|',0,0,0,0,0,4001,'cR`F\'NC;'),('FD1lTfo',1,0,0,0,0,4008,'#怴4LG{O'),('ಕBKT0\'',0,0,0,0,0,4007,'!LX.zX'),('\0jNj=,!@',1,0,0,0,0,4008,':X/sOfoAz'),('V*|F޸NzdN',0,0,0,0,0,4008,'OMjP\'0'),(']G?K8&i&',0,0,0,0,0,4006,'_SxOG(le'),('OcM=7Rma',1,0,0,0,0,4001,'CHۢ|W	'),('<7.A2Qd',0,0,0,0,0,4006,'c<1mC^aG'),('\Z%N	V\'c',1,0,0,0,0,4001,'̺I6aU'),('D%OC',0,0,0,0,0,4009,' WۧJӝ)'),('L9\0E<0(](',3,2,3,3,0,4004,'D$PiϙL'),('ZfIOA{\r',0,0,0,0,0,4006,'o}=|ImJ&'),('jGƞ\ZCb\0',0,0,0,0,0,4006,'3]M͓o*t_'),('sj(_Hx2k',5,0,0,0,0,4004,'i9jEVi'),('|gc|FFQ',0,0,0,0,0,4001,'f2ZC;?'),('fMAlmĄ',0,0,0,0,0,4008,'G~QK0r%:@'),('	G\"<1',0,0,0,0,0,4007,'G~QK0r%:@'),('nbIܛIiEX%',0,0,0,0,0,4010,'`}AxLM+.'),('1Nf&7e',0,0,0,0,0,4003,'Ǽ\0J;s'),('u9B^Okj',0,0,0,0,0,4003,'rEљ\rƛs'),('Lmc_',0,0,0,0,0,4006,'nǰF\\K`'),('+6F1',0,0,0,0,0,4005,'<)N}wZ*'),('ᩜ!L>å7',0,0,0,0,0,4002,'S<otJ6J:G'),('?ZArz-)($',0,0,0,0,0,4009,'1\\\n1FӳG\"M\0'),('3JQD',0,0,0,0,0,4008,'xɞL\r8`'),('#<oOliI',2,0,0,0,0,4004,'T@ٜ /M'),('PzGn۰Z',0,0,0,0,0,4009,'۽O߶Ki,'),('$NDȦj6',0,0,0,0,0,4002,'E1-Nd5I'),('1@mL>m}',1,0,0,0,0,4002,'\\BJO>]b('),('<&J+nu',1,0,0,0,1,4009,'A[WH_<k)'),('D2@U	z6\'1j',0,0,0,0,0,4006,'.YCHkc\"'),('E(GϬ',0,0,0,0,0,4003,'c<p|@V?'),('H%%@HDj',0,0,0,0,0,4005,'ڊ5Kʴ{\Z\":'),('LB1IRɤ\"~',0,0,0,0,0,4010,'H,WFߜw'),('SiUdJوW',9,0,0,0,0,4008,'69kGޮl'),('WnɲJxKeN&',0,0,0,0,0,4007,'/SJ\ZAGI?'),('\\9MC6G57',1,0,0,0,0,4001,'&Q*H\'n{'),('n\\;@!V\\)g',0,0,0,0,0,4007,'akKAJs~	'),('pVK@M8s4w',0,0,0,0,0,4004,'xiT1L3k'),('AMW@A]',1,0,0,0,0,4002,'FhDg\0/['),('}σ8E4&#',0,0,0,0,0,4010,'ow\nn\r@hz.'),('~sJ\\1i',0,0,0,0,0,4007,'Bu޺TAC9W'),('ÿlvI{S',2,0,0,0,0,4004,'viMJ?\\dѵ'),('\"Hߣ_P7\r;[\n',1,0,0,0,0,4001,'I!,Ol{'),('\"9AϮ:g',1,0,0,0,0,4010,'Gu.߶sh	%'),('Aً@厍K,',0,0,0,0,0,4010,'o}=|ImJ&'),('NƏ\r%0',1,0,0,0,0,4010,'xwǕC[E3'),(' B϶ٻ[',0,0,0,0,0,4004,'Oā,/'),('KOGֶqKO5',0,0,0,0,0,4002,';8Ej@l'),('\'?CˮAc!',2,0,0,0,0,4008,']*I	r:'),('	.M\0',3,0,0,0,0,4008,'\0Y$Kޙo#Ǖ'),('M\\9,Ƀ',0,0,0,0,0,4004,'`tAeӡAPJ6'),('A@tenY',0,0,0,0,0,4007,'\n~IiO|O'),('eFHBc|gҢ',0,0,0,0,0,4003,'XaA2јj'),('gz\rEuLi',1,0,0,0,0,4004,':1KWu'),('h^7rK<޿7',3,0,0,0,0,4010,']\nŜ <F^sa-7&'),('o#m\'Ce>+6',0,0,0,0,0,4004,'0T]EgE'),('(aOR?l',0,0,0,0,0,4001,'Y>KJIz'),('mJrgz',1,0,0,0,0,4001,'4pL>@F=\r/S'),('|&F\n?q',0,0,0,0,0,4006,']LjMUK'),(',V?@+U1',0,0,0,0,0,4006,':OF\Z2'),('a%A0v!',2,0,0,0,0,4008,'?O0@U'),('!tKcck',0,0,0,0,0,4010,'kCH)'),('BFWwr*',0,0,0,0,0,4008,'lUH蝉'),('܈ O\0QERN',0,0,0,0,0,4008,'=ƕLr'),('$VEvc-',0,0,0,0,0,4003,'EdIYp'),('p\Z@-wQ跡u',1,0,0,0,0,4004,'J\'(e94'),('XgN4j; ',0,0,0,0,0,4002,'#B[GM-A'),('57@P#~',0,0,0,0,0,4009,'SԂAYAtQ.'),('85gGC!W%',0,0,0,0,0,4007,'Oā,/'),('HyEP',0,0,0,0,0,4009,'57Ox57OKc'),('c@KGMb',0,0,0,0,0,4003,'_SxOG(le'),('j{rM\ZbЀ',0,0,0,0,0,4004,'NTA5A'),('qM0͂',1,0,0,0,0,4001,'4H?Nv-6M='),('wMlOdF;Y>;',0,0,0,0,0,4010,'9)NƅD[Қ'),(']LQv\"_D',0,0,0,0,0,4007,'GTBy*'),('u>FH8NSS',4,0,0,0,0,4004,'݃KG?'),('a@RKҋ|d!',1,0,0,0,0,4001,'XXGyB0עa'),('K[',1,0,0,0,0,4004,'8-BEVj'),('ğM@]L+/',0,0,0,0,0,4007,'ŅdNYMΗ'),('ɑS;SGI똛',1,0,0,0,0,4001,'聾I'),('DrN٨L2}(',0,0,0,0,0,4008,'ߨ7mG-cu\r'),('~ HW+',0,0,0,0,0,4006,'Ǽ\0J;s'),('$DMF',1,0,0,0,0,4004,'PCJ@ټĲ$(d'),('{:Mύ<E\\',1,0,0,0,0,4001,';v%O)\\6w'),('hU\0D;E',0,0,0,0,0,4009,'3\0ĕcL{Lm'),('鐷H߮X05\Z=',0,0,0,0,0,4002,'7؈@pĒ7'),('\"1\"J܁lA',0,0,0,0,0,4007,'0T]EgE'),('\"qjG2$)I\n',0,0,0,0,0,4006,'u5BG3,'),('1OVG5t',2,0,1,1,0,4004,';7K(ʦ'),('4jF- d',3,0,0,0,0,4004,'2fY#C74~kd'),('9E6slp64',0,0,0,0,0,4006,'lUH蝉'),('cr,Ggoc̉(}',0,0,0,0,0,4006,'KKյd^'),('bCP t*^̑',1,0,0,0,0,4001,'wؘyU6K\'TU5y'),('C;L/T\"',0,0,0,0,0,4005,'c5J\\('),('kgKּr:n!',0,0,0,0,0,4009,'KeKI9Sl.c'),('+iҫL_P',0,0,0,0,0,4008,'cʙHhD9ӕg'),('%\Z[F$7E3',0,0,0,0,0,4006,'aLV'),('\'c	Cm.i',0,0,0,0,0,4005,'F	;=GH{3'),('zwK@g\0\Zv',0,0,0,0,0,4007,'Ft4s\'G-'),('pC&6.=0j',0,0,0,0,0,4009,'>mAI4%UT'),('ɹ*NůZ\n¥f',0,0,0,0,0,4001,'~puCJpx'),('ֱ$K	9$',0,0,0,0,0,4003,'%mGȧkQd@'),('\'RMWeo',0,0,0,0,0,4001,'0\'IJbz\n'),('DyuQm\r',0,0,0,0,0,4004,'KKHwݡk'),(',tAsV\\1',0,0,0,0,0,4009,'4pL>@F=\r/S'),('G*:Ȅ',0,0,0,0,0,4002,'[Ex_,'),('&!-eB>&n',0,0,0,0,0,4002,'rT{=Fxsd'),('),}H|n{',0,0,0,0,0,4010,'L)O	A\\x$!\''),('p/fKݵXV[WĬ',6,0,0,0,0,4008,'A[WH_<k)'),('̴O4@2\0w%',1,0,0,0,0,4001,'HbHb'),('٤]BcU3',0,0,0,0,0,4009,'2\n<D<['),('UHQךJ',0,0,0,0,0,4003,'A9ID	s܄'),('F$Lc%зo',0,0,0,0,0,4008,'J(y('),('M:s=4',0,0,0,0,0,4006,'LcNU Y'),('v$M*31',0,0,0,0,0,4002,'zfΰH`_'),('fOᄭۖhH=',7,0,0,0,0,4010,'mۺKn'),('H`1',0,0,0,0,0,4007,'Ղ5A߭DU<'),('./Oὢ`',0,0,0,0,0,4007,'@~A@ǅRK'),('BAL懹Bt1t',0,0,0,0,0,4005,']*I	r:'),('EҭFOe',0,0,0,0,0,4007,'̐Z?BEyY'),('KKںLDГ',0,0,0,0,0,4007,'\0Y$Kޙo#Ǖ'),('K[Om^!',2,0,1,1,0,4004,'a.3K{3\"QH'),('RTʡKUj',0,0,0,0,0,4002,'؋&qF\r-kt'),('V	J=WwhA',0,0,0,0,0,4008,'\\hXJv78~'),('vfJGdQ',3,0,0,0,0,4010,'0MɗF4jz'),('yqc(AB5',0,0,0,0,0,4009,'$GEOTgB'),('zLYFTyd',0,0,0,0,0,4002,'ݳ^Ct4o'),('x7NtEW(M',0,0,0,0,0,4005,'FhDg\0/['),('ܱHKZZF.',0,0,0,0,0,4003,'cs}OtqN'),('lEׁG',0,0,0,0,0,4002,'ŅdNYMΗ'),('D\rf@8&(	u>',5,0,0,0,0,4008,'9a^gNfcƳ'),('nvEJ^H5',0,0,0,0,0,4007,'A9ID	s܄'),('=|\'K:HGF',0,0,0,0,0,4003,'<\"B߲'),(' ͇LP}81',0,0,0,0,0,4002,'ٷO{L'),('倇N&u',0,0,0,0,0,4008,'(C	U}'),('>w6Fϳ9\"0K˚',0,0,0,0,0,4006,'݃\0CIgH'),('*zjFr.q;n',0,0,0,0,0,4009,'0IW/B._՝'),('A@V}#',0,0,0,0,0,4005,'OBK82I>~'),('EDa~',1,0,0,0,0,4001,'AG\'F;'),('H8㠪EdKpnz',0,0,0,0,0,4006,'T%߉@לM<'),('K\nH',4,0,0,0,0,4008,'wP$H>ѣ-F'),('bDMDAw',0,0,0,0,0,4008,'WiL<Lpގ'),('muL]\0%',1,0,0,0,0,4002,'4H?Nv-6M='),('tPBT٬',0,0,0,0,0,4003,'o}=|ImJ&'),('_Z)LĈ?T`w',0,0,0,0,0,4002,'NPC@OXS'),('\"KAV_^>',0,0,0,0,0,4007,'$K۲'),('\"fN?h,',2,0,0,0,0,4010,'1\\\n1FӳG\"M\0'),('dF<j;B',0,0,0,0,0,4002,'d8yJaSu'),('01C߬f',0,0,0,0,0,4004,'gݪ&@( ݋QF]'),('^L˽72v[',0,0,0,0,0,4009,'suFť=K:'),('ԲO㇗簵w',0,0,0,0,0,4005,'̐Z?BEyY'),('İQGxeG',0,0,0,0,0,4003,'Ѫ/CA	qX'),('LB<uP',0,0,0,0,0,4003,')-ýBP\\C\"'),('wx$A8Ho7',1,0,0,0,0,4004,'øA-M|Acq#'),('ȳL^9sT',11,0,0,0,0,4008,'u}GN@e|}'),('{NCJfq\"',6,0,0,0,0,4008,'@+HGn~؏'),('֣D,C/@-R$',2,0,1,1,0,4004,'35@ARiBI'),('ڨHQM4Q',0,0,0,0,0,4005,'	](cD(Q)F-r-'),('ܞ0IĘuYK-',0,0,0,0,0,4002,'l-rI0-'),('@@{B>Eu<',0,0,0,0,0,4005,'9䤨v@x+\"'),('NyH]~\\ӛJ',0,0,0,0,0,4006,'RC˂Qpđ'),('	Ч׺DϭU\"',2,0,0,0,0,4001,' WۧJӝ)'),('#1vF=xUj',0,0,0,0,0,4007,'ilh@@\nZ0d'),('9$C4]E',0,0,0,0,0,4007,'zvi]FzR!R'),('>iJnLaF',1,0,0,0,0,4002,'0Fዙ/vj'),('DNT_D͸ʱYX',1,0,0,0,0,4002,'B<[B\n3n\\'),('PIö',0,0,0,0,0,4007,'3\0ĕcL{Lm'),('RKٰ`1-8S',0,0,0,0,0,4002,'vqAN*~Z'),('a1B4+}',0,0,0,0,0,4007,'o}=|ImJ&'),('aEB@\'BJ',0,0,0,0,0,4010,'%/<HZB3.'),('cNYȔ',0,0,0,0,0,4004,'S<otJ6J:G'),('yBF\'zH=C',0,0,0,0,0,4007,'hCBڦvD'),('OP@\n(kW',0,0,0,0,0,4002,':X/sOfoAz'),('MD-\'N',0,0,0,0,0,4004,'3Ϊ}A0Ŵ'),('MwOe۞?}',1,0,0,0,0,4002,'dK13Gq'),('\0fE\nE_ZEk',0,0,0,0,0,4007,'?>O<K3'),('BFgp@{',0,0,0,0,0,4007,'\\BJO>]b('),('h&\'Gg-\\v',0,0,0,0,0,4005,'HaJN^9C@\r'),('0DL3U',0,0,0,0,0,4007,'z93rGG1WUHS'),('#_pF/u',0,0,0,0,0,4007,'wP$H>ѣ-F'),('L4Fͥ!,Vt',0,0,0,0,0,4009,'_Eזae'),('$[MG#.N',0,0,0,0,0,4003,'}F.2;Qe'),('		FԺNy',2,0,0,0,0,4008,'\'\nGKDL0m'),(':BG@j',0,0,0,0,0,4008,'6tdH1˺'),('@=Dt0e',1,0,0,0,0,4004,')H	!N\0\''),(':+ZDC㓗ypB',0,0,0,0,0,4003,'!dvBhѳ'),('fbesH?3J',0,0,0,0,0,4006,'\" RLilIgS'),('G[ԐEi+I',0,0,0,0,0,4006,']\nŜ <F^sa-7&'),('s7IZ&<',0,0,0,0,0,4001,'\"k*SA\"L'),('KzfB~.',0,0,0,0,0,4002,'9NOeɑ6^'),('6FMf[ĭYz',0,0,0,0,0,4001,'6}JY.Iv$x6'),('*Jٖ	81',3,0,0,0,0,4008,'2\n<D<['),('X(I|o7=i',0,0,0,0,0,4009,'CKf.C'),('=ZLV5t9',0,0,0,0,0,4008,'7i6InYzI{'),('2LDV|.\r',0,0,0,0,0,4005,'S<otJ6J:G'),('BO9R',0,0,0,0,0,4004,'e*MR8%'),('FO$\rO89',0,0,0,0,0,4003,'(K\r2\ry?'),('U;GkU.cQ',0,0,0,0,0,4009,'J	D$X'),('[}JJ::f',1,0,1,1,0,4004,'.YCHkc\"'),('bGZ32(Y',0,0,0,0,0,4003,'-KC\\%'),('uzMx\0',0,0,0,0,0,4001,'Z.Ck%S'),('~TLM(~כ?',0,0,0,0,0,4010,'{g OcGx8'),('~tIJ\Zbjxu\n;',0,0,0,0,0,4004,'\0OpG֍\"'),('OF%۔]',1,0,0,0,0,4008,'wpZPE8YO'),('K+R\0j',0,0,0,0,0,4010,'Ft4s\'G-'),('B1EJ2w',0,0,0,0,0,4006,'NIQmO0K]?'),('%L)',0,0,0,0,0,4010,'ʬEvL(ʳ۶'),('SG[0b',1,0,0,0,0,4001,'M>3~APEr:'),('ūFAXێI',0,0,0,0,0,4004,'KiGaQ#\0&'),('~K\'P^⁗',0,0,0,0,0,4004,'Kz@CӇ'),('vf[Dz3;U',0,0,0,0,0,4010,'RC˂Qpđ'),('(\'GC]W',2,0,0,0,0,4001,'^9|.Cbᚏ\0'),('fˋC*OJ+n',1,0,0,0,0,4010,'T@ٜ /M'),('E$7ٷ',2,0,1,1,0,4004,'L׌M8;{h'),('FSN cڰ',0,0,0,0,0,4006,'F	;=GH{3'),('!AKٯ@6x',0,0,0,0,0,4005,'(K\r2\ry?'),('#\0e~2KE+lΞ',0,0,0,0,0,4008,'`tAeӡAPJ6'),('*?H	p_$P',0,0,0,0,0,4002,'P2V2	IsFW'),('-NL:U',0,0,0,0,0,4003,'R-UrB(F/>'),('1EDot\rO',0,0,0,0,0,4008,'c<1mC^aG'),('9BRN \nN',0,0,0,0,0,4002,'6	{JLvw'),('ff\\5H{ڏ~',0,0,0,0,0,4001,'[,eNFGl'),('DĔ	',0,0,0,0,0,4002,'(C	U}'),('u#Jӝ\rU',0,0,0,0,0,4007,'\"1BsNFqxnw'),('Ò2K,m|>.',2,0,0,0,0,4006,'IqCA({'),('Ϊ*^JOR',0,0,0,0,0,4006,'r(LG)<y'),('2ÈcF\0\0',2,0,1,1,0,4004,'Ղ5A߭DU<'),('Cc4u]',3,0,2,2,0,4004,'t\0F\ZQN?'),('(G@Q\\ա\Z\0j',5,0,0,0,0,4010,'䫳OAM6KϽ'),('ZZ?E\0Tw#',0,0,0,0,0,4007,'-jK>SL(r'),('O4IQ',1,0,0,0,0,4009,'RC˂Qpđ'),('L;s',0,0,0,0,0,4007,'2\n<D<['),('\nMI$}`',0,0,0,0,0,4005,':X/sOfoAz'),('\' a#@AGk H',0,0,0,0,0,4007,'igdD܅'),('51J,@B.',0,0,0,0,0,4006,'wpZPE8YO'),('D)hI@sL',0,0,0,0,0,4003,'7!JN07j'),('[B\"C}f|',1,0,0,0,0,4004,'V~@|#'),('a*IʍzTND',0,0,0,0,0,4008,'0IW/B._՝'),('g:@M[Ւ$h',0,0,0,0,0,4007,'wN5f'),('rkD\rcv',0,0,0,0,0,4009,'l-rI0-'),('}TJ;O{҇',2,0,0,0,0,4010,'<ŵIz!'),('R7GyG``',0,0,0,0,0,4007,'04J{'),('fO>',2,0,0,0,0,4010,'`iwCX<bhj'),('WD bÇ\"',0,0,0,0,0,4009,'<p\nDqYXY'),('\'AC1E&e',0,0,0,0,0,4007,'f2ZC;?'),('$M%2ǡ	',0,0,0,0,0,4002,'4$iK4Xa(U*'),('ZB$\rq',0,0,0,0,0,4006,'KeKI9Sl.c'),('\ndK9\r',0,0,0,0,0,4001,'\\\'JJRJT	'),('Hp f>',0,0,0,0,0,4010,'\"k*SA\"L'),('6@ˤ%p',0,0,0,0,0,4006,'$zHi󌶭zv'),('އ)ݴKEr6S',0,0,0,0,0,4004,'h\'\\\"BǥoŨ-S'),('t@x-2I',0,0,0,0,0,4006,'^LOq`\"-'),(';eNa3A0',0,0,0,0,0,4002,'`iwCX<bhj'),('˓Gɀ',1,0,0,0,1,4004,'4ALf.j($I'),('ɺ6IGd',6,0,0,0,0,4010,'QRJ ^G'),('۠\ZF`Y_R.',0,0,0,0,0,4002,'9C8y\\h'),('<J؈J*ܸ*Z',1,0,0,0,0,4010,'EdIYp'),('>2@<c',0,0,0,0,0,4006,'<)N}wZ*'),('Ox;yM	?C',1,0,0,0,0,4002,'YNZz'),('hL:yޕ',0,0,0,0,0,4002,'qAXQr@t6j'),('hcO4}:r',1,0,0,0,0,4004,'$zHi󌶭zv'),('r?FOHڭZuk',0,0,0,0,0,4004,'~8L649'),(')IFWzJΡ',0,0,0,0,0,4009,'r(LG)<y'),('*Kʹd',0,0,0,0,0,4010,'XaA2јj'),('%DJdD״t',0,0,0,0,0,4006,'xiT1L3k'),('\n{\'AVr',0,0,0,0,0,4005,'S&J@U*	gF'),('K\"GKf',0,0,0,0,0,4007,'>Fi^'),('HFv3]b',0,0,0,0,0,4003,'#怴4LG{O'),('MәO.{',0,0,0,0,0,4005,'2\n<D<['),('2dL#t',0,0,0,0,0,4007,'@؂rIۅ\Z_o'),('Z\rCJ+',0,0,0,0,0,4010,'6}JY.Iv$x6'),('8WE\n6NՕ',0,0,0,0,0,4005,'N Py@Ui-'),('\\G.',0,0,0,0,0,4006,';8Ej@l'),('輱I}Uǯ',0,0,0,0,0,4001,'0V&F}13M'),('EkQxb',0,0,0,0,0,4006,'BO66R='),('|LOw',0,0,0,0,0,4005,'L\ZfYJO'),('ABE\ncR',0,0,0,0,0,4001,'3\0ĕcL{Lm'),('7F̐n度',0,0,0,0,0,4009,'wC>]J'),('/\rXZLntL',0,0,0,0,0,4003,'_SEаk4H'),('V´BKSN',0,0,0,0,0,4009,'AŞɻg`'),('[}EAT9U',1,0,0,0,0,4006,'xwǕC[E3'),('cAskKlmګ',0,0,0,0,0,4005,'2?G$[KFɀ'),('{-BNĸ3',0,0,0,0,0,4009,'\\BJO>]b('),('صE؟P<',0,0,0,0,0,4002,';7K(ʦ'),('+EjN!Q$',0,0,0,0,0,4009,';K@$ 6='),('#J,_',0,0,0,0,0,4003,')H	!N\0\''),('tJmP|',0,0,0,0,0,4010,'Z}NM2{:[5'),('4koN]~',0,0,0,0,0,4010,'iVLj5{'),('@Mٕoi\"',0,0,0,0,0,4003,'xiT1L3k'),('W[Aw~1',0,0,0,0,0,4009,'&Q*H\'n{'),('&\\5cCh',0,0,0,0,0,4005,'[bZsG9F'),('9K7LȂD',0,0,0,0,0,4005,'_SxOG(le'),(':&Gp^',0,0,0,0,0,4006,'4iAʐuA'),('muvMZt%$D',0,0,0,0,0,4005,']LjMUK'),('%G¬˶L',0,0,0,0,0,4005,'r\0KS'),('tI_ ',1,0,0,0,0,4001,'o}=|ImJ&'),('8˷B8',0,0,0,0,0,4006,'=ʊHDU zFEv'),('Jo0U',0,0,0,0,0,4010,'xiT1L3k'),('`G3e-',0,0,0,0,0,4008,'̐Z?BEyY'),('ǤH}.s){',0,0,0,0,0,4007,'%7S@FJ7$'),('f\Z;M9*q!',2,0,2,2,0,4004,'ŅdNYMΗ'),('Kτj<M',0,0,0,0,0,4009,'@w!E\''),('#Lk*',0,0,0,0,0,4006,'p<XF\n3'),('%jE2SS',0,0,0,0,0,4003,'%7S@FJ7$'),('(GԻ<',2,0,1,1,0,4004,'9NOeɑ6^'),('(gQJ1\n5',2,0,0,0,0,4010,'X&L.ߪu{'),('9iOψܠ:Ue',0,0,0,0,0,4007,'ρjhD};i]'),('<,Mw1%+',0,0,0,0,0,4006,'|L\"Bj'),('<	$K\Z_eR',0,0,0,0,0,4007,'KKHwݡk'),('BUCHMDB\Z',2,0,2,2,0,4004,'#B[GM-A'),('Gܭ@CS<K',0,0,0,0,0,4001,'2fY#C74~kd'),('`O,ۂ',1,0,0,0,0,4002,'OBK82I>~'),('f\nBX^,\\',0,0,0,0,0,4005,'suFť=K:'),('pAm	a',0,0,0,0,0,4005,'{0Bɀ'),('<C\0N',0,0,0,0,0,4003,'tk?BI+[a'),('=1\"L@\'\'Zf',0,0,0,0,0,4002,'kS^PFO\nj'),('jHZَ7',0,0,0,0,0,4010,'3LO3m'),('L0\Zy	',1,0,0,0,0,4008,'DiQyMe\"2'),('BLNX',5,0,0,0,0,4008,'%7S@FJ7$'),('٪[6O/',0,0,0,0,0,4010,'\'E~MoD'),('IDn3',0,0,0,0,0,4005,'E1-Nd5I'),('[|N_{&',0,0,0,0,0,4002,'=;A沕'),('#+A2',0,0,0,0,0,4009,'ٷO{L'),('Tn@ҩK&+',5,0,0,0,0,4008,'3Ϊ}A0Ŵ'),('\'oH\\hvj',4,0,0,0,0,4008,'.YCHkc\"'),('\n`tI*Id^',0,0,0,0,0,4007,'LLb['),('|cLN,',0,0,0,0,0,4007,'wpZPE8YO'),('0@+]',1,0,0,0,0,4002,'OO'),('6_Gl\rI\"',1,0,0,0,0,4001,'}F.2;Qe'),(':,	@ќb?',0,0,0,0,0,4005,'^RIȟ.S-'),('LKƇ7ȝQ',0,0,0,0,0,4009,'l\ZEk%-|a'),('PC@D',0,0,0,0,0,4005,'cs}OtqN'),('R|}Nx	F\0',0,0,0,0,0,4005,'D$PiϙL'),('ZG($Cs\n	9B',0,0,0,0,0,4002,'rZIOL'),('\\tnjFBl',0,0,0,0,0,4004,'H,WFߜw'),('b\054D|+$',0,0,0,0,0,4007,'(K\r2\ry?'),('vC)EqHL,)',3,0,0,0,0,4008,'CHۢ|W	'),('xLp4#32`',0,0,0,0,0,4009,'IJC􉉓[-?U'),('u[J8]j ',0,0,0,0,0,4002,'<p\nDqYXY'),('~(C(l',1,0,0,0,0,4001,'LLb['),('Â?C~s׾',0,0,0,0,0,4007,'L׌M8;{h'),('\'(A',0,0,0,0,0,4003,'v4I\"+Ge'),('ʭCGLDO',0,0,0,0,0,4009,'OFDfæ3'),('ؖPovHO6[\'',0,0,0,0,0,4009,'I!,Ol{'),('J򮖹',0,0,0,0,0,4010,'(hOu?؅@Ӽ'),('TWE;-',1,0,0,0,0,4008,'W7=O77V)W'),('\n\nDO,Ł=1',2,0,0,0,0,4008,'[,eNFGl'),('0\Z0F3\r^',0,0,0,0,0,4009,'^9|.Cbᚏ\0'),('/Ltm',1,0,0,0,0,4004,'F	;=GH{3'),('\"`@#V',0,0,0,0,0,4010,'?BVOU'),('>(ʣJ߻lIUU',2,0,0,0,0,4004,' !{Dvo'),('I(IclD',4,0,0,0,0,4006,' ?ErP'),('I[Gbȼ\n',3,0,0,0,0,4010,'.G֪H(a'),('\\QaGӦ)w\\_',0,0,0,0,0,4006,'$BC-ίza'),('g73F\'HA#F',0,0,0,0,0,4010,'{4>\n\"@x3'),('hj:BԉV|',0,0,0,0,0,4002,'pcM8)pB'),('nJJ&a͌',0,0,0,0,0,4008,'?\Z>FBz\Z'),('v#pO\'^#v',0,0,0,0,0,4003,'p/[Jh악=;'),('|W@N@@(S',1,0,0,0,0,4009,'oH2W\r$'),('$2NKveDSdV',2,0,0,0,0,4008,'?BVOU'),(' F\"@',0,0,0,0,0,4008,'{0Bɀ'),('QK9H',3,0,0,0,0,4004,'۽O߶Ki,'),('j\noBb1280\r',0,0,0,0,0,4006,'E1-Nd5I'),('K2+BPJi*',0,0,0,0,0,4003,'ZC1kY'),('SxhAт(gZ6',0,0,0,0,0,4003,':eNIh'),('YLOP/[#',0,0,0,0,0,4001,'df%N*1&1 &'),('׌*LΡΞSt!',1,0,0,0,0,4001,'`0ML^lF~^X'),('Q^l_LE+-T',0,0,0,0,0,4004,'M>3~APEr:'),('o{NQH3v|U',0,0,0,0,0,4007,'`iwCX<bhj'),('C%Fl6\\R]',3,0,2,2,0,4004,'YfE3p'),(',HIe­x',1,0,0,0,0,4010,'R>NA#I}'),('-|T0HEe|',0,0,0,0,0,4003,'W7=O77V)W'),('0oCHNM',0,0,0,0,0,4006,'K7yI<'),(':5\ZIW{5?',0,0,0,0,0,4002,'LmȪNBbmn$='),('AnEA',0,0,0,0,0,4009,' 	nJC\'K!'),('U{H7ѣK',0,0,0,0,0,4010,'\\BJO>]b('),('t47CKLI>',2,1,0,0,1,4006,'%/<HZB3.'),('u^7G,lh',0,0,0,0,0,4010,'7؈@pĒ7'),('|}6O]X',0,0,0,0,0,4008,'iqDBIb탥'),('SB',0,0,0,0,0,4003,'聾I'),('ˈAVg>',0,0,0,0,0,4010,'2pkFYP1q'),('LQ]M\Z^',0,0,0,0,0,4005,'կBA5:\0'),('.N؂)I',0,0,0,0,0,4008,'q.I#WX'),('-\0~Ic湙E',0,0,0,0,0,4008,'r!GQqT'),('MYۙ',0,0,0,0,0,4009,'FzA(F'),(']4^Js\rv',0,0,0,0,0,4003,'[Ex_,'),('\rҋOGN\'&>',0,0,0,0,0,4008,'1\\DP'),('{xJHzu',0,0,0,0,0,4009,'~8L649'),('!yKyH4.R̰~;',0,0,0,0,0,4008,'\"1BsNFqxnw'),('!bMx',12,0,0,0,0,4010,'6	{JLvw'),('#tjLd<fv%',2,0,0,0,0,4008,'[SMc!~X]'),('=_*@&Kך',3,0,0,0,0,4008,'\"r7NlQE'),('=q;Eb]^p+w',0,0,0,0,0,4007,'eؚLͶh_'),('KTIX|靖',0,0,0,0,0,4007,'ٷO{L'),('X<rMr[$\n',1,0,0,0,0,4001,'\'pOSLMN'),('`G8B袶!T=!',0,0,0,0,0,4003,'p<XF\n3'),('wŷ5]F@SP:',1,0,0,0,0,4008,'cs}OtqN'),('cVB]֢M',1,0,0,0,0,4002,'9䤨v@x+\"'),('%\rEV`ID',0,0,0,0,0,4006,'\\BJO>]b('),('ФSByN?',0,0,0,0,0,4003,'V&*ߔc@j,\r,'),('Ŗ]Gq|Bԥ*',0,0,0,0,0,4004,'^D̦s'),('?{^@a4E*>',0,0,0,0,0,4009,'[	KJH'),('MEKLbpT',0,0,0,0,0,4009,'$Z\rp@7ȼ'),('ћMExb',0,0,0,0,0,4006,'#B[GM-A'),('{NUD4R߯',1,0,0,0,0,4010,';\ngOv 1ʢ'),('?Ir0[Hr',0,0,0,0,0,4006,'AG\'F;'),('BkNqJf-',1,0,0,0,0,4001,'0Fዙ/vj'),('XBC4X',1,0,0,0,0,4001,'KiGaQ#\0&'),('O#LT]',0,0,0,0,0,4003,'Q$*\'#LۉM6sA'),('\"\'E_\Z\n',0,0,0,0,0,4002,'&C{ 3gz'),('(8D1%9b(W4',1,0,0,0,0,4008,'zNNސp@+'),('7XDŪő',0,0,0,0,0,4003,'9qA0,'),('9~UM1	9M',0,0,0,0,0,4003,'69kGޮl'),('=_A\0J ',0,0,0,0,0,4008,'\rYRNUk2Z'),('BTK(Wmm[',1,0,0,0,0,4001,'zΟ(DŃO'),('DiM)\"1',0,0,0,0,0,4010,'ALȼ'),('GC(KOg',0,0,0,0,0,4006,'3Ϊ}A0Ŵ'),('HH4u5',0,0,0,0,0,4006,'X\nmF Xk1('),('O8?GG?U~',0,0,0,0,0,4006,'LJ)Z#|'),('Q(YI~B-',0,0,0,0,0,4006,'\\MGo'),('V;Y,@k4!)rk',0,0,0,0,0,4005,'.YCHkc\"'),('[>=Hm %\"y',0,0,0,0,0,4003,'$Z\rp@7ȼ'),(']NS,z',0,0,0,0,0,4009,'NkLJl0G,U'),('zIKFEPwښH',1,0,0,0,0,4004,'sՃ\'D\n\"'),('KI轆T^}+,',0,0,0,0,0,4002,'[,eNFGl'),('DAxOR',0,0,0,0,0,4009,'u5BG3,'),('OL&',0,0,0,0,0,4006,'/yBYw'),('M\06/H',0,0,0,0,0,4002,'4ALf.j($I'),('NkNz',3,0,0,0,0,4008,'yU/Fњ6İ.%/'),('-A nP\0',1,0,0,0,0,4008,'j)CFtC\''),('wXO2H',0,0,0,0,0,4009,'aϿjCPdu'),('X6tAVP',0,0,0,0,0,4006,';ݍEIo'),('8QC+Y',0,0,0,0,0,4006,'L׌M8;{h'),('ZhrNNr/$',1,0,0,0,0,4001,'\"1BsNFqxnw'),('ӢKwEQ&9`\nS',2,0,0,0,0,4008,'df%N*1&1 &'),('sAvƻ',0,0,0,0,0,4006,'9a^gNfcƳ'),('LwOƾtн',0,0,0,0,0,4002,'H4!Fp5Q'),('LLw(2',0,0,0,0,0,4010,'KiGaQ#\0&'),('nzp\"LUBz',0,0,0,0,0,4003,'{4>\n\"@x3'),('8ǊCםGl(;^',1,0,0,0,0,4004,'{0Bɀ'),('zoL4[w',0,0,0,0,0,4007,'<ȈRLLǘРA]b'),('xEuׄ%|',0,0,0,0,0,4006,'>mAI4%UT'),('I\"VGέHv@',0,0,0,0,0,4005,';7K(ʦ'),('ƭ&OX',0,0,0,0,0,4009,'IqCA({'),('=T(Hַ\Zi',1,0,0,0,0,4008,'BO66R='),('$9_IF\rO_',0,0,0,0,0,4005,'DQEtQ؇'),('%+fH-*Hm',1,0,0,0,0,4004,'\0Y$Kޙo#Ǖ'),('0A8o/}Y',0,0,0,0,0,4008,'XaA2јj'),('RGշ',1,0,0,0,0,4008,'(0[B.\Z'),('S<K}wjh\n',0,0,0,0,0,4003,'\\BJO>]b('),('\\:F\'f',0,0,0,0,0,4003,'LJ)Z#|'),('@?uFs',1,0,0,0,0,4001,'$BC-ίza'),('JaE&0܊',0,0,0,0,0,4001,'u5BG3,'),(']\0M&;m[5',0,0,0,0,0,4006,'`}AxLM+.'),('pE\"8q',0,0,0,0,0,4007,'<)N}wZ*'),('0qL+fC0',1,0,0,0,0,4004,'9䤨v@x+\"'),('2Al',0,0,0,0,0,4001,' ÔMNU='),('z9Be犍H,',0,0,0,0,0,4001,'ʬEvL(ʳ۶'),('gYHƾCST',0,0,0,0,0,4003,'F9bJH\'	'),('kn6NEׇ1',0,0,0,0,0,4010,'pHs('),('SK㨔{',0,0,0,0,0,4003,'6}JY.Iv$x6'),('VHL^@p',0,0,0,0,0,4005,'vqAN*~Z'),('>K,b%',0,0,0,0,0,4007,'0VGGA^\\V'),('}5kAl',0,0,0,0,0,4008,'øA-M|Acq#'),('JVNSCԦ',5,0,0,0,1,4010,' ÔMNU='),('YG99$',0,0,0,0,0,4004,'JƼqDJ'),('W7J	\"\Z',0,0,0,0,0,4005,'tk?BI+[a'),('D@-<ć',0,0,0,0,0,4002,'L)O	A\\x$!\''),('ƞO#okf^',0,0,0,0,0,4008,')H	!N\0\''),('ó8yKߟ2YP',2,0,0,0,0,4010,'5GNw\Z'),('BM9Dk',0,0,0,0,0,4003,'`0ML^lF~^X'),('KjL)K~',0,0,0,0,0,4001,'ژBMp]8'),('LO_hh%',0,0,0,0,0,4006,'2I-G=b'),('P<2KG~',0,0,0,0,0,4006,'@؂rIۅ\Z_o'),('a@<Fߔ',0,0,0,0,0,4002,'X\nmF Xk1('),('h١ODh\n!dl',0,0,0,0,0,4002,'Oā,/'),('m>B(!Y',0,0,0,0,0,4007,' ?ErP'),('n@핷L',1,0,0,0,0,4001,'S<otJ6J:G'),('uiIQ)6',1,0,0,0,0,4001,'b\"&N8ք'),('	x{NS;;l',0,0,0,0,0,4005,' 	nJC\'K!'),('8\rJ;{\Zu',0,0,0,0,0,4007,'҅	F/ҘI'),('0?*EؐFvJG-',1,0,0,0,0,4002,'T%߉@לM<'),('ώ#NNfOF',0,0,0,0,0,4007,'`}AxLM+.'),('Ը)nKLl*>5',0,0,0,0,0,4003,'Z}NM2{:[5'),('9MM,XT',0,0,0,0,0,4006,'1\\DP'),('JQC♦	_F2,',0,0,0,0,0,4002,'DiQyMe\"2'),('QH!F,#]V',0,0,0,0,0,4007,'I.	E<x@'),('\nC\0P*',0,0,0,0,0,4002,'/YG欬g\0,'),('\nxFORi',0,0,0,0,0,4007,'ow\nn\r@hz.'),('+4lBd0',1,0,0,0,0,4004,'A[WH_<k)'),('NJFOe',0,0,0,0,0,4007,'YvVK7'),('w3Ec\r#\\',0,0,0,0,0,4003,'0ʲHִrz>'),('%@z',0,0,0,0,0,4003,'aLV'),('004}LO',0,0,0,0,0,4003,'ZF%bN5'),('5\Zu@o\n4',0,0,0,0,0,4006,'\0OpG֍\"'),('V@|%֚a',0,0,0,0,0,4002,'2O\'`]'),('^7Dڊ\Z9G+z',0,0,0,0,0,4007,'W53Ju'),('g\n{NԊ7оk\n4',2,0,0,0,0,4008,'IfAUZܓ2N'),('xKkP&',0,0,0,0,0,4006,'zNNސp@+'),('|*v0I&_Ro',0,0,0,0,0,4005,'aϿjCPdu'),('N\r',0,0,0,0,0,4004,'֨@dVP$'),(']FWT2i',0,0,0,0,0,4006,'	](cD(Q)F-r-'),('6EX',1,0,0,0,1,4009,'R-UrB(F/>'),('V/Mf&',7,0,0,0,0,4008,'-KC\\%'),('ZKv^_B0',0,0,0,0,0,4009,'rZIOL'),('>)\\Fʥ	P',0,0,0,0,0,4002,'ow\nn\r@hz.'),('@L4Gd`:',0,0,0,0,0,4010,'ZC1kY'),('+\\@B?',2,0,0,0,0,4004,'0IW/B._՝'),('^A9?',0,0,0,0,0,4010,'lUH蝉'),('~YI],(',0,0,0,0,0,4007,'\ZlYLUt'),('\Z:`\ZFe-lx\",',0,0,0,0,0,4004,'!dvBhѳ'),('g9O%/YV',0,0,0,0,0,4007,'J	D$X'),('!\nDtmh\n',1,0,0,0,0,4001,'҅	F/ҘI'),(':R)kE\\~l˸',0,0,0,0,0,4005,'P_enE1}pf'),('Q\r\"EΌ\n',0,0,0,0,0,4002,'DESE!\\D'),('\\y/F-',0,0,0,0,0,4001,'ALȼ'),('z\\Doԍص',0,0,0,0,0,4007,'AOI2G'),('|b\0H?+',0,0,0,0,0,4002,'T@ٜ /M'),('|`*L\nmG',1,0,0,0,0,4001,'S&J@U*	gF'),(',Mא\r>',0,0,0,0,0,4001,'ɠ/FRI'),('6CL$B',0,0,0,0,0,4003,'	](cD(Q)F-r-'),('	ޒ{Es',0,0,0,0,0,4007,'cɡJxJzR'),('ZaFEUw\ZV',2,0,0,0,0,4008,'S$F\'\n'),('cJӹ3\0 >',0,0,0,0,0,4010,':X/sOfoAz'),('͐0KcJY	',0,0,0,0,0,4006,'W\0E+ @H'),('F_HhvR6',0,0,0,0,0,4002,'n=C6Sй\Z'),('oL9`',0,0,0,0,0,4006,'LLb['),('0G႑]s',1,0,0,0,0,4004,'4iAʐuA'),('(GI_X\"',0,0,0,0,0,4004,'^9|.Cbᚏ\0'),('+>	FөnEWw',0,0,0,0,0,4006,'wC>]J'),('2rXNʆN|·',1,0,0,0,0,4004,'ALȼ'),('3MVB;`<',5,0,1,1,0,4004,'G֜I&\'T'),('M?wGE.',0,0,0,0,0,4010,'dX>M Mb'),('S,#J8',0,0,0,0,0,4006,'[	KJH'),('coA\0|ȋ',0,0,0,0,0,4001,'OFnGIL'),('i9HFrThv',1,0,0,0,0,4004,'ՓCNBXJۄ{\''),('iM@64q',0,0,0,0,0,4009,'KKHwݡk'),('tADfH\'?t\'',0,0,0,0,0,4009,'@؂rIۅ\Z_o'),('[zG沸.XMe',0,0,0,0,0,4010,'F	;=GH{3'),('DB4B',0,0,0,0,0,4006,'-KC\\%'),('XAÇ	V',0,0,0,0,0,4003,'g?NvYt'),('¡C)r|',0,0,0,0,0,4010,'p<XF\n3'),('ԀLwрZ',0,0,0,0,0,4009,'$BC-ίza'),('\nAm7@',4,0,0,0,0,4006,'uLlLTp:'),('kN\rKAx',1,0,0,0,0,4010,']D\Zz¸'),('	đAl\'עn',0,0,0,0,0,4006,'Ղ5A߭DU<'),('b*O\Ztz',0,0,0,0,0,4009,'rT{=Fxsd'),('h@TxA',0,0,0,0,0,4005,';WezALЊ'),('j{~`HJ	DH',0,0,0,0,0,4006,'P_enE1}pf'),('v:˞GfPnQx',1,0,1,1,0,4004,'J	D$X'),('|(NJ:ϒC',0,0,0,0,0,4010,'FhDg\0/['),('kE*7\0qE',0,0,0,0,0,4004,'.WQHEL8͗\\'),('GGFT',0,0,0,0,0,4006,'#,@֝㝀'),('3ξOqpe{A',0,0,0,0,0,4003,'wC>]J'),('RC',0,0,0,0,0,4001,'35@ARiBI'),('*zHst',0,0,0,0,0,4001,'[	KJH'),('uKv\n',0,0,0,0,0,4005,'zN73NOꗭ\\?`<'),('ɽM\n',0,0,0,0,0,4010,'#B[GM-A'),('ǷfbO0m*#R',1,0,0,0,0,4002,'cR`F\'NC;'),(']L=}/',2,1,1,1,0,4004,'pcM8)pB'),('9RD8',2,0,0,0,0,4010,'@؂rIۅ\Z_o'),('2\0G9m{}\\',1,1,0,0,1,4004,'Ft4s\'G-'),('&x|O\"vG}',0,0,0,0,0,4008,'rEљ\rƛs'),('--J2A<c[',0,0,0,0,0,4006,'&Q*H\'n{'),('3L&[H.',5,0,0,0,0,4004,'W53Ju'),('ELܔ]1',0,0,0,0,0,4001,'_SxOG(le'),('F=D=ͻ',0,0,0,0,0,4004,'/R_AG\0,E'),('Gn 	B=uA3',0,0,0,0,0,4002,'\" RLilIgS'),('_H״=40!',0,0,0,0,0,4009,'4$iK4Xa(U*'),('gn캦E04/ڧ',0,0,0,0,0,4009,'IfAUZܓ2N'),('}El0bPc',3,0,0,0,3,4008,'l-rI0-'),('Bť0IƮG',1,0,0,0,0,4001,'wN5f'),('|cH1|-',0,0,0,0,0,4005,'v&vI0K媵}'),('\0H%X8',0,0,0,0,0,4003,'E9'),('F6BU Ɉ',0,0,0,0,0,4008,'7IsBC'),('V;\ZC',0,0,0,0,0,4005,'IJC􉉓[-?U'),('_D3\0=6C',0,0,0,0,0,4008,'@~A@ǅRK'),('\ZMʭh6',0,0,0,0,0,4008,'J\'(e94'),('\'<\'HarO)~',1,0,1,23,0,4002,'/hBU۠%2'),('\'uAth)P',0,0,0,0,0,4003,'OBK82I>~'),('AIA^\'',0,0,0,0,0,4010,'\nJMJs /'),('@*zAY6\'\Z\"V',0,0,0,0,0,4009,'.ŷёBph_I'),('(>GC97W',0,0,0,0,0,4009,'@/mOJd'),('8RH\n.k',1,1,1,3,0,4002,'0\0L$#*g'),('GS{QB[}',3,0,0,0,0,4004,'$K۲'),(']0Ej<H',1,0,0,0,0,4002,',Ki~C'),('i	CH@C',0,0,0,0,0,4006,'INهt'),('J@O<1\rظ',0,0,0,0,0,4009,'D6PNS)9'),('FBF#G',0,0,0,0,0,4009,'ڊ5Kʴ{\Z\":'),('cIVR',0,0,0,0,0,4003,'(C	U}'),('KEq<%t¦',0,0,0,0,0,4007,'B``Ko\''),('|&FWsWd',0,0,0,0,0,4010,'H>JB!|H'),('ܿ[Bl',2,0,0,0,0,4010,'`.G%MM	'),('\Z\0N8/\Z*',0,0,0,0,0,4003,'x:x?MG@'),('H.D',0,0,0,0,0,4007,'2pkFYP1q'),('d4I#DQ٢',0,0,0,0,0,4006,'<ȈRLLǘРA]b'),('fOCR<',1,0,0,0,0,4001,'nNK%F&Io'),('৾K|剫',0,0,0,0,0,4005,'<ŵIz!'),('#YBF,b',0,0,0,0,0,4010,'wpZPE8YO'),('\'#D,-DmQ',1,0,1,1,0,4004,'(ݰfCutI.h'),('9k\rD%AOL]	4',1,0,0,0,0,4001,'g\'M\'Mʆp#My'),('L>	A,cX1',0,0,0,0,0,4010,'n;b7Aj%-'),('UNMG+v6d}',0,0,0,0,0,4005,'^LOq`\"-'),('GxA\rJI;',1,0,0,0,0,4002,'\"1BsNFqxnw'),('@NGYV8',0,0,0,0,0,4003,'\\&G&4N'),('vCOFZº',0,0,0,0,0,4003,'GTBy*'),('2QJ\ZJx/%',5,0,0,0,0,4008,'&Q*H\'n{'),('-M2<\0T',0,0,0,0,0,4007,'wؘyU6K\'TU5y'),('ibnBs\0Z6O',1,0,0,0,0,4010,'-KC\\%'),('ƝGEx\\EO',0,0,0,0,0,4001,':1KWu'),(':(C3.',0,0,0,0,0,4003,'KiGaQ#\0&'),('27}Jc1',0,0,0,0,0,4005,'>C@7\ZƧ]'),('teHO5+f%',0,0,0,0,0,4009,'n;b7Aj%-'),('@ʛy\\<\"',0,0,0,0,0,4003,'[3F5I7aD0'),('\r/N1)Me',0,0,0,0,0,4003,'=ʊHDU zFEv'),('-Kĥv\"u',1,0,0,0,0,4008,'4Fȝj'),('\'QxBDc',0,0,0,0,0,4007,'sՃ\'D\n\"'),(')uYN%H',0,0,0,0,0,4003,'?\rbIkht`|'),('.diBꢒ	*',0,0,0,0,0,4004,'OBK82I>~'),('5rGù;',0,0,0,0,0,4008,'^SMmIn'),('=bɞCvI',0,0,0,0,0,4010,'Q$*\'#LۉM6sA'),('KyPkKI@k',0,0,0,0,0,4004,'=oBR\0'),('O~&A3\'*',0,0,0,0,0,4007,'Q$*\'#LۉM6sA'),('QL[nM㕙m~',0,0,0,0,0,4003,'AŞɻg`'),('ZI0D]QGd',1,0,0,0,0,4001,'\'%DC=x'),(']I䑂M',0,0,0,0,0,4005,'\'%DC=x'),('jH\\F؛WVx\\?\\',0,0,0,0,0,4010,'WiL<Lpގ'),('>FiB|',1,0,0,0,0,4010,'݃\0CIgH'),('4)rDs^Vq&',0,0,0,0,0,4005,'u5BG3,'),('%H\ZZr>',0,0,0,0,0,4002,'@~A@ǅRK'),('?\"Gkc=V',0,0,0,0,0,4006,'AŞɻg`'),('>G(tB\"',8,0,0,0,0,4008,'uYHQ̿'),('AL;]R',0,0,0,0,0,4003,'.ŷёBph_I'),('Z8O\r.ˋW',1,0,0,0,0,4001,'INهt'),('|9;Jt߳k',0,0,0,0,0,4005,' N	8Ӵe'),('?AIWQE`',2,0,0,0,0,4010,'0IW/B._՝'),('LӟMk',7,0,0,0,0,4010,'B``Ko\''),('B0@\riqV',1,0,0,0,0,4001,'v4I\"+Ge'),('Dj9\0G=??u',1,0,0,0,0,4010,'dBέEY{A'),('[IOM\"',0,0,0,0,0,4007,'!kHI[,9.'),('m$BNgYe',0,0,0,0,0,4009,'6}JY.Iv$x6'),('dA^a',1,0,0,0,0,4002,'$GEOTgB'),('*Lz*_{I',0,0,0,0,0,4005,'4pL>@F=\r/S'),('֮NJG=C',0,0,0,0,0,4007,';ݍEIo'),('b߱Lzcm3',0,0,0,0,0,4009,'qAXQr@t6j'),('	VBJ/y',0,0,0,0,0,4010,'.YCHkc\"'),('uH)M%>',0,0,0,0,0,4001,'*F3MH,'),('tlAy',0,0,0,0,0,4004,'/SJ\ZAGI?'),('ܪSF\\',1,0,0,0,0,4001,')H	!N\0\''),('p,Ax`',0,0,0,0,0,4005,'0MɗF4jz'),('7JxNߙ4',0,0,0,0,0,4008,'CrL}P*'),('gG}a7FU',0,0,0,0,0,4009,'/yBYw'),('	MxߡE܅+',0,0,0,0,0,4009,'LCKHUBR'),('\Zg&H}^7',0,0,0,0,0,4007,'l\0sL&|'),('5K;tv:',0,0,0,0,0,4007,'iqDBIb탥'),('3|OЈzm\'`',1,0,0,0,0,4001,'E>Ŗ'),('HaڪE\Zg%3=',0,0,0,0,0,4009,'JƼqDJ'),('NgbAJjU',1,0,0,0,0,4001,' !{Dvo'),('P\nE]sL',0,0,0,0,0,4002,'rEљ\rƛs'),('\\MG7#0',0,0,0,0,0,4004,'ٷO{L'),('nM~5WA',0,0,0,0,0,4007,';K@$ 6='),('X\ZEuj\\',7,0,0,0,0,4007,'v4I\"+Ge'),('tCOY',1,0,0,0,0,4001,'øA-M|Acq#'),('Dy$I,',0,0,0,0,0,4004,'-jK>SL(r'),('`Ecw\nt',0,0,0,0,0,4003,'xɞL\r8`'),('YuǸBP?h',0,0,0,0,0,4003,'hCBڦvD'),('ߛpFH=+\n%',1,0,0,0,0,4001,'NIQmO0K]?'),('ʓIs?#Is',3,0,0,0,0,4008,'\" RLilIgS'),('rJNknm=Ñ',0,0,0,0,0,4010,'7i6InYzI{'),(')LMiHl<en',0,0,0,0,0,4005,'ژBMp]8'),(',~Mai',6,0,0,0,0,4008,'ژBMp]8'),('7vMQDۉN',2,1,1,1,0,4004,'Ά_@̜)'),('Qo@¬NRf0\Z',0,0,0,0,0,4009,'ow\nn\r@hz.'),(']^O',0,0,0,0,0,4006,'ڔM-3֗'),('^;͋FTC%',0,0,0,0,0,4003,'OO'),('N&H2A3d',0,0,0,0,0,4003,'n=C6Sй\Z'),('7rAat5',0,0,0,0,0,4009,'nEG4yk<'),('OAԏl!--',3,0,0,0,0,4001,'g?NvYt'),('@Fv',5,0,0,0,0,4008,'BEXJ'),('_TG\ZW',1,0,0,0,0,4001,'{4>\n\"@x3'),('I$Lԙ',0,0,0,0,0,4005,'WiL<Lpގ'),('ɡK5',0,0,0,0,0,4004,'KeKI9Sl.c'),('vGE?',0,0,0,0,0,4003,'b\"&N8ք'),('1F\nYLk^',0,0,0,0,0,4006,'j)CFtC\''),('K[K͇',0,0,0,0,0,4002,'PCJ@ټĲ$(d'),('a[CN>+ z\'',3,0,1,1,0,4004,'OFnGIL'),('bf`L52',3,0,0,0,0,4008,'\n~IiO|O'),('ppC6oHhv',0,0,0,0,0,4003,'r\0KS'),('}ZL\'C',0,0,0,0,0,4002,'Ѫ/CA	qX'),('pGVB^C',0,0,0,0,0,4004,'b\"&N8ք'),('=Z[I\nfD5',0,0,0,0,0,4006,'hCBڦvD'),('ǔBѸS;u(',0,0,0,0,0,4007,'cR`F\'NC;'),('ShH3m\Z',1,0,1,1,0,4004,'IJC􉉓[-?U'),('dZ3MR\\C',0,0,0,0,0,4007,'0IW/B._՝'),('И)BqvX;2',0,0,0,0,0,4007,'7i6InYzI{'),('.^K#@q;',0,0,0,0,0,4002,'SԂAYAtQ.'),('-K!ѣ\rN',0,0,0,0,0,4005,'KiGaQ#\0&'),('N5FyhT-',0,0,0,0,0,4006,'OiJrQuDV,'),('/\nJߔ(;8',0,0,0,0,0,4001,'9C8y\\h'),(';0:Nf`#k',1,0,0,0,0,4002,'wؘyU6K\'TU5y'),(')́=Mihm',0,0,0,0,0,4001,'W\0E+ @H'),('h\rN\"P$ā\"',0,0,0,0,0,4006,'nEG4yk<'),('ԹLֻN',1,0,0,0,0,4001,'HaJN^9C@\r'),('&K˿jd',1,0,0,0,0,4001,'!kHI[,9.'),('@LmL',0,0,0,0,0,4006,'T@ٜ /M'),('&,CFd^I',2,0,0,0,0,4008,' ÔMNU='),('\'e	J(aKN',0,0,0,0,0,4002,'0MɗF4jz'),('0A>~?*/0',0,0,0,0,0,4005,' ÔMNU='),('9pOmZKo',0,0,0,0,0,4001,'69kGޮl'),('E&NҒDN?Bz',0,0,0,0,0,4004,' ÔMNU='),('F1H?)4\\N',0,0,0,0,0,4006,'ULbCyeq'),('IrHA2\'H=d',2,0,0,0,0,4004,'3]M͓o*t_'),(']>J@	\Z',1,0,0,0,0,4010,'3Ϊ}A0Ŵ'),('}[#5Nk\r\0A',0,0,0,0,0,4010,'1AFl::ܻ'),('MjOFjԌ',0,0,0,0,0,4009,'L׌M8;{h'),('3UuLMGdX',3,0,0,0,0,4008,'{ȗpO2`'),('91A	P',0,0,0,0,0,4005,'BDq׍1'),('K~zcA',0,0,0,0,0,4004,'\nJMJs /'),('_KȨKsvk',0,0,0,0,0,4004,'r!GQqT'),('ioUCDxl>T',0,0,0,0,0,4009,'wN5f'),('4IRHLq\Z',0,0,0,0,0,4008,'s6\'$L_It֛'),('3}G@2\Z',0,0,0,0,0,4006,'Oā,/'),('Ch	,	?C',1,0,0,0,0,4008,'RC˂Qpđ'),('\Zx͐O>)T',0,0,0,0,0,4003,'~puCJpx'),('5J~Pz',0,0,0,0,0,4010,'$Hɺ\06'),('?w@ЕCy#',0,0,0,0,0,4010,']*I	r:'),('?uA=Hci',2,1,1,1,0,4004,'P2V2	IsFW'),('AiL&ҊZ',0,0,0,0,0,4008,'Hd+HH)`'),('MiK@Eq',0,0,0,0,0,4007,'9䤨v@x+\"'),('q6Ƣ\'Hjx4<',0,0,0,0,0,4003,'q.I#WX'),('thJ@Íy',0,0,0,0,0,4004,'-1LIwTJg'),('zSܺM8B',0,0,0,0,0,4007,'V~@|#'),('\ZOVd|',0,0,0,0,0,4001,'=ƕLr'),(',@z+\'	\0',0,0,0,0,0,4009,'K7yI<'),('KVL\rt',0,0,0,0,0,4006,'ZC1kY'),('ۉIXB@$',0,0,0,0,0,4001,'@w!E\''),('6JI) N!',0,0,0,0,0,4009,'V&*ߔc@j,\r,'),('\"qDЄ',0,0,0,0,0,4009,' ?ErP'),('\r#L\'q8m;7',0,0,0,0,0,4009,'	](cD(Q)F-r-'),('O@lZ@',0,0,0,0,0,4003,'{g OcGx8'),('%{UGw$<',0,0,0,0,0,4007,'/ơGe@DZ'),('2#xL4x&`',0,0,0,0,0,4005,'zfΰH`_'),(' \'XD`V',0,0,0,0,0,4007,'aLV'),('%SЍAk[',3,0,0,0,0,4004,'[	KJH'),('1{Mc<HN',0,0,0,0,0,4002,' 	nJC\'K!'),('C\ZlMdv=ܒ',0,0,0,0,0,4007,'5GNw\Z'),('HOGT\0W',0,0,0,0,0,4002,';FZާ\r'),('KJy>^',0,0,0,0,0,4006,'7i6InYzI{'),('Mr\ZFy1',0,0,0,0,0,4004,',Ki~C'),('T,!A\rA<CVS_',0,0,0,0,0,4002,'INهt'),('Z3@@ʊAT',0,0,0,0,0,4005,'c<1mC^aG'),('a\'eϖHKh!,\r',0,0,0,0,0,4003,'J\'(e94'),('g\Zq@]i0',1,0,0,0,0,4007,'xwǕC[E3'),('vO7G=',3,0,0,0,1,4008,'Cʍo'),('}^ODis',0,0,0,0,0,4008,'b\"&N8ք'),('kvZKDg\"Q',0,0,0,0,0,4010,'nNK%F&Io'),('E\'KmM',0,0,0,0,0,4004,'v&vI0K媵}'),('9~HC}C',0,0,0,0,0,4009,'\n~IiO|O'),('C:^',1,0,0,0,0,4004,'\\&G&4N'),('W@TB',0,0,0,0,0,4005,'[3F5I7aD0'),('IOq@Ӝp;',0,0,0,0,0,4003,'#amH+o!'),('Bg!C7 K^f',0,0,0,0,0,4005,'57Ox57OKc'),('>;DhN',0,0,0,0,0,4003,'5GNw\Z'),('u6D\'T\\',0,0,0,0,0,4002,'I5Bk]'),('4Q@֖9w',0,0,0,0,0,4005,'[SMc!~X]'),('͍mM2KϷt',0,0,0,0,0,4005,'-KC\\%'),('#IuG)#C',0,0,0,0,0,4003,'<ŵIz!'),('@MKz:Kt',3,0,0,0,0,4005,'\'\nGKDL0m'),('OݝJ{L r\ng',0,0,0,0,0,4003,';7K(ʦ'),('iINd=',0,0,0,0,0,4006,'*=KrFv'),('jcgE<f(\Z',0,0,0,0,0,4002,'j)CFtC\''),('p\0оGbt',8,0,0,0,0,4008,'YfE3p'),('kJG_cf/5',1,0,0,0,0,4006,'ALȼ'),('K	0!}',3,0,0,0,0,4008,'LmȪNBbmn$='),('6AJ:%okZfq',0,0,0,0,0,4009,'rgeFn'),('L)J,p\0',0,0,0,0,0,4005,'{ȗpO2`'),('(J`nw',1,0,0,0,0,4002,'\\/rNO+x7b'),('d1@ɮ#U`',1,0,0,0,0,4001,'8-BEVj'),('\'0DVFiH^\n',0,0,0,0,0,4004,';\ngOv 1ʢ'),('ʹL|I5O',0,0,0,0,0,4007,'5P\"@#E,w'),('R|Ku^DN$6',1,0,0,0,0,4001,'zvnLђ<_'),('Ud~@*ۋܱ\n',0,0,0,0,0,4001,'V~@|#'),('(eI+\n.',0,0,0,0,0,4009,';WezALЊ'),(',׆fCZ9DNr',0,0,0,0,0,4007,'DQEtQ؇'),('A<aJAPˁ:',0,0,0,0,0,4002,'LJ)Z#|'),('OσGG',0,0,0,0,0,4003,'I!,Ol{'),('`[EqY;q',1,0,0,0,0,4008,'I.	E<x@'),('eOFSmXs',0,0,0,0,0,4009,'.$EHi!6\"'),('nP8N6',0,0,0,0,0,4003,'KF|b'),('rC7 ',0,0,0,0,0,4006,']D\Zz¸'),('w~LJ/;ߠ',0,0,0,0,0,4009,'FG^~JT'),('|\ZDu_9',0,0,0,0,0,4001,'ow\nn\r@hz.'),('+=EkVf\\4',0,0,0,0,0,4006,'A[WH_<k)'),('z{qDFÂ=i',0,0,0,0,0,4009,'zN73NOꗭ\\?`<'),(';\'xGĄ',0,0,0,0,0,4009,'S<otJ6J:G'),('«OK*ع',0,0,0,0,0,4006,'kCH)'),('¸&MLDAC	',0,0,0,0,0,4001,')-ýBP\\C\"'),('JK7B\Zg\r',0,0,0,0,0,4007,'iVLj5{'),('NL\r{',0,0,0,0,0,4010,'2\n<D<['),('\Z1JT芭',0,0,0,0,0,4009,'F9bJH\'	'),('M0O',0,0,0,0,0,4002,'R>NA#I}'),('ED,cz',0,0,0,0,0,4010,'@w!E\''),('0UVF㔅L',1,0,0,0,0,4004,'aϿjCPdu'),('T-UN3m',0,0,0,0,0,4005,'E%Imi%'),(']=٢F~p	',0,0,0,0,0,4009,'lUH蝉'),('ÞG\0I',0,0,0,0,0,4002,'r\0KS'),('ã\r1MD0I',0,0,0,0,0,4008,'[bZsG9F'),('÷jOl\"',2,0,0,0,0,4008,'wO1'),('˙?M;S×',0,0,0,0,0,4002,';ݍEIo'),('ϞPYBoYS6',1,0,0,0,0,4001,'YvVK7'),('ٶC\0a$[',0,0,0,0,0,4001,'>$(-OS&c	'),('v,Ht$\nYg',5,0,3,5,0,4004,'?BVOU'),('zC=tL',2,0,0,0,0,4001,'%mGȧkQd@'),('!TD͂oEGչr',0,0,0,0,0,4007,'X8Aj%1'),('\Zc	Gݵ&];g',0,0,0,0,0,4007,'ePD`~$Z'),('?.#EE9',0,0,0,0,0,4002,'(ݰfCutI.h'),('AՐD>%6S',0,0,0,0,0,4008,'#[9cEǚ'),('OpKMA4r',0,0,0,0,0,4002,'(0[B.\Z'),('l\nIG5/~Z7',0,0,0,0,0,4008,'<p\nDqYXY'),('qSuT@%INw2',0,0,0,0,0,4008,'[\"0D|е'),('ċi1LÚan',1,0,0,0,0,4002,'hCBڦvD'),('đPJ\Z -',0,0,0,0,0,4007,'QjG<_yV'),('ĚY1sEXL',0,0,0,0,0,4009,'1AFl::ܻ'),('īWJ9',0,0,0,0,0,4007,'pcM8)pB'),('ĸBM*MQ)\Z',0,0,0,0,0,4007,'35@ARiBI'),('X\\I[HjQ\"',1,0,0,0,0,4010,'L\ZfYJO'),('ҷDB@=v::',0,0,0,0,0,4010,'s6\'$L_It֛'),('(#IO',0,0,0,0,0,4002,'\ZlYLUt'),('ɫXKRM\"',0,0,0,0,0,4003,'{ȗpO2`'),('HݱAɕ',0,0,0,0,0,4008,'DQEtQ؇'),('KL_%GTɏ',1,0,0,0,0,4001,'`}AxLM+.'),(']BE1Ĉ',0,0,0,0,0,4004,'gr	@v(@'),('\nmLO|U',1,0,0,0,0,4001,'{g OcGx8'),('494#LDF{)b',0,0,0,0,0,4008,'QjG<_yV'),('5p\"KH4',0,0,0,0,0,4004,'k^B%c,'),('U5:H=lEZ',1,0,0,0,0,4001,'[SMc!~X]'),('dMIB[`R',0,0,0,0,0,4008,'iVLj5{'),('rF@Z',0,0,0,0,0,4007,'vqAN*~Z'),('yAB4n>',1,0,0,0,0,4010,'؋&qF\r-kt'),('zO3\Zw',0,0,0,0,0,4002,'v&vI0K媵}'),('ŉirLxg',0,0,0,0,0,4007,'uLlLTp:'),('ţ,L˔Y',0,0,0,0,0,4005,'NIQmO0K]?'),('ŤJzCV\nc',0,0,0,0,0,4004,'g\'M\'Mʆp#My'),('ťxD\n\'T',1,0,0,0,0,4001,'?O0@U'),('ŵG@<]',0,0,0,0,0,4007,'ZF%bN5'),('ːO	3F*',0,0,0,0,0,4010,'HbHb'),('JINT:9</',0,0,0,0,0,4002,'69kGޮl'),('n7AGP',0,0,0,0,0,4004,':OF\Z2'),('M:M[|;',0,0,0,0,0,4007,',wh^Ng@GNH'),(' +;Bʓe5',0,0,0,0,0,4002,'q.I#WX'),('+c@uTfA',0,0,0,0,0,4005,'E>Ŗ'),('5TFap:',0,0,0,0,0,4002,'\\uNEvg$z'),('QrmCU}%7',1,0,1,3,0,4002,'&Q*H\'n{'),('Ǝ\0fC4AN',0,0,0,0,0,4006,'8ÐȖJv'),('ƗwJ$',1,0,0,0,0,4001,'xwǕC[E3'),('Ơ}tCάwԞ/6',0,0,0,0,0,4009,'[Ex_,'),('\'qB5e',0,0,0,0,0,4009,'\"r7NlQE'),('V`@n9@(M',1,0,0,0,0,4010,'\0Y$Kޙo#Ǖ'),('^_6N>58',0,0,0,0,0,4007,'OO'),('H>JG\\Q8hQt',0,0,0,0,0,4007,'_SxOG(le'),('k4}N`=ɱ',0,0,0,0,0,4005,'\n~IiO|O'),('y.\\Fjĩ',0,0,0,0,0,4003,'zvnLђ<_'),('Fu',0,0,0,0,0,4010,'2O\'`]'),('@Kk',0,0,0,0,0,4002,'NkLJl0G,U'),('%C@D,3ww2',0,0,0,0,0,4006,';v%O)\\6w'),('-.}FOF9',1,0,1,1,0,4004,'[Ex_,'),('/|D<E3V',1,0,0,0,0,4006,'l\ZEk%-|a'),('<EqlOfe$!<',1,0,0,0,0,4001,'B<[B\n3n\\'),('D~WM*|p',0,0,0,0,0,4004,'I!,Ol{'),('FdGJ><',1,0,0,0,0,4004,'(0[B.\Z'),('Rǲ3Aѥ/D',0,0,0,0,0,4006,'ĝs^Kj0G'),('ǎ{Iyd',0,0,0,0,0,4006,'Cʍo'),('ǫ\0O̒f',0,0,0,0,0,4001,'NTA5A'),('ǫ%}L^\nu',0,0,0,0,0,4005,'>@^\Z,B'),('Ƕ@LΩm9',1,0,1,3,0,4001,'D$PiϙL'),('ǸL|I|*~h#R',0,0,0,0,0,4008,'0T]EgE'),('5!C̞?e',0,0,0,0,0,4009,'cs}OtqN'),('uMa{}6',0,0,0,0,0,4005,'[Ex_,'),('1`I\n',1,0,1,5,0,4001,'Ft4s\'G-'),('!O6NB=',0,0,0,0,0,4006,'.G֪H(a'),('CHiJ0d',0,0,0,0,0,4007,'{0Bɀ'),('.gKovyִ',0,0,0,0,0,4007,'$GEOTgB'),('ݼMU\nL',0,0,0,0,0,4009,'Q$*\'#LۉM6sA'),('KF\"{',1,0,0,0,0,4001,'7i6InYzI{'),('࣎AFVА',0,0,0,0,0,4006,'mKD\"%:`'),('=(HБůKׅ',0,0,0,0,0,4003,'LmȪNBbmn$='),(':\rwF~6pch',0,0,0,0,0,4006,'n@ɟfi`S'),('ܢpDw$8',2,0,1,1,0,4004,'F9bJH\'	'),('6s,ExGRRf',0,0,0,0,0,4006,'YvVK7'),('btOX)O3',2,0,0,0,0,4001,'+׌*KؼǢd;W'),('UZEQ<o\0',0,0,0,0,0,4007,'}FBSt'),('a@Ǻ`G',0,0,0,0,0,4007,'s6\'$L_It֛'),('\'TGc,2\Z',1,0,0,0,0,4001,'JƼqDJ'),(':C=!.',1,0,0,0,0,4004,'E>Ŗ'),('2ЀB$9}M',0,0,0,0,0,4006,'p/[Jh악=;'),('$=\\UO͹z.',0,0,0,0,0,4010,'Bu޺TAC9W'),(')F>NdZE	',2,0,0,0,0,4008,'\"k*SA\"L'),(':΁bA:hʼ:L',0,0,0,0,0,4006,'\\@)%%MIk'),('cHI@',0,0,0,0,0,4006,'؋&qF\r-kt'),('h\\)OM?cFy',0,0,0,0,0,4005,'cYSLL	['),('l%GACa',21,0,0,0,0,4010,'+׌*KؼǢd;W'),('(1L}D(',1,0,0,0,0,4001,'\'!@D+ѽh'),('Ȃ{@8K[-A{',0,0,0,0,0,4010,'aϿjCPdu'),('Ȋ2tOh٤4',0,0,0,0,0,4005,'\\@)%%MIk'),('Ȗ\ZޢWG*6',0,0,0,0,0,4006,'-ĔJRo'),('ȗa7MDf=mI',1,0,1,5,0,4002,'n@ɟfi`S'),('ȪkN`-D ',0,0,0,0,0,4004,'K7yI<'),('EWEz\n^X!',0,0,0,0,0,4001,'wP$H>ѣ-F'),('\ZMP%Fj',1,0,0,0,0,4004,'BEXJ'),('puBNh}',1,0,0,0,0,4008,'ƘgAZhto'),('0~u@ܬW#H',1,0,0,0,0,4008,'OFDfæ3'),('럥KrlKgelR',0,0,0,0,0,4002,'.ŷёBph_I'),('-\rCO-sSC4',0,0,0,0,0,4009,'S&J@U*	gF'),('xKCʍ-9&',1,0,0,0,0,4001,'\\&G&4N'),('	9bH4',1,0,0,0,0,4004,'cYSLL	['),(';XZG\Zn}6',0,0,0,0,0,4010,'6tdH1˺'),('ICBާn',0,0,0,0,0,4004,',wh^Ng@GNH'),('#J)}',0,0,0,0,0,4003,'\n~IiO|O'),(',]}L{S	h}',0,0,0,0,0,4005,'J\'(e94'),('?D&Ջ\0;',1,0,0,0,0,4001,'\"r7NlQE'),('JY&}*A+b\'mS',0,0,0,0,0,4003,'^D̦s'),('X\Z+N9;\0',0,0,0,0,0,4005,'nEG4yk<'),('^pD֜Q#M\\',0,0,0,0,0,4002,'ty:O9]zeb'),('mWL͢*~V7jv[',0,0,0,0,0,4009,'0VGGA^\\V'),('tm	fEj=+',5,0,0,0,0,4008,'3\0ĕcL{Lm'),('t/\ZLOǡ3,j',0,0,0,0,0,4005,'mۺKn'),('Ɉ!MЦy& ',0,0,0,0,0,4007,':1KWu'),('ɚC ^)9f_',0,0,0,0,0,4006,'suFť=K:'),('ɢk__N sQ 7',0,0,0,0,0,4005,'/yBYw'),('ɥ#lAC]b',0,0,0,0,0,4008,'2>O꾸9%w'),('ɳONiDZr',0,0,0,0,0,4005,'I.	E<x@'),('ɶF!L',1,0,0,0,0,4001,'L\ZfYJO'),('ɸQL@@W)w',1,0,0,0,0,4004,' N	8Ӵe'),('ɽIRFgz[{p',0,0,0,0,0,4007,'(hOu?؅@Ӽ'),('\\<qBm$4',0,0,0,0,0,4006,'[bZsG9F'),('gO{DB!H',0,0,0,0,0,4002,'ޗN:Hx}'),('m2N،WAx',0,0,0,0,0,4005,'=ƕLr'),('Cl*',2,0,0,0,0,4004,'69kGޮl'),('\\XN;x\\',0,0,0,0,0,4008,'H>JB!|H'),('c2RI쪽}/&',0,0,0,0,0,4008,'YNZz'),('>pLB?ѡga\Z',1,0,0,0,0,4002,'K7yI<'),('=&RAO',0,0,0,0,0,4005,'E9'),('LyQ&Kc!',0,0,0,0,0,4006,'ؔAա+C@'),('M\06B:L',0,0,0,0,0,4003,'1\\DP'),('OlVJJ١.',0,0,0,0,0,4005,'BG7Fk.#>'),('k5FUƖ',0,0,0,0,0,4006,'[28}Lُ('),('m^G#*50',0,0,0,0,0,4001,'i9jEVi'),('o>?{JH {',1,0,0,0,0,4001,'Q$*\'#LۉM6sA'),('~c{L?sNr',2,0,0,0,0,4009,'2pkFYP1q'),('ʉVU1FܾI\"	O',0,0,0,0,0,4005,'h\'\\\"BǥoŨ-S'),('ʕ^cM\'\Z',0,0,0,0,0,4004,'睅^C``-1'),('ʜhr3Md',1,0,0,0,0,4006,'P\"KbJ~'),('ʣf&Ill',1,0,0,0,0,4008,';ݍEIo'),('ʪiuB	\n',0,0,0,0,0,4005,'<N?߷JJô'),('ʱ^&C\'',0,0,0,0,0,4004,'wC>]J'),('NsI9BuY',0,0,0,0,0,4003,'\\@)%%MIk'),('0[p@i6b[',0,0,0,0,0,4003,'^RIȟ.S-'),('7MO\'B{TP\n',0,0,0,0,0,4004,'\'pOSLMN'),('?xcBَ:6u',0,0,0,0,0,4004,'r\0KS'),('Ac\r9Kg;X00',0,0,0,0,0,4006,'gݪ&@( ݋QF]'),('`hG@YK',0,0,0,0,0,4004,'X8Aj%1'),('e0bBr\r̭f',1,0,0,0,0,4001,'J(y('),('jgBtE˥Sy+',0,0,0,0,0,4001,'kCH)'),('{OضN\Zisr',0,0,0,0,0,4007,'nǰF\\K`'),('ˡUBŖ}G?',0,0,0,0,0,4010,'G֜I&\'T'),('ˡu IqJZ',0,0,0,0,0,4003,'\ZlYLUt'),('ˬ	a?Lr',0,0,0,0,0,4001,'DESE!\\D'),('˷SG\0*uG',0,0,0,0,0,4003,'G֜I&\'T'),('YHkg~',0,0,0,0,0,4007,'zfΰH`_'),('EHbI5J$',1,0,0,0,0,4001,'n@ɟfi`S'),('I̎HZrM­',0,0,0,0,0,4005,'H4!Fp5Q'),('\"I_,ż',0,0,0,0,0,4009,'`iwCX<bhj'),('\'7JPVF',0,0,0,0,0,4007,'P\"KbJ~'),('0/.nEʡEV)l',0,0,0,0,0,4010,'ؔAա+C@'),('4><Dr\r6',0,0,0,0,0,4006,'{ȗpO2`'),(';@CH1F',0,0,0,0,0,4005,'W\0E+ @H'),('<<xGLp  r',0,0,0,0,0,4007,'Gu.߶sh	%'),('Bw\ZV@MK=nP',2,0,0,0,0,4008,'&LT;c'),('ClɸOݲu',0,0,0,0,0,4007,'aGQg'),('Yu)AUG\"Jn',0,0,0,0,0,4002,'?O0@U'),('oLVuX',1,0,0,0,1,4004,'#,@֝㝀'),('p3@peZ9W\r',0,0,0,0,0,4001,'G֜I&\'T'),('zQͰMKX>=',3,0,0,0,0,4010,'FzA(F'),('̄/ҐOjnk=:',0,0,0,0,0,4008,'M>3~APEr:'),('̍vܔOpW',0,0,0,0,0,4005,'ԣ@FGĶM'),('̗F`@+qx',0,0,0,0,0,4004,'0VGGA^\\V'),('̰S+JF[t',1,0,0,0,0,4008,'Y0Z@d\0)/]L'),('̸Lu\0ǅ',0,0,0,0,0,4009,'Ѫ/CA	qX'),('\\%C˝?|l',0,0,0,0,0,4005,'NTA5A'),('ŀCE{9)',0,0,0,0,0,4008,'o}=|ImJ&'),('#Me',2,0,0,0,0,4010,'*=KrFv'),('6YANU4',0,0,0,0,0,4002,'@؂rIۅ\Z_o'),('	9gGfj',0,0,0,0,0,4007,' 	nJC\'K!'),('R޾3D۵[8',0,0,0,0,0,4009,'7i6InYzI{'),('C1\0H\Z@:ۆH',0,0,0,0,0,4010,'\\hXJv78~'),('KE~=/',0,0,0,0,0,4001,'e*MR8%'),('S՗@`<1',0,0,0,0,0,4003,'\rYRNUk2Z'),(' ӛwN%C',3,0,0,0,0,4008,'睅^C``-1'),('!Oݫ\\v{',1,0,1,30,0,4002,',wh^Ng@GNH'),('\"joJڣQ%',0,0,0,0,0,4002,'>@^\Z,B'),('&$O#c|',2,0,0,0,0,4004,'j)CFtC\''),('6o#MJ,1',0,0,0,0,0,4003,'NTA5A'),('B,շOĥ\0k*`',0,0,0,0,0,4004,'_SEаk4H'),('L1ٷJ{',1,0,0,0,0,4001,'dX>M Mb'),('\\>-0N~7--',0,0,0,0,0,4009,'ݳ^Ct4o'),('zM,:N=Ԯl',0,0,0,0,0,4004,'ڊ5Kʴ{\Z\":'),('̈́ݽL@,4',0,0,0,0,0,4005,'{g OcGx8'),('͍^J-\\',2,0,0,0,0,4008,'NPC@OXS'),('͐ūF>˨',1,0,0,0,0,4002,'h\'\\\"BǥoŨ-S'),('͢cN|Dl',0,0,0,0,0,4002,':OF\Z2'),('ͮ#f/A6iy',1,0,0,0,0,4010,'>@^\Z,B'),('ͯe\ZGƄaHX',0,0,0,0,0,4010,'=ƕLr'),('ͯEOt5`',1,0,0,0,0,4008,'4pL>@F=\r/S'),('%BGKz`HN',0,0,0,0,0,4002,'.G֪H(a'),('12MI`}l',0,0,0,0,0,4002,'nNK%F&Io'),('[CڪL7_',0,0,0,0,0,4006,'cR`F\'NC;'),(',Ḽ٩D',9,0,0,0,0,4010,'ޗN:Hx}'),('\rpHOTR',0,0,0,0,0,4007,'ԀAE'),('ԯBLZ\n@v',2,0,1,1,0,4004,'%7S@FJ7$'),('KFBt)(U',0,0,0,0,0,4008,'2?G$[KFɀ'),('5MÂ>9',0,0,0,0,0,4010,'9NOeɑ6^'),('\"uHj*v%',0,0,0,0,0,4004,'^SMmIn'),('0*UGNg\\',0,0,0,0,0,4008,'}W-Bհ:MyP5'),('1˅CN߲p',0,0,0,0,0,4008,'gr	@v(@'),('9UNr_B',0,0,0,0,0,4009,'ڔM-3֗'),('KةTDH简',0,0,0,0,0,4007,'ՓCNBXJۄ{\''),('irFEfLZ',0,0,0,0,0,4009,'YvVK7'),('ΜeC+LL\\a',1,0,0,0,0,4001,'ĝs^Kj0G'),('Σ3Nd',0,0,0,0,0,4006,'{g OcGx8'),('Ψ2+uDGDߌg',1,0,0,0,0,4001,'(hOu?؅@Ӽ'),('μWchKٜvBZj',0,0,0,0,0,4005,'ޗN:Hx}'),('νA麕4om',1,0,0,0,0,4001,'a.3K{3\"QH'),('.پ\rC\'5^Ba',0,0,0,0,0,4005,'ʬEvL(ʳ۶'),('U3J͖:tdhpE',0,0,0,0,0,4005,'IqCA({'),('P AC1jq6yk',0,0,0,0,0,4003,'ɠ/FRI'),('@A-.',3,0,0,0,0,4008,'۽O߶Ki,'),('ZA\ZT',0,0,0,0,0,4005,'P2V2	IsFW'),('\\\\BAY݃',1,0,0,0,0,4002,'ug\rB^ö'),('@\0潣\'r',1,0,0,0,0,4010,'<\"B߲'),('POAhܰh^J',0,0,0,0,0,4007,'gr	@v(@'),('S\'SbLfԍh',0,0,0,0,0,4007,'`tAeӡAPJ6'),('SG<c4\'D',0,0,0,0,0,4003,'`tAeӡAPJ6'),('LYK~W(B~',0,0,0,0,0,4002,'ULbCyeq'),('*Lk_sG',0,0,0,0,0,4007,'dX>M Mb'),('3#LC縉Z\ZV',1,0,0,0,0,4004,'^LOq`\"-'),('7De<kd',0,0,0,0,0,4010,'T%߉@לM<'),('LRmJP4',0,0,0,0,0,4009,';$^Mp<'),('W\nDWJz\Z0',0,0,0,0,0,4007,'0\'IJbz\n'),(']3HȫUl',1,0,0,0,0,4008,'0ʲHִrz>'),('`_KǊ,v`E_',0,0,0,0,0,4002,'V~@|#'),('s45Kׂkԫ',0,0,0,0,0,4001,'5GNw\Z'),('ρ#Aiq&Q:',0,0,0,0,0,4003,'QjG<_yV'),('ϔ5J2',0,0,0,0,0,4007,'uYHQ̿'),('ϧ_Ac}3R',0,0,0,0,0,4003,'Ft4s\'G-'),('RyXMsՉҲ',0,0,0,0,0,4008,'6	{JLvw'),('qCȿX',0,0,0,0,0,4008,'\\\'JJRJT	'),('\'ǫN)<M',0,0,0,0,0,4004,'\\@)%%MIk'),('\r3/^J!;;',0,0,0,0,0,4009,'P_enE1}pf'),('\ryNx!9a;C',0,0,0,0,0,4003,'$BC-ίza'),('lJX8F\n',0,0,0,0,0,4003,'?@EDa\\X'),(' KZK2}U',0,0,0,0,0,4009,'Ǽ\0J;s'),('6AUJӰUMWcj',3,0,0,0,0,4004,'0\0L$#*g'),('@Ka0{I',1,0,0,0,0,4001,',Ki~C'),('Q^BjJވʀ',0,0,0,0,0,4009,'ilh@@\nZ0d'),('bk54Ecx',2,0,0,0,0,4008,'>@^\Z,B'),('iPCHFVڹ',0,0,0,0,0,4004,'.$EHi!6\"'),('Ђ!E,G[4{',0,0,0,0,0,4002,'6}JY.Iv$x6'),('\0>]F$efd',0,0,0,0,0,4009,'(C	U}'),('Z~Dnj',2,0,1,1,0,4004,')-ýBP\\C\"'),('xxxHJ߁\r]BE',0,0,0,0,0,4007,'-1LIwTJg'),(' !K.JM',0,0,0,0,0,4009,';v%O)\\6w'),('EǇEЌysSN',0,0,0,0,0,4006,'ɠ/FRI'),('M;D]O[ed',0,0,0,0,0,4007,'93ןCҍ8d'),('TxD(R(',0,0,0,0,0,4003,'4$iK4Xa(U*'),('d8IOvI`}_',0,0,0,0,0,4007,'9a^gNfcƳ'),('sHӴHA\'',0,0,0,0,0,4009,'Ղ5A߭DU<'),('}6BF!|#S',1,0,0,0,0,4001,'SԂAYAtQ.'),('ѷkجnAƩհ#	',0,0,0,0,0,4006,';7K(ʦ'),('ѿmD\\M*\'H',0,0,0,0,0,4006,'ePD`~$Z'),('N3LgqAJ=',0,0,0,0,0,4003,'OFnGIL'),('э@tH',0,0,0,0,0,4007,'HaJN^9C@\r'),('\0HzYJ',0,0,0,0,0,4005,'!dvBhѳ'),('_=KAJ',0,0,0,0,0,4002,'ZF%bN5'),('Fv~x',0,0,0,0,0,4009,'uJ%TO_sT'),('`\0Dܴlg\r',0,0,0,0,0,4005,'93ןCҍ8d'),('ɨJ+hXa',9,1,0,0,1,4008,'M>6y0>'),('\n0@&VQP',0,0,0,0,0,4009,'LLb['),('C-lJHFw',1,0,0,0,0,4001,'?\rbIkht`|'),('hÊ@UI$]',0,0,0,0,0,4003,'dK13Gq'),('l\\E%,qi',0,0,0,0,0,4003,'c5J\\('),('ҍ\0lN6\\^',1,0,0,0,0,4001,'nǰF\\K`'),('Ґ@oLfg;\Z',0,0,0,0,0,4005,'ؔAա+C@'),('Ғm/kEy;',0,0,0,0,0,4010,':1KWu'),('ҙUFM\'e3ޙ',1,0,0,0,0,4004,'BDq׍1'),('қ@N<ǻ',0,0,0,0,0,4005,'}F.2;Qe'),('ҞWaAD Fm#',0,0,0,0,0,4004,':eNIh'),('ҥwSA91O9ꎃs',0,0,0,0,0,4003,'ALȼ'),('Ҭ4KJsL',2,0,0,0,0,4008,'8ÐȖJv'),('ұ|Bt(V',0,0,0,0,0,4003,'Gu.߶sh	%'),('һ5<O]XI\r',0,0,0,0,0,4003,'YNZz'),('һV+A,0\"N',0,0,0,0,0,4003,'k^B%c,'),('wBC{>;V',0,0,0,0,0,4001,'Oā,/'),('\0VpKrcq;ʇ',1,0,0,0,0,4008,'NIQmO0K]?'),('mAOW',0,0,0,0,0,4006,'cYSLL	['),('Jە=hq',0,0,0,0,0,4003,'Cʍo'),('\nKϚqx',0,0,0,0,0,4002,';K@$ 6='),('OKIۓ\'',0,0,0,0,0,4007,' !{Dvo'),('9E$w',1,0,1,8,0,4002,'0V&F}13M'),('#L/3',0,0,0,0,0,4004,'<N?߷JJô'),('#JxE\'џo',0,0,0,0,0,4006,'ʬEvL(ʳ۶'),('+Cg/HxG]$',11,0,0,0,2,4010,'&C{ 3gz'),('Jn%L\'',0,0,0,0,0,4006,'R̳TqjJ\'=R8C'),('MAZ}/D	B ',1,0,0,0,0,4001,':eNIh'),('t44~Aj\\Κ',1,0,0,0,0,4002,'MMW`'),('ӎrAqD>1p',0,0,0,0,0,4005,'?\rbIkht`|'),('ӏbLV`Y',0,0,0,0,0,4007,'E%Imi%'),('ӐܷHT(',0,0,0,0,0,4003,'۽O߶Ki,'),('ӖNEUNKտRk',0,0,0,0,0,4009,'HbHb'),('Ӧ\r~NMШ',0,0,0,0,0,4004,'\\uNEvg$z'),('ӨŕAL#3nU+8',1,0,0,0,0,4002,'D6PNS)9'),('Ө4FdG^Y',0,0,0,0,0,4005,'$Hɺ\06'),('өQ|MH*ry',2,0,1,1,0,4004,'1K:j@['),('Ӵ;nE蔬\'K',0,0,0,0,0,4003,'AG\'F;'),('ӼM_L:+j',0,0,0,0,0,4002,'ۅKlKÎ㫚D'),('ӼG K',2,0,0,0,0,4010,'\'pOSLMN'),('QrAg',0,0,0,0,0,4001,'L׌M8;{h'),('DsC',0,0,0,0,0,4002,'݃\0CIgH'),('z7Gg_\\6Y',12,0,0,0,0,4010,'2?G$[KFɀ'),('%O1vKU',0,0,0,0,0,4008,'^C\'=J+Qho'),('r<yH3X]`=',18,0,0,0,0,4010,'7!JN07j'),('!LO<^H',0,0,0,0,0,4007,'\\@)%%MIk'),('$.$\"KөA3,',0,0,0,0,0,4005,'ug\rB^ö'),('5D7~Fd',0,0,0,0,0,4007,'V&*ߔc@j,\r,'),('??6Eg7H3',0,0,0,0,0,4009,'\\@)%%MIk'),('@x;Cq\ZE ',0,0,0,0,0,4003,'@w!E\''),('S5NBTk;*3',0,0,0,0,0,4005,'viMJ?\\dѵ'),('lYFEZl,',0,0,0,0,0,4005,';FZާ\r'),('vtJhԊd',0,0,0,0,0,4006,'r\0KS'),('ԈW]Hh/IY',0,0,0,0,0,4001,'1AFl::ܻ'),('ԍ0wLce8',0,0,0,0,0,4004,'W\0E+ @H'),('Ԏ?\0J鸮ڟ',0,0,0,0,0,4003,'\0=GIpޫz'),('ԦsG&Act',0,0,0,0,0,4010,'[SMc!~X]'),('Ի7L!lrQ>',2,0,0,0,0,4010,'igdD܅'),('-FWVX',0,0,0,0,0,4009,'.YCHkc\"'),('ȂjCH F%~\ZP[',0,0,0,0,0,4007,'cYSLL	['),('5VOէ8M88',5,0,0,0,0,4008,'E9'),('NЯzz;',1,0,0,0,0,4001,'aGQg'),('ie~M:\0&(_`',0,0,0,0,0,4006,'?O0@U'),('Q6N565\Z',1,0,0,0,0,4004,'zNNސp@+'),('-JD O',0,0,0,0,0,4003,';Rk)+H/X#{>Y#'),('JGJҔ#*i',0,0,0,0,0,4002,'LCKHUBR'),('m{G\'\r',3,0,0,0,0,4010,'a.3K{3\"QH'),('<\\N/NJ~',0,0,0,0,0,4001,'4$iK4Xa(U*'),('=qQDkRۛ',0,0,0,0,0,4007,'0Fዙ/vj'),('?D@`mZ',11,0,0,0,0,4008,'wC>]J'),('g̴BhCe',0,0,0,0,0,4005,'cɡJxJzR'),('m#sA5gi',0,0,0,0,0,4007,'nNK%F&Io'),('Չ[L|C&1',0,0,0,0,0,4009,'E1-Nd5I'),('՚Bؖu_Nܖ',0,0,0,0,0,4007,'0ʲHִrz>'),('հ\'uU?KOr',1,0,0,0,0,4001,'Z}NM2{:[5'),('ջ6ZGKW̼\ZY',3,0,0,0,0,4004,'DESE!\\D'),('xpTF幢׮u',1,0,0,0,0,4004,'RC˂Qpđ'),('%uBe8Ҡ\r.',0,0,0,0,0,4005,':OF\Z2'),('N)\0',0,0,0,0,0,4003,'>@^\Z,B'),('^A̧QN',0,0,0,0,0,4007,'xɞL\r8`'),('$:N؈mp',0,0,0,0,0,4005,'ZF%bN5'),('X^Gx=',0,0,0,0,0,4007,'M>3~APEr:'),('#H(^ÚL\"',0,0,0,0,0,4010,'(K\r2\ry?'),('+ʼFL\',!*',1,0,0,0,0,4002,'.iJOEo[	DC'),('1(#lG\"uJ75',0,0,0,0,0,4009,'Y>KJIz'),('AK̻x$I',0,0,0,0,0,4007,'\\FDF[_'),('B@!=H\rIgs',0,0,0,0,0,4007,'_Eזae'),('B]F2j1/',0,0,0,0,0,4008,'qAXQr@t6j'),('b{\'E<4l]',0,0,0,0,0,4004,'4Fȝj'),('d8$mB$Oj',0,0,0,0,0,4006,'=oBR\0'),('hG\'nX',0,0,0,0,0,4008,'k^B%c,'),('֐I߫a_',3,0,0,0,0,4010,'BDq׍1'),('֠I˰#XU\"',0,0,0,0,0,4006,'@/mOJd'),('4aTJq',0,0,0,0,0,4003,'{0Bɀ'),('[J@vӿ.',1,0,1,9,0,4001,'d8yJaSu'),('!eOYl/',0,0,0,0,0,4009,'vqAN*~Z'),(':!@-',0,0,0,0,0,4005,'\rYRNUk2Z'),('?MOU9	T',1,0,0,0,0,4004,'#怴4LG{O'),('[L7PUj',0,0,0,0,0,4003,'.G֪H(a'),('bhLJF&¿<%',0,0,0,0,0,4005,'BO66R='),('y!FD7f	',0,0,0,0,0,4007,'3Ϊ}A0Ŵ'),('}CB<',0,0,0,0,0,4005,'ALȼ'),('1FCy\Z',0,0,0,0,0,4001,'4iAʐuA'),('QMj(4N',2,0,0,0,0,4004,'1AFl::ܻ'),('צN,NV',0,0,0,0,0,4006,'0Fዙ/vj'),('ױ4qDֻ³',0,0,0,0,0,4004,'igdD܅'),('3\rC㏾j',0,0,0,0,0,4003,'̐Z?BEyY'),('ΏA*imO\'3',0,0,0,0,0,4009,'Е,O{ՙ,\0'),('ǜڱB7',0,0,0,0,0,4005,'d8yJaSu'),('vhME6A4',0,0,0,0,0,4004,'7i6InYzI{'),('EJXL9\0',2,0,0,0,0,4008,'Q$*\'#LۉM6sA'),('4Oƭ$~KC',0,0,0,0,0,4005,'0\0L$#*g'),('|E3>ŵ!',0,0,0,0,0,4002,'X8Aj%1'),('NfhKTo4 ',0,0,0,0,0,4002,'gr	@v(@'),(' {B}Fթ]dt',0,0,0,0,0,4004,']LjMUK'),(')e(BՋIr',0,0,0,0,0,4002,'YvVK7'),('8!JkW;4 ',0,0,0,0,0,4009,'!dvBhѳ'),('Dd@^p',0,0,0,0,0,4004,'?@EDa\\X'),('OMDH:',0,0,0,0,0,4005,'[\"0D|е'),('bn3CHX\'',4,0,0,0,0,4008,'EdIYp'),('g.O=rLu목	~',0,0,0,0,0,4005,'e*MR8%'),('ؙDM0\rd\\',0,0,0,0,0,4001,'oH2W\r$'),('ءYlKuR\"',1,0,0,0,0,4002,'xI@im?'),('آ:QgHO47',0,0,0,0,0,4002,'1K:j@['),('ض׾a\'GL',0,0,0,0,0,4005,'!kHI[,9.'),('ع$O̾6\n',0,0,0,0,0,4007,'1K:j@['),('ؾByP:	i',0,0,0,0,0,4002,'\'!@D+ѽh'),('O9Mzp',0,0,0,0,0,4004,'s6\'$L_It֛'),('U&M \"',0,0,0,0,0,4003,'YvVK7'),('+N{u',0,0,0,0,0,4010,'0ʲHִrz>'),('\ZeI,ՄI',0,0,0,0,0,4009,'^RIȟ.S-'),('  dHu~K',1,0,0,0,0,4001,'0VGGA^\\V'),('3\ZgiCf|XP',0,0,0,0,0,4008,'~puCJpx'),('aUO|G\n G',0,0,0,0,0,4004,'SԂAYAtQ.'),('zE88',0,0,0,0,0,4007,'BG7Fk.#>'),('}PEbp',0,0,0,0,0,4006,'J\'(e94'),('ُHR-Wp-->',4,0,0,0,0,4008,'=;A沕'),('١?SWI\"A3',0,0,0,0,0,4007,'^LOq`\"-'),('٢%tRJE_&',1,0,0,0,0,4007,'4ALf.j($I'),('٥+MMiG',2,0,0,0,0,4004,'䫳OAM6KϽ'),('ٵ\'{A5%',0,0,0,0,0,4009,'&1O~2b6\Z_'),('5-LC̓',0,0,0,0,0,4005,'6tdH1˺'),('~,҄N1$ld',0,0,0,0,0,4005,'T%߉@לM<'),('2\n.L.-!E#',0,0,0,0,0,4001,'R>NA#I}'),('uWA ʸL',0,0,0,0,0,4005,'^D̦s'),('0pG|Ԯa',1,0,0,0,0,4001,'u}GN@e|}'),('=\\LҹګǙW',0,0,0,0,0,4009,'W7=O77V)W'),('e%@aI',0,0,0,0,0,4007,'݃KG?'),('wə\ZNz׈DM',3,0,0,0,0,4008,'x:x?MG@'),('Y.Ee)L -',1,0,0,0,0,4002,'XXGyB0עa'),('#!8F8',1,0,0,0,0,4001,']\nŜ <F^sa-7&'),('+ϯN+.\n',0,0,0,0,0,4002,'~8L649'),('0-4WOiĎ',0,0,0,0,0,4003,'cʙHhD9ӕg'),('=%ÄLj',0,0,0,0,0,4007,'R>NA#I}'),('Es D@Ν\"',0,0,0,0,0,4002,'}FBSt'),('G\r&yN5tPԏ',0,0,0,0,0,4005,'yU/Fњ6İ.%/'),('N=䇯LͯQ6_',7,0,0,0,0,4010,'wؘyU6K\'TU5y'),('NgHmjԞV',0,0,0,0,0,4007,'!IrІ&'),('T?:BL',2,1,2,22,0,4002,'֨@dVP$'),('i\ršD!X',0,0,0,0,0,4010,'LmȪNBbmn$='),('kUED*',0,0,0,0,0,4005,'\\\'JJRJT	'),('}D;O_OH\\',0,0,0,0,0,4010,'aGQg'),('ڥsx(D70ƺT',0,0,0,0,0,4001,'X8Aj%1'),('گiUkBo-8',3,0,0,0,0,4008,'9qA0,'),('ڱqIoQ',0,0,0,0,0,4002,'0IW/B._՝'),('ڴNJ\'}',0,0,0,0,0,4008,'KF|b'),('ڸQc:D՗\0',0,0,0,0,0,4009,'4ALf.j($I'),('ڼ7.}KL,>Ĕ8%',1,0,0,0,0,4001,'+M&bbOiIa'),(')\"NMȣ2T',0,0,0,0,0,4003,'1K:j@['),('|BI\0DD\n',0,0,0,0,0,4006,'XXGyB0עa'),('rmB\rTfU',1,0,0,0,0,4004,'ۅKlKÎ㫚D'),('Ўe Kʷ7Y',0,0,0,0,0,4005,'2pkFYP1q'),('3@]]y',0,0,0,0,0,4002,'NTA5A'),('լ@O>',3,0,0,0,0,4008,'I5Bk]'),('-M7\Zj|',0,0,0,0,0,4007,'Ѫ/CA	qX'),('ɭOύ;B{֮',0,0,0,0,0,4008,'IJC􉉓[-?U'),('!<J=DzL',1,0,0,0,0,4001,';8Ej@l'),('&}K\0',0,0,0,0,0,4006,'zvi]FzR!R'),('1ZLϧ\'ԣT',0,0,0,0,0,4006,'#amH+o!'),('5Jv;ܓ',0,0,0,0,0,4010,'K7yI<'),('Em@HҒPH',0,0,0,0,0,4007,'TK0M4\Z '),('a@:zC7A]m',0,0,0,0,0,4009,'䫳OAM6KϽ'),('j]4CpfM\\',0,0,0,0,0,4004,'ρjhD};i]'),('p Cf͋Մ',0,0,0,0,0,4002,'XaA2јj'),('sa@$^',0,0,0,0,0,4008,'\0=GIpޫz'),('u\ZM8J',0,0,0,0,0,4006,'NkLJl0G,U'),('ۅ<BȮ*;~Y',0,0,0,0,0,4007,'\\uNEvg$z'),('ۢLH@3J\no',1,0,0,0,0,4002,'?@EDa\\X'),('ۧa{@ªГˀoH',0,0,0,0,0,4003,'ՓCNBXJۄ{\''),('۫$H[KNq/0%',0,0,0,0,0,4005,'#,@֝㝀'),('M)CbЍB',0,0,0,0,0,4006,'X&L.ߪu{'),('hTDD4DH',0,0,0,0,0,4001,'/yBYw'),('D#MצL@',0,0,0,0,0,4002,'wO1'),('V\nD`yVc',0,0,0,0,0,4002,'DQEtQ؇'),('Msq',0,0,0,0,0,4006,'?@EDa\\X'),('\nGGG',1,1,1,1,0,4004,'&1O~2b6\Z_'),('\"2Go',0,0,0,0,0,4009,'ug\rB^ö'),(')2Ehv9=',0,0,0,0,0,4010,'~8L649'),('1A?a\r',13,0,0,0,0,4008,'ؔAա+C@'),('ZH_iFTGL\0',0,0,0,0,0,4009,'H,WFߜw'),('^xCBP=t\"',0,0,0,0,0,4009,'X\nmF Xk1('),('܀Ι@z]aR',0,0,0,0,0,4009,'{ȗpO2`'),('ܒ,B:@zKV`',0,0,0,0,0,4003,'M>3~APEr:'),('ܔ׊9H}^E',0,0,0,0,0,4007,'T@ٜ /M'),('ܘ34L@mQni',0,0,0,0,0,4009,'\\FDF[_'),('ܝ?ՌC¥%A@',9,0,0,0,0,4008,'@/mOJd'),('ܬޝ;JfG',0,0,0,0,0,4002,'J\'(e94'),('ܳ]Ne8#',0,0,0,0,0,4006,'tk?BI+[a'),('ܹ^K§x*E',0,0,0,0,0,4002,'BO66R='),('ܽ9(@!P~.',0,0,0,0,0,4009,'kS^PFO\nj'),('x@H\0KXY',0,0,0,0,0,4005,'`}AxLM+.'),('O]KwgWea',0,0,0,0,0,4003,'aqhV<F\'4Uw+'),('afNis11',0,0,0,0,0,4007,'\'E~MoD'),('3xDJ+*NfrT',0,0,0,0,0,4006,'\"1BsNFqxnw'),('CUK=2LS',0,0,0,0,0,4009,'ՓCNBXJۄ{\''),('QvnO\0\0i`!S',0,0,0,0,0,4006,'H4!Fp5Q'),('\\5WaEz<h',0,0,0,0,0,4004,'E1-Nd5I'),('^g>PE6^kD',0,0,0,0,0,4007,'4H?Nv-6M='),('^ܭL}=4-',0,0,0,0,0,4006,'Z}NM2{:[5'),('fUB!',0,0,0,0,0,4004,'NIQmO0K]?'),('}Kpŕڔ',0,0,0,0,0,4005,'zvi]FzR!R'),('}^Gr\0+FN>',8,0,0,0,0,4008,'0\0L$#*g'),('ݖs{!Lد&\rJg:',0,0,0,0,0,4009,'dK13Gq'),('ݜ0Q@;J54p',0,0,0,0,0,4010,'#[9cEǚ'),('ݶH}Zqj',0,0,0,0,0,4003,'?>O<K3'),('ݿX`wKz[K50',1,0,0,0,0,4002,'_SxOG(le'),(' IX>.',0,0,0,0,0,4006,'?>O<K3'),('KNI',0,0,0,0,0,4007,'r\0KS'),('}Mb*D',0,0,0,0,0,4008,'7!JN07j'),('	[^K%;\\',0,0,0,0,0,4009,'NTA5A'),('EDL-\n',2,0,0,0,0,4001,'wC>]J'),('%fՕO꺃|-j',0,0,0,0,0,4007,'cs}OtqN'),('&4qI@m',0,0,0,0,0,4005,'3Ϊ}A0Ŵ'),('/dOAfe]Bu',0,0,0,0,0,4001,'1\\\n1FӳG\"M\0'),('0%oJn',0,0,0,0,0,4005,'f2ZC;?'),('9<B#0+5}7',1,0,0,0,0,4008,'ZF%bN5'),('CBN	h\r`',0,0,0,0,0,4001,'%7S@FJ7$'),('ZCw;![',1,0,0,0,0,4010,'S$F\'\n'),('fEPEKI',3,0,0,0,0,4008,'CAHVNn'),('jOBI&mbd',0,0,0,0,0,4003,'\\FDF[_'),('kTJY',0,0,0,0,0,4003,'c<1mC^aG'),('o쵘Crz',6,0,0,0,0,4008,'R-UrB(F/>'),('u&SEO:(|',0,0,0,0,0,4003,'pHs('),('ބh\roNN',0,0,0,0,0,4003,'AOI2G'),('ޑ@K$WD$Ky',1,0,0,0,0,4008,'+M&bbOiIa'),('ޜseWEƮ|dȄ@',0,0,0,0,0,4004,'wؘyU6K\'TU5y'),('ޜV]]L9K',0,0,0,0,0,4003,'35@ARiBI'),('ަ0MBGA\\=',0,0,0,0,0,4002,'tk?BI+[a'),('0QM Nh7(',0,0,0,0,0,4008,'A9ID	s܄'),('yG\nH',0,0,0,0,0,4003,'cɡJxJzR'),('팤:C\'Ty',0,0,0,0,0,4007,'9qA0,'),('*5Fh$|3',0,0,0,0,0,4007,'R̳TqjJ\'=R8C'),('z!Nit$',0,0,0,0,0,4005,'Ft4s\'G-'),('}K0H',0,0,0,0,0,4005,'ρjhD};i]'),('\Z웻dH)\'',0,0,0,0,0,4004,'`}AxLM+.'),('$2pf@8U)',0,0,0,0,0,4003,'mۺKn'),('8pD0YiR\r',0,0,0,0,0,4003,';K@$ 6='),('9D ',3,0,0,0,0,4010,'$Z\rp@7ȼ'),('9&|&LHǵ',0,0,0,0,0,4006,'<p\nDqYXY'),('I=rEPO',0,0,0,0,0,4003,'+M&bbOiIa'),('b\Z9H&T4',0,0,0,0,0,4003,'2>O꾸9%w'),('x\"BC`)DJ5',0,0,0,0,0,4009,'ePD`~$Z'),('}gJFnzCJ',3,0,0,0,0,4010,' WۧJӝ)'),('߂³M!#ė',0,0,0,0,0,4008,'AŞɻg`'),('ߌHF\r ',0,0,0,0,0,4001,'0ʲHִrz>'),('ߏ3c?E+dN',0,0,0,0,0,4003,'qAXQr@t6j'),('߷2^Fiz5+',1,0,0,0,0,4002,'HbHb'),('uWD,',2,1,1,1,0,4004,'TK0M4\Z '),('\n\'NDBM;@',0,0,0,0,0,4003,'[,eNFGl'),('e@A(',0,0,0,0,0,4002,'t\0F\ZQN?'),('!L|Nlc',0,0,0,0,0,4001,'\\hXJv78~'),('.SJHF>',1,0,0,0,0,4006,'2>O꾸9%w'),('7&|HOi)\'.',0,0,0,0,0,4001,'/ơGe@DZ'),(':ʭhDc<q',0,0,0,0,0,4007,'RC˂Qpđ'),(';HtY',0,0,0,0,0,4008,'0MɗF4jz'),('A\\C,IIB',0,0,0,0,0,4006,'9qA0,'),('M3 IՈ',2,0,0,0,0,4001,'>Fi^'),('XڲCȰ黄',0,0,0,0,0,4010,'M>6y0>'),('nRFKn',0,0,0,0,0,4006,'xɞL\r8`'),('p~JD98?',0,0,0,0,0,4006,'N Py@Ui-'),('r^ARt',0,0,0,0,0,4002,'$BC-ίza'),('zǯyAH05<U',0,0,0,0,0,4009,'?@EDa\\X'),('H8XM}\"',0,0,0,0,0,4007,'rEљ\rƛs'),('(D9Z,,',0,0,0,0,0,4007,'IqCA({'),('ຑRj@޾L\n%',0,0,0,0,0,4007,'suFť=K:'),('໳OOHGFPxI',0,0,0,0,0,4003,'MMW`'),('?B.]>',0,0,0,0,0,4007,'x:x?MG@'),('\"C',1,0,0,0,0,4005,'\"1BsNFqxnw'),('9y֛II=N',1,0,0,0,0,4002,'Bu޺TAC9W'),('ZI`k',0,0,0,0,0,4004,'ePD`~$Z'),('M\0e@Ǯ>0',0,0,0,0,0,4003,'FzA(F'),('\0EޕFʓot1Q',0,0,0,0,0,4005,'Y>KJIz'),('HUM@\rԒ7',0,0,0,0,0,4002,'ρjhD};i]'),('JBt<<',0,0,0,0,0,4003,'øA-M|Acq#'),('tQ+B+5:',0,0,0,0,0,4003,'mKD\"%:`'),('u<MtyQOq',0,0,0,0,0,4003,'!LX.zX'),('v%bJ{E(ڹ^',0,0,0,0,0,4002,'OiJrQuDV,'),('CVCiR@',2,0,0,0,0,4008,'\\/rNO+x7b'),('K@PV^)P',0,0,0,0,0,4002,'i9jEVi'),('$E:ECD4',0,0,0,0,0,4010,'9a^gNfcƳ'),('5oCz*Mk',0,0,0,0,0,4010,'AOI2G'),('$쀖N<p+c#',0,0,0,0,0,4002,';Rk)+H/X#{>Y#'),('ᳩHE@(Ju_',0,0,0,0,0,4010,'04J{'),('ǽMY3	}',0,0,0,0,0,4004,'aGQg'),('._@Z»S',0,0,0,0,0,4003,'zΟ(DŃO'),('{BSa/J',0,0,0,0,0,4007,'BDq׍1'),('\"\nKi&r',0,0,0,0,0,4003,'ٷO{L'),('[UGN|q|',0,0,0,0,0,4007,'ݳ^Ct4o'),('7\"nCTU3o',1,0,1,1,0,4004,'-ĔJRo'),('xTK \nU',0,0,0,0,0,4002,'-ĔJRo'),('&S5WCNE5׎',2,0,0,0,0,4008,'DESE!\\D'),('=z#CݚF',3,0,0,0,0,4008,'կBA5:\0'),('im\0EVn@Gf',0,0,0,0,0,4004,'+׌*KؼǢd;W'),('nrlWFK2$\Ze',0,0,0,0,0,4009,'\"k*SA\"L'),('u;I]\0]2%',10,0,0,0,0,4008,'_Eזae'),('سOnR',0,0,0,0,0,4009,'_SEаk4H'),('Nܧq7\n',0,0,0,0,0,4006,'G֜I&\'T'),('6ǥCN.q',0,0,0,0,0,4009,'ޗN:Hx}'),('⼃ ҟ@$x>w',0,0,0,0,0,4010,'HaJN^9C@\r'),('^^LG_w(Wݿ',0,0,0,0,0,4002,'df%N*1&1 &'),('UJG1#\n',0,0,0,0,0,4010,'-ĔJRo'),('ꂘQCE',1,0,0,0,0,4001,'S$F\'\n'),('꿉ED6}',0,0,0,0,0,4005,'a.3K{3\"QH'),('PJ<h@^{',0,0,0,0,0,4008,'>$(-OS&c	'),('yN{F$ɒ',0,0,0,0,0,4005,'>$(-OS&c	'),('>L8B$',0,0,0,0,0,4006,'0\'IJbz\n'),('|Ffd',1,0,0,0,0,4001,'睅^C``-1'),('4W%CMP\0',0,0,0,0,0,4001,'ƘgAZhto'),('7AH/̽\0',0,0,0,0,0,4005,'q.I#WX'),('E/jISJ*3',1,0,0,0,0,4001,'KF|b'),('O}~B~5  ',0,0,0,0,0,4010,'^RIȟ.S-'),('\\G-Bݪ`\'G ',0,0,0,0,0,4007,'9)NƅD[Қ'),('~sސE%_ST',0,0,0,0,0,4006,'wN5f'),(' +&F터P\r}',1,0,0,0,0,4001,'ڊ5Kʴ{\Z\":'),('GFH%G㌜!',0,0,0,0,0,4008,'pXąE$d'),('}c^B3뤪\"',0,0,0,0,0,4009,'W53Ju'),('ɐ1FM{sr_',0,0,0,0,0,4009,'j)CFtC\''),('7IuuI',0,0,0,0,0,4003,'2fY#C74~kd'),('\ZI!Y\\ie',0,0,0,0,0,4006,'.WQHEL8͗\\'),('ФlMC`',1,0,0,0,0,4001,'CrL}P*'),(')HDmȿyGL',0,0,0,0,0,4005,'zNNސp@+'),('/\"0ܵNWl  C%8',0,0,0,0,0,4004,'zvi]FzR!R'),(':yELh ',0,0,0,0,0,4003,'ڊ5Kʴ{\Z\":'),('<+:SIƆUz',0,0,0,0,0,4004,'.iJOEo[	DC'),('=&/Ip D~',0,0,0,0,0,4005,'iqDBIb탥'),('\\*KՌUb]',0,0,0,0,0,4009,'ty:O9]zeb'),('\\ǸɼN3{[V;',3,0,0,0,0,4008,'R>NA#I}'),('`XZN%T',0,0,0,0,0,4006,'l\0sL&|'),('P6`Hf%|Y}',1,0,0,0,0,4006,'3\0ĕcL{Lm'),('c9A,UFY6',0,0,0,0,0,4004,'P\"KbJ~'),('k(LM\0ޮx',0,0,0,0,0,4010,'}FNՀt>2'),('!)EHl',0,0,0,0,0,4009,'NPC@OXS'),('!@vn2Y',0,0,0,0,0,4005,'aLV'),('ͭ;IO/]~OS.',1,0,0,0,0,4001,'igdD܅'),('ldPvN9=4',3,0,0,0,0,4010,'D$PiϙL'),('9FK\0FQM',4,0,0,0,0,4010,'wN5f'),('rAuhdב',0,0,0,0,0,4007,'eU%N?a6'),('e,@%az)h',0,0,0,0,0,4002,'Ά_@̜)'),('ؤDZPmsP',0,0,0,0,0,4009,'{g OcGx8'),('ĬB8؝u',2,0,0,0,0,4010,'u}GN@e|}'),('nHI^',0,0,0,0,0,4005,'I5Bk]'),('xZB9׺W\Z',1,0,0,0,0,4010,'\0=GIpޫz'),('\0gJNEU',0,0,0,0,0,4005,'Ѫ/CA	qX'),(',YN/*q',0,0,0,0,0,4005,':eNIh'),('JgAi`9ϣQ',0,0,0,0,0,4002,'3LO3m'),('KrbA',0,0,0,0,0,4006,'DQEtQ؇'),('\Z%hHذ]0p',0,0,0,0,0,4006,'f2ZC;?'),('PA\n\0)|r',0,0,0,0,0,4010,'0T]EgE'),('`w`B^n)',0,0,0,0,0,4010,'݃KG?'),('vF[',0,0,0,0,0,4002,'AŞɻg`'),(';nNqU',0,0,0,0,0,4009,'4~|B;IUüf'),('崷\ZGQ@>-&',0,0,0,0,0,4003,'F	;=GH{3'),('\n#Fn_',0,0,0,0,0,4006,'!IrІ&'),('|<XMHrUI',0,0,0,0,0,4005,'ݳ^Ct4o'),('bD$VZ<[',1,0,0,0,0,4001,'/R_AG\0,E'),('L%Dh],)',0,0,0,0,0,4004,'N Py@Ui-'),('A%D!',0,0,0,0,0,4006,'\'\nGKDL0m'),('G8Fq\n<',0,0,0,0,0,4010,'YvVK7'),('FGug%t\\',0,0,0,0,0,4010,'\\FDF[_'),('OIpXnd\'Ll',0,0,0,0,0,4001,':X/sOfoAz'),('&)@?Jbm ',0,0,0,0,0,4004,'L=O׼h,'),('2VƲG`\ncڶ',0,0,0,0,0,4007,'(0[B.\Z'),('=\0+:B}x\'Z',0,0,0,0,0,4004,'[,eNFGl'),('iҙ7M?Bn',0,0,0,0,0,4004,';v%O)\\6w'),('k=\"nAUV^v4',0,0,0,0,0,4009,'QRJ ^G'),('r΂ERw ̈9',1,0,0,0,0,4001,'FG^~JT'),('~i<D?i',0,0,0,0,0,4007,'SԂAYAtQ.'),('oH=*n>$',0,0,0,0,0,4002,'=oBR\0'),('欦zIwh&3',1,1,0,0,1,4006,';FZާ\r'),('´DA{*·-',0,0,0,0,0,4003,'YfE3p'),('N.)',0,0,0,0,0,4010,'\"f~2ILg]ko'),('XCeX@j',0,0,0,0,0,4010,'DQEtQ؇'),('E\r\ZMQ',1,0,0,0,0,4008,'pHs('),('HJlll',0,0,0,0,0,4003,'D6PNS)9'),('sNIiTm',4,0,3,3,0,4004,'H>JB!|H'),('?*I+)X0',0,0,0,0,0,4005,'ԀAE'),('3-C@EUJƖ ',0,0,0,0,0,4009,'\'E~MoD'),('TNOBB|',0,0,0,0,0,4008,'XXGyB0עa'),('z>IϩQf',0,0,0,0,0,4005,'/hBU۠%2'),(',&B|L',1,0,0,0,0,4001,'|L\"Bj'),('yQF.\\sz',0,0,0,0,0,4010,'.$EHi!6\"'),('J{N!}{_\'7	\n',1,0,0,0,0,4009,'INهt'),('^\'^C^55f',0,0,0,0,0,4009,'?\Z>FBz\Z'),('g4O`:K',0,0,0,0,0,4004,'|L\"Bj'),('WkDa2d',0,0,0,0,0,4004,'LLb['),('VNrhx.',0,0,0,0,0,4008,'p<XF\n3'),('ȝ{Of',0,0,0,0,0,4003,'r(LG)<y'),('b@Di(W=',0,0,0,0,0,4010,'1K:j@['),('DRmM',0,0,0,0,0,4005,'j)CFtC\''),('\'Aƽ',0,0,0,0,0,4001,'%/<HZB3.'),('&E,c3',0,0,0,0,0,4003,'h\'\\\"BǥoŨ-S'),(':qN߽W7e',1,0,0,0,0,4002,'wpZPE8YO'),('=Hlͼhn',0,0,0,0,0,4009,'\'%DC=x'),('C*wH_`',0,0,0,0,0,4009,'̺I6aU'),('MnILnoܻ&',0,0,0,0,0,4009,'>@^\Z,B'),('[ouOߪ',0,0,0,0,0,4006,'B``Ko\''),('i*LHҭdSb7)',0,0,0,0,0,4008,'I!,Ol{'),('r!EC0',0,0,0,0,0,4007,'#amH+o!'),('xM@Fu!l',0,0,0,0,0,4006,'pXąE$d'),('v`AF.6;',4,0,0,0,0,4008,'X8Aj%1'),('D\r\n&$',1,0,0,0,0,4001,'c<1mC^aG'),('ٱUbGGE*\Z',0,0,0,0,0,4010,'g?NvYt'),('-!LHfc]k',0,0,0,0,0,4003,'3Ϊ}A0Ŵ'),('\"FԏJrD',0,0,0,0,0,4006,'mۺKn'),('ZuGG-cއ19',0,0,0,0,0,4007,'5myXF\rGC'),('͌$LNHܟFZLR\"',1,1,0,0,1,4004,'0MɗF4jz'),('tOjWY',0,0,0,0,0,4002,'QRJ ^G'),('T]Hͻ',1,0,0,0,1,4006,'?\rbIkht`|'),(')BɶEϓ<',0,0,0,0,0,4002,'A9ID	s܄'),('SGbҐm',0,0,0,0,0,4010,'A9ID	s܄'),('sHҠ5:o',1,0,0,0,0,4010,'QjG<_yV'),('l-Opas',0,0,0,0,0,4003,'@~A@ǅRK'),('%O81JȈZ{C',0,0,0,0,0,4005,'.ŷёBph_I'),(')[BSw',0,0,0,0,0,4002,'\\MGo'),('7Mu\ZBR',0,0,0,0,0,4008,'<N?߷JJô'),('I;G4K+',1,0,0,0,0,4001,'/hBU۠%2'),('a.#FMA/4^0P',0,0,0,0,0,4008,'W\0E+ @H'),('hK\'ZKK[@y)kR',2,0,0,0,0,4010,'W7=O77V)W'),('z2tG7PėM]u',0,0,0,0,0,4004,' WۧJӝ)'),('鋾+$GPgB',0,0,0,0,0,4006,'e*MR8%'),('q\'Br',1,0,0,0,0,4001,'#amH+o!'),('颡;Lq+ֳ',0,0,0,0,0,4003,'j)CFtC\''),('1\\@̼Ӹa',0,0,0,0,0,4009,'ژBMp]8'),('CgALmգ',0,0,0,0,0,4005,'۽O߶Ki,'),('oTG\"j2y',0,0,0,0,0,4002,'o}=|ImJ&'),('dIk}5%',0,0,0,0,0,4003,'KKHwݡk'),('# E_cw/n',0,0,0,0,0,4005,'/R_AG\0,E'),('#~pK{Y',0,0,0,0,0,4006,'xI@im?'),('),D~c',0,0,0,0,0,4006,'聾I'),('5+Gi) ',0,0,0,0,0,4006,'5GNw\Z'),(';]D\n8y',3,0,1,1,0,4004,'DiQyMe\"2'),('Lp@j8',1,0,0,0,1,4010,'l-rI0-'),('U*]Hύל',0,0,0,0,0,4008,']D\Zz¸'),('_Ff}ƟX0',0,0,0,0,0,4003,'ڔM-3֗'),('r!\"JWڀ',0,0,0,0,0,4003,'W\0E+ @H'),('rYN0*',0,0,0,0,0,4007,'KeKI9Sl.c'),('|AƯ# ',0,0,0,0,0,4002,'5myXF\rGC'),('G9˷a',1,0,0,0,0,4004,'$Hɺ\06'),('{@	GL|G',0,0,0,0,0,4009,'<ȈRLLǘРA]b'),('ʀ\'M?\n1C',0,0,0,0,0,4008,'.G֪H(a'),('꣩]B 𘀁',0,0,0,0,0,4009,'ULbCyeq'),('[>JHR\"R=',0,0,0,0,0,4005,'nNK%F&Io'),('ח5A~ULz',0,0,0,0,0,4007,'OFnGIL'),('LHGd',0,0,0,0,0,4003,'<ȈRLLǘРA]b'),('\0͊IZKM',0,0,0,0,0,4002,'4Fȝj'),('H6\"',0,0,0,0,0,4005,'1AFl::ܻ'),('\"8:OGoIk(',0,0,0,0,0,4007,'̺I6aU'),('%IcSL]',0,0,0,0,0,4003,'oH2W\r$'),('1ӍML:Z',0,0,0,0,0,4007,'cʙHhD9ӕg'),('R!70FszT',0,0,0,0,0,4003,'[28}Lُ('),('UxkH(w',0,0,0,0,0,4003,'|L\"Bj'),('hz}Hø5;\'.p',0,0,0,0,0,4009,'35@ARiBI'),('rNsC֟¸',0,0,0,0,0,4006,'b\"&N8ք'),('}!Ds#',2,0,0,0,0,4010,'OMjP\'0'),('f0H>S',0,0,0,0,0,4010,'֨@dVP$'),('냭JaUE',0,0,0,0,0,4010,'4H?Nv-6M='),('eE˂&G0C',0,0,0,0,0,4001,'Ղ5A߭DU<'),('A%Sf',3,0,0,0,0,4004,'yU/Fњ6İ.%/'),('ξUIPje',0,0,0,0,0,4004,'iqDBIb탥'),('ϗjLn, yA',0,0,0,0,0,4003,'-jK>SL(r'),('O_M߹&s',0,0,0,0,0,4006,'v&vI0K媵}'),('ֿGt\r`nE',1,0,0,0,0,4002,'wC>]J'),('ᝨJzd1iʗ',6,0,0,0,0,4008,'D37Wn'),('Nb)GVs	',0,0,0,0,0,4006,'=IGk0'),('S\'xIrid֞',0,0,0,0,0,4007,'<p\nDqYXY'),('?ZF\\MׂiI',0,0,0,0,0,4003,'4ALf.j($I'),('	Nm(Zf',0,0,0,0,0,4010,'4iAʐuA'),('/&A٨`6',0,0,0,0,0,4005,'~8L649'),('.iJ@\"o̂',0,0,0,0,0,4003,'xI@im?'),('2ŎArjt}',0,0,0,0,0,4002,'uYHQ̿'),('NtF.y>D(',0,0,0,0,0,4002,';$^Mp<'),('P 9XGWW<A{',1,0,0,0,0,4001,'{0Bɀ'),('b%SM	d5LJ',1,0,0,0,0,4001,'`;LKԭR)N'),('eDQRFj',0,0,0,0,0,4009,'<)N}wZ*'),('kM^G}댩',0,0,0,0,0,4008,'/yBYw'),('m1I~Յ~',0,0,0,0,0,4009,'#,@֝㝀'),('ng8SD1h8',0,0,0,0,0,4006,'&DC\Z+'),('l\r6\"I]',0,0,0,0,0,4010,'1\\DP'),('쌆\ZAf܉I;',0,0,0,0,0,4006,'93ןCҍ8d'),('r\0@ڦ',0,0,0,0,0,4003,'wؘyU6K\'TU5y'),('na@@9{',0,0,0,0,0,4010,'۽O߶Ki,'),('쮹D3a{ ',0,0,0,0,0,4008,':OF\Z2'),('qGs\rI7KPkB',0,0,0,0,0,4003,'\'pOSLMN'),('\0f|JCA[_',0,0,0,0,0,4003,'6HE]Գf9'),('EjMEz*1	',0,0,0,0,0,4008,'pcM8)pB'),('ogK|e',0,0,0,0,0,4009,' !{Dvo'),('!u;=G\rzq+\0$',0,0,0,0,0,4003,'X&L.ߪu{'),('.M*I^wQg',1,0,1,1,0,4004,'eؚLͶh_'),('qN 8',0,0,0,0,0,4005,'øA-M|Acq#'),('=6L_j\Zu',0,0,0,0,0,4004,'AŞɻg`'),('\\{N$6',1,0,0,0,0,4002,'9qA0,'),('^ޏC9Hᙆ',0,0,0,0,0,4005,' WۧJӝ)'),('4`L_*',0,0,0,0,0,4002,'eU%N?a6'),('_J6l0',0,0,0,0,0,4009,')-ýBP\\C\"'),('?\\Ę=5R3U',3,0,0,0,0,4004,'D37Wn'),('wzdA,S)\rkG-',0,0,0,0,0,4005,'CAHVNn'),('1R8C7#̖',1,0,0,0,0,4001,'\\@)%%MIk'),('-;G\'`n8g',1,0,1,5,0,4001,'~8L649'),('1uB#hW',0,0,0,0,0,4010,'@/mOJd'),('1ޞ_IͶd8+}',0,0,0,0,0,4002,'OFnGIL'),('7\'}`C\0Jp\rJ',1,0,0,0,0,4001,'CAHVNn'),('9SL;\0N',0,0,0,0,0,4007,'?BVOU'),('<Ft#d?a',0,0,0,0,0,4006,';$^Mp<'),('LL?O.ul',1,0,0,0,0,4001,'5myXF\rGC'),('N	]GiN4$',0,0,0,0,0,4005,'?O0@U'),('NJ߀,a',0,0,0,0,0,4001,',wh^Ng@GNH'),('gHf',0,0,0,0,0,4008,'CKf.C'),('{;H!A$',0,0,0,0,0,4006,'/YG欬g\0,'),('킺YIX8RwHj/',1,0,0,0,0,4010,'DiQyMe\"2'),('태@DcȄn',0,0,0,0,0,4005,'B``Ko\''),('탱\\IɅ',0,0,0,0,0,4010,'J\'(e94'),('̣۫I¥ڝ\"D',0,0,0,0,0,4003,'݃\0CIgH'),('эG\0*d5zB',0,0,0,0,0,4004,'7GOqV'),('&EJm}9',1,0,0,0,0,4010,'wO1'),('CصOÙY}o5\r!Z',0,0,0,0,0,4010,'#,@֝㝀'),('ڬHdNw',1,0,0,0,0,4001,']D\Zz¸'),('fDO=ID',0,0,0,0,0,4010,'Ǽ\0J;s'),('y1Mߠc',0,0,0,0,0,4002,'^SMmIn'),('OjkKl\"d]',0,0,0,0,0,4006,'?\Z>FBz\Z'),('g*@\'1` 0',1,0,0,0,0,4004,'2I-G=b'),('֋Nb}t7',0,0,0,0,0,4005,'}FNՀt>2'),('Š4H0',1,0,0,0,0,4001,'I.	E<x@'),('\rK@HAқ',0,0,0,0,0,4007,'ʬEvL(ʳ۶'),('\0D>Vc',0,0,0,0,0,4007,'FzA(F'),(')CVH^J[Nݶ',0,0,0,0,0,4007,'IJC􉉓[-?U'),('W|ӷHQno>bC',0,0,0,0,0,4003,'8-BEVj'),('[rJL %e\'',0,0,0,0,0,4006,'̐Z?BEyY'),('eULHaL2',1,0,0,0,0,4008,'\"f~2ILg]ko'),('hCěES}>',0,0,0,0,0,4003,'.WQHEL8͗\\'),(';Nvy(1e',8,0,0,0,0,4008,'ԣ@FGĶM'),('|[GOiNMpp',0,0,0,0,0,4005,'cʙHhD9ӕg'),('s%M\"i!',0,0,0,0,0,4001,'ŅdNYMΗ'),('禮AUp	z',0,0,0,0,0,4010,'聾I'),('!ID&{XV',1,0,0,0,0,4001,'aϿjCPdu'),('DU*ӔMI',0,0,0,0,0,4003,'*F3MH,'),('`	J(ǀke',0,0,0,0,0,4007,'W\0E+ @H'),('@  ',2,0,1,1,0,4004,'6tdH1˺'),('LG\'La=ؕܔ',0,0,0,0,0,4002,'R̳TqjJ\'=R8C'),('I5@W?abBE',2,0,0,0,0,4008,']LjMUK'),('aOΔhL0',0,0,0,0,0,4009,'^SMmIn'),('}5H$-&\r2',0,0,0,0,0,4009,';8Ej@l'),('&!Lo9',0,0,0,0,0,4005,'\" RLilIgS'),('5٨AԅQ$n',0,0,0,0,0,4004,'~puCJpx'),('8TJO?&֓b',1,0,0,0,0,4004,'Y0Z@d\0)/]L'),('H>?~0O}s1',0,0,0,0,0,4004,'^RIȟ.S-'),('`uH. fbO',2,0,0,0,0,4008,'K7yI<'),('ifCHh	F=j',5,0,0,0,0,4008,'9C8y\\h'),('tջ/OW=7h',0,0,0,0,0,4002,'Ղ5A߭DU<'),('ӑJCDO\'$',0,0,0,0,0,4003,'ޗN:Hx}'),(',E*',0,0,0,0,0,4010,',egf~A*?5e'),('(WdK\"}_6[',0,0,0,0,0,4010,'Kz@CӇ'),('Z7O(Yl4\\',0,0,0,0,0,4005,'=;A沕'),('9QLN֭1J',4,0,0,0,0,4008,'/YG欬g\0,'),('ßф!Kl~P',0,0,0,0,0,4005,'LCKHUBR'),('ȉEŜ$',0,0,0,0,0,4003,'OiJrQuDV,'),(',Duz];t',0,0,0,0,0,4003,'vqAN*~Z'),('ԟD!Sw',0,0,0,0,0,4006,'OFDfæ3'),('LyHI@(\Z',0,0,0,0,0,4009,'aGQg'),('PJa@\n\r',0,0,0,0,0,4007,'J(y('),('$L?',0,0,0,0,0,4009,']*I	r:'),('ͪoVG\Z',0,0,0,0,0,4007,'l-rI0-'),('&*cFr{p*',0,0,0,0,0,4005,'2I-G=b'),('5ћ_Ej*4ƈ',0,0,0,0,0,4008,'`.G%MM	'),('<1H\rDtI<',0,0,0,0,0,4009,'xɞL\r8`'),('EQ1Bu#',0,0,0,0,0,4006,'cʙHhD9ӕg'),('j@?\0',0,0,0,0,0,4005,'INهt'),('	qJڿj<s',0,0,0,0,0,4005,'L=O׼h,'),('ZsM\rg',0,0,0,0,0,4004,'Ѫ/CA	qX'),('/HvīfA',0,0,0,0,0,4004,'cs}OtqN'),('j\rM!LH9h',0,0,0,0,0,4009,'\ZlYLUt'),('K]RGLck',0,0,0,0,0,4009,'>Fi^'),('M8Kǝ8\\R',1,0,0,0,0,4004,'ug\rB^ö'),('V6MY0,\"',0,0,0,0,0,4009,'=IGk0'),('Q@@kYh̹\r',1,0,0,0,0,4006,' 	nJC\'K!'),('Fr@֝=,H',0,0,0,0,0,4006,'%7S@FJ7$'),('NrlKRx)',0,0,0,0,0,4003,'LCKHUBR'),('Y7EЀ!',0,0,0,0,0,4002,'x:x?MG@'),('os=EΜZr4',4,0,0,0,0,4008,'E>Ŗ'),('tɠ	G8?Zڟ',0,0,0,0,0,4002,'M>3~APEr:'),('wM3Ew[J1',0,0,0,0,0,4003,'T%߉@לM<'),('z?C53\"-',0,0,0,0,0,4002,'øA-M|Acq#'),('`iGsIa',2,0,0,0,0,4001,'k^B%c,'),('>mCglԎ',0,0,0,0,0,4005,'J(y('),(':gO\r',0,0,0,0,0,4007,'$BC-ίza'),('tG.ZMݠ}	Ic',0,0,0,0,0,4007,'9NOeɑ6^'),('/OO@2',0,0,0,0,0,4006,'ow\nn\r@hz.'),('$^J{OaT',0,0,0,0,0,4005,'$K۲'),('_\"N=Y',0,0,0,0,0,4002,'ԀAE'),('OBi',0,0,0,0,0,4009,'b\"&N8ք'),('ճKqi2bԚ;',0,0,0,0,0,4005,'o}=|ImJ&'),('a@N-J',0,0,0,0,0,4007,'\'\nGKDL0m'),(' BYH	T',0,0,0,0,0,4001,'Е,O{ՙ,\0'),('%vD43/n',0,0,0,0,0,4006,'A9ID	s܄'),('+)GG\"',0,0,0,0,0,4009,'aqhV<F\'4Uw+'),(',\\E妆',2,0,0,0,0,4004,'zΟ(DŃO'),('0KkF4R{',0,0,0,0,0,4002,'KKHwݡk'),('1sB)A_a',0,0,0,0,0,4002,'{D=N(Y.\'HP@'),('CGITy',0,0,0,0,0,4007,'dBέEY{A'),('QEψ.',0,0,0,0,0,4003,'R>NA#I}'),('W#n8Ecw{5',0,0,0,0,0,4006,'CAHVNn'),('X1;D<e5!Ql',2,0,0,0,0,4008,'Oā,/'),('nI@\"WU',2,0,0,0,0,4008,'ty:O9]zeb'),(',H̅$;',0,0,0,0,0,4006,'2pkFYP1q'),('<-@pF',2,0,0,0,0,4008,'eU%N?a6'),('b~Kٷ$M',0,0,0,0,0,4002,'0T]EgE'),('rقI/΀e!+',0,0,0,0,0,4003,'Kz@CӇ'),('\nQNH=ؠl',0,0,0,0,0,4001,'2\n<D<['),('R8@Z|N',0,0,0,0,0,4006,'Bu޺TAC9W'),('D+C\'/',1,0,0,0,0,4006,'ٷO{L'),('SDܴ',0,0,0,0,0,4009,'dBέEY{A'),('6C~fX',0,0,0,0,0,4006,'5P\"@#E,w'),(',Hxߪ̴',0,0,0,0,0,4002,'1AFl::ܻ'),('\"G1LFYsºo',1,0,0,0,0,4001,'Ǽ\0J;s'),('7GsCςq>$w5',1,0,0,0,0,4001,'Kz@CӇ'),('VHOr\"_',0,0,0,0,0,4001,'eؚLͶh_'),('Z5Mǚl8',0,0,0,0,0,4004,'aqhV<F\'4Uw+'),('\radbNj_[',0,0,0,0,0,4002,'-jK>SL(r'),('}UC\Z !dNZ&',0,0,0,0,0,4010,'LCKHUBR'),('D&K\rfI}:',0,0,0,0,0,4009,'\\/rNO+x7b'),('xI@b]v#',0,0,0,0,0,4003,'S<otJ6J:G'),('A)A۟؟',0,0,0,0,0,4007,'4Fȝj'),('lG\r#/ڣ',0,0,0,0,0,4009,';7K(ʦ'),(']&xA=U(',0,0,0,0,0,4009,'%/<HZB3.'),('\nfFT.Rg',1,0,0,0,0,4001,'wO1'),(')IկA\0',0,0,0,0,0,4007,'4$iK4Xa(U*'),('J5Yd',0,0,0,0,0,4001,'G~QK0r%:@'),('2ǭN͑5 ',0,0,0,0,0,4002,'l\0sL&|'),(';@ν>B3',2,0,0,0,0,4006,'CHۢ|W	'),('?XN3i=h',0,0,0,0,0,4009,'wؘyU6K\'TU5y'),('JĜN2%\r',1,0,0,0,0,4001,'?>O<K3'),(']k7NW9=',0,0,0,0,0,4005,'<\"B߲'),('mpOր>}z',0,0,0,0,0,4004,'	](cD(Q)F-r-'),('sQO;@\"^E;',0,0,0,0,0,4001,'93ןCҍ8d'),('+MދT',0,0,0,0,0,4004,'WiL<Lpގ'),('ёBrUfr_',1,0,0,0,0,4002,'8-BEVj'),('xN$J.',0,0,0,0,0,4007,'mۺKn'),('M̴h\0',2,0,0,0,0,4010,'akKAJs~	'),('XtJxA',1,0,0,0,1,4008,'Z}NM2{:[5'),('fV>H_TCd',0,0,0,0,0,4005,'$Z\rp@7ȼ'),('òJk\n|',0,0,0,0,0,4004,'&Q*H\'n{'),('̓6lN\\+z',1,0,0,0,0,4008,'OBK82I>~'),('2E^Hl&~!',1,0,0,0,0,4007,'c5J\\('),('uuN_,q9x',0,0,0,0,0,4007,'aϿjCPdu'),('ל~G|%',2,0,2,2,0,4004,'R̳TqjJ\'=R8C'),('c\'B+D',0,0,0,0,0,4007,'i\"XrF]|K8c'),('+gM;z',0,0,0,0,0,4002,'\0=GIpޫz'),('	dN\\',0,0,0,0,0,4001,'BO66R='),('.iLەӥ',0,0,0,0,0,4004,'(K\r2\ry?'),(',H:.n2p',0,0,0,0,0,4006,'rZIOL'),('*BKIQΪ<֮',1,0,0,0,0,4009,'BEXJ'),('$\0V\\HΒ&L<q:',8,0,0,0,0,4008,'9NOeɑ6^'),('$Gܥ?8ꂡ',1,0,0,0,0,4009,'1K:j@['),('0xt\'SMWxm',0,0,0,0,0,4006,'^SMmIn'),('1+^MN,T@',1,0,0,0,0,4004,'ɠ/FRI'),('9,>D)E0',0,0,0,0,0,4010,'Ղ5A߭DU<'),('T+B\"@',0,0,0,0,0,4007,'\'!@D+ѽh'),('_cK	Ə4',0,0,0,0,0,4005,'Gu.߶sh	%'),('cgFjV',0,0,0,0,0,4008,';$^Mp<'),('uHȺP\Zt?g',0,0,0,0,0,4005,'%7S@FJ7$'),('KUCk_',0,0,0,0,0,4006,'[3F5I7aD0'),('q9N׋uH',0,0,0,0,0,4001,'zfΰH`_'),('m(r@2܆.',5,0,2,2,0,4004,'ow\nn\r@hz.'),('%_O٦&T6',0,0,0,0,0,4005,'D37Wn'),('.ȞD֫WuU@o',0,0,0,0,0,4005,'0IW/B._՝'),('Mlp4',0,0,0,0,0,4007,'P_enE1}pf'),('Ը9cN\'g',0,0,0,0,0,4003,'Z.Ck%S'),(':;LNݰGm)G',0,0,0,0,0,4010,'\\&G&4N'),('0JAi`',0,0,0,0,0,4006,'XaA2јj'),('H4F^ؼ',0,0,0,0,0,4002,'ilh@@\nZ0d'),('dp@@޹2',0,0,0,0,0,4010,'A[WH_<k)'),('\nČDƣI$',0,0,0,0,0,4002,'	](cD(Q)F-r-'),('CچH?*_0',0,0,0,0,0,4002,'!kHI[,9.'),('\r+KV\r\r',0,0,0,0,0,4006,'\'!@D+ѽh'),('yLG\"v',0,0,0,0,0,4003,'ĝs^Kj0G'),('U^Ib^kz',2,0,0,0,0,4010,'}W-Bհ:MyP5'),('(2KzM(',0,0,0,0,0,4007,'3]M͓o*t_'),('9HG]AKb',1,0,0,0,0,4007,'ؔAա+C@'),('A!GoK|*R|',0,0,0,0,0,4009,'yU/Fњ6İ.%/'),('IÈcAdF9e',0,0,0,0,0,4006,'R-UrB(F/>'),('K6O	)',1,0,0,0,0,4001,'LmȪNBbmn$='),('uJWO8P\\:\"',0,0,0,0,0,4003,'\\\'JJRJT	'),('{&[Ax+',0,0,0,0,0,4001,'ՓCNBXJۄ{\''),('|AA񡚳Ha',0,0,0,0,0,4004,'[bZsG9F'),('~LG%D',1,0,0,0,0,4001,'LJ)Z#|'),('=,IΊOQ',0,0,0,0,0,4003,'pcM8)pB'),('נA1\Z',0,0,0,0,0,4003,'P\"KbJ~'),('kG⑴	',1,0,0,0,0,4002,'uJ%TO_sT'),('x uxFb<P\\sj',0,0,0,0,0,4004,'L\ZfYJO'),('oIe\Zhe',0,0,0,0,0,4001,'\rYRNUk2Z'),('$qK',1,1,1,1,0,4004,'nNK%F&Io'),('xN$x',0,0,0,0,0,4006,'֨@dVP$'),('̓O\rtvW',0,0,0,0,0,4005,'g?NvYt'),('в8@R- |HS#',0,0,0,0,0,4002,'2I-G=b'),('\n7:.E|u',0,0,0,0,0,4008,'HbHb'),('d@Dy@\'',0,0,0,0,0,4005,'ٷO{L'),('04{NhX^',1,0,1,5,0,4002,'KiGaQ#\0&'),('FCهt',3,0,0,0,0,4008,'*=KrFv'),('nKTuWA',0,0,0,0,0,4009,'7!JN07j'),('A\rC\'ͻD#',0,0,0,0,0,4003,'>Fi^'),('>ٸNΜ[D,',0,0,0,0,0,4003,'IqCA({'),('OHfHT`7',0,0,0,0,0,4009,'G֜I&\'T'),('SPH\rVjf',1,0,1,10,0,4002,'̐Z?BEyY'),('U29MF\r|\\L',0,0,0,0,0,4003,'zfΰH`_'),('UaJ\'5Z)v',0,0,0,0,0,4004,'`iwCX<bhj'),('zk7Jܜ궰',0,0,0,0,0,4003,'NkLJl0G,U'),('{O|yѲ%',0,0,0,0,0,4003,'?O0@U'),('ez@C_B',0,0,0,0,0,4006,'$Hɺ\06'),('`DNB샹@͡',1,0,0,0,0,4001,'wpZPE8YO'),(':[\ZWCHu<',0,0,0,0,0,4009,'8Dj@S.س~g'),('bίOZ',0,0,0,0,0,4009,'ƘgAZhto'),('Grr~E',0,0,0,0,0,4004,'\rYRNUk2Z'),('3N^q ',0,0,0,0,0,4005,'@+HGn~؏'),('I#PsV',0,0,0,0,0,4001,'@~A@ǅRK'),('o)Jo\'~',0,0,0,0,0,4009,']\nŜ <F^sa-7&'),('ﵻ\nErΚW',0,0,0,0,0,4005,'DESE!\\D'),('XJ,	',0,0,0,0,0,4002,'aGQg'),(']D]7',0,0,0,0,0,4006,'\"r7NlQE'),('&U\ZHhL',1,0,1,13,0,4002,'v4I\"+Ge'),('9ٓE5{_N',4,0,0,0,0,4008,'KeKI9Sl.c'),(' TF]dO=',1,0,0,0,0,4001,'9a^gNfcƳ'),('\"v^)?Kt',0,0,0,0,0,4007,'.WQHEL8͗\\'),('%}~{NoBq ^\0',0,0,0,0,0,4002,'9a^gNfcƳ'),('(IHO[',0,0,0,0,0,4006,'ޗN:Hx}'),('5O\0>^DEMLKK',0,0,0,0,0,4002,'Y>KJIz'),('Do/CƊ',0,0,0,0,0,4002,'[SMc!~X]'),('[=,K@˶f0(',0,0,0,0,0,4002,'?>O<K3'),('kWVI]o]I',0,0,0,0,0,4010,'.iJOEo[	DC'),('v~GOL',0,0,0,0,0,4006,'8-BEVj'),('w|hmKcXSC',1,0,0,0,0,4002,'J	D$X'),('yvJev\'c',1,0,0,0,0,4002,'䫳OAM6KϽ'),('~~Ag\\\r8v',0,0,0,0,0,4007,'=IGk0'),('HGޟ_',1,0,0,0,0,4001,'IfAUZܓ2N'),('_@M<x˂',0,0,0,0,0,4006,'H,WFߜw'),('^C\'5j',0,0,0,0,0,4009,'\\\'JJRJT	'),('l0H=,3',0,0,0,0,0,4002,'0VGGA^\\V'),('ݖHqsPͿY{5',5,0,0,0,0,4008,'=IGk0'),('˶!/KFc2',1,0,0,0,0,4001,'dBέEY{A'),('L/Nˤl[\\',0,0,0,0,0,4010,'eؚLͶh_'),('#,@٨V?)',0,0,0,0,0,4001,'sՃ\'D\n\"'),('C	J\"NnG',0,0,0,0,0,4002,'mKD\"%:`'),(',%ŌLze?',0,0,0,0,0,4010,'<N?߷JJô'),('2_`N`g	',0,0,0,0,0,4006,'iVLj5{'),('*d(@qHۇ',0,0,0,0,0,4001,'0IW/B._՝'),('/MKk',1,1,1,13,1,4002,'&DC\Z+'),('31y?xBk;',0,0,0,0,0,4009,'&LT;c'),('B]AܿZ',0,0,0,0,0,4007,'LcNU Y'),('QaqNȃd',0,0,0,0,0,4009,'~puCJpx'),('bŇLH%',0,0,0,0,0,4002,'5%⪅Cʙj W'),('|SKrCg벦%',0,0,0,0,0,4009,'zvnLђ<_'),('P,8Bզ',0,0,0,0,0,4006,'4pL>@F=\r/S'),('5C?96',0,0,0,0,0,4010,'cɡJxJzR'),('SJ<ntO	]',0,0,0,0,0,4003,'SԂAYAtQ.'),('$_G3JT`',0,0,0,0,0,4005,'\\BJO>]b('),('S&NW',0,0,0,0,0,4002,'CAHVNn'),('X<Nyvluy',0,0,0,0,0,4003,'&1O~2b6\Z_'),('6/=BG2\\',3,0,0,0,0,4008,'6}JY.Iv$x6'),('hxJ\"`i',0,0,0,0,0,4007,'qAXQr@t6j'),('\\Es{',0,0,0,0,0,4001,'r\0KS'),('sН@\Z2JF',0,0,0,0,0,4010,'>Fi^'),('<J\"',0,0,0,0,0,4004,'#[9cEǚ'),('ǆDO䔏$*@r',1,0,0,0,0,4007,'BO66R='),(' G5zJs{:lp	',1,0,0,0,0,4001,'ty:O9]zeb'),('#mߟN͜',0,0,0,0,0,4005,';ݍEIo'),(')WyDӯ_9Cf',0,0,0,0,0,4009,'\"f~2ILg]ko'),('-EB4%{w',0,0,0,0,0,4004,'<p\nDqYXY'),('2?eQMnatdN;',1,0,0,0,0,4002,'z93rGG1WUHS'),('6çNLss',0,0,0,0,0,4007,'=ʊHDU zFEv'),('A-ArOX\'ס',0,0,0,0,0,4010,'b\"&N8ք'),('B#\Z0VIƅ`c',0,0,0,0,0,4007,'FG^~JT'),('Q\\H[+w!R',1,0,0,0,0,4004,'5GNw\Z'),('b,D4X',0,0,0,0,0,4001,'ePD`~$Z'),('ZEņk4',0,0,0,0,0,4001,'[3F5I7aD0'),('kJ$',2,0,0,0,0,4007,'d\nTFf k<'),('>ecpB>3++',0,0,0,0,0,4009,'/SJ\ZAGI?'),('\"5Mnhq|',0,0,0,0,0,4003,'c4SIj\0]clj3'),('O3CPZ=',1,0,0,0,0,4008,'gݪ&@( ݋QF]'),('!nEQb',0,0,0,0,0,4006,'iqDBIb탥'),('\n[Aһ/bA\ZQC',0,0,0,0,0,4009,'.iJOEo[	DC'),('NG\\m',1,0,0,0,0,4002,'5P\"@#E,w'),('3Mwo',0,0,0,0,0,4001,'W7=O77V)W'),('懽Nو :zIv',1,0,0,0,0,4002,'\nJMJs /'),('9Oݭ9/4',0,0,0,0,0,4006,'\\&G&4N'),('DRHKĈ?W',0,0,0,0,0,4008,'/SJ\ZAGI?'),('L녘(OƤZ\Zx',0,0,0,0,0,4006,'TK0M4\Z '),('`¾C~\'',0,0,0,0,0,4007,'կBA5:\0'),('a{[N5\n)k',1,0,0,0,0,4004,'9qA0,'),('i:&AS\n̾ߚ',0,0,0,0,0,4010,'wC>]J'),('kw$+Nhk(J:',0,0,0,0,0,4009,'mKD\"%:`'),('pkCp',0,0,0,0,0,4004,'LmȪNBbmn$='),('x$Fʦt',0,0,0,0,0,4005,'/SJ\ZAGI?'),('z<acHs95',0,0,0,0,0,4005,'FzA(F'),('|\rC˽E۟',0,0,0,0,0,4008,'AOI2G'),('8wqHuҎ',1,0,0,0,0,4001,'nEG4yk<'),('D<DNRB{',0,0,0,0,0,4010,'/hBU۠%2'),('qDCi,zȺ',0,0,0,0,0,4009,'?BVOU'),('jG(+<j',0,0,0,0,0,4003,'zN73NOꗭ\\?`<'),('2tJl',0,0,0,0,0,4009,'nNK%F&Io'),('rK݉Q',0,0,0,0,0,4006,'5myXF\rGC'),('KѩL\n',0,0,0,0,0,4010,'=IGk0'),('mZFp$G~z\Z',0,0,0,0,0,4005,'̺I6aU'),('aA,G>y',0,0,0,0,0,4003,'`iwCX<bhj'),(';%X$M3&\'',10,0,0,0,0,4010,' !{Dvo'),('qC)zd\Z>',3,0,0,0,0,4008,'BG7Fk.#>'),('BG\0T\nDH',0,0,0,0,0,4009,')H	!N\0\''),('1^Lǣ}Tg^',0,0,0,0,0,4006,'@~A@ǅRK'),('\"Y,\\Ha`3z',0,0,0,0,0,4005,'k^B%c,'),('JYr$K߄^&(',0,0,0,0,0,4005,'=ʊHDU zFEv'),('OOI[fQ',0,0,0,0,0,4005,'pXąE$d'),('\\n\0CWhʯ_',3,0,2,2,0,4004,'R>NA#I}'),('*CCE<-',0,0,0,0,0,4007,'/YG欬g\0,'),('rO;l',1,0,0,0,0,4010,'ePD`~$Z'),('d\rdBݢo\0\'#\0',0,0,0,0,0,4005,'df%N*1&1 &'),('(=yF,oe',1,0,0,0,0,4010,'}FBSt'),('Cay@\"',0,0,0,0,0,4008,'KKHwݡk'),('(\nK$=',0,0,0,0,0,4005,'4$iK4Xa(U*'),('9bDAm1oG',0,0,0,0,0,4004,'҅	F/ҘI'),('lK;NOu',0,0,0,0,0,4010,';FZާ\r'),('Xߤ8@V1Ègf',0,0,0,0,0,4005,'p/[Jh악=;'),('#;ڌC9e I',3,0,0,0,0,4001,'Hd+HH)`'),('%-$-H{\0#w',1,0,0,0,0,4001,'xɞL\r8`'),('3BS@7',1,0,0,0,0,4006,'4H?Nv-6M='),('@:O\'&',0,0,0,0,0,4010,'t\0F\ZQN?'),('IAߕ	rS',1,0,1,1,0,4004,'wP$H>ѣ-F'),('X^V5B.@M\\',1,0,0,0,0,4010,'kS^PFO\nj'),('dGoG \'G',0,0,0,0,0,4006,')-ýBP\\C\"'),('f8@\rcml',0,0,0,0,0,4003,'Bu޺TAC9W'),('gf@PȉQ[$',0,0,0,0,0,4004,'5P\"@#E,w'),('r+,KK#Q5z',0,0,0,0,0,4007,'}W-Bհ:MyP5'),('|\0*pyI8v',1,0,0,0,0,4001,'=ʊHDU zFEv'),('`~K[?1',0,0,0,0,0,4003,'4H?Nv-6M='),('d6Kգ!',0,0,0,0,0,4007,'݃\0CIgH'),('J-d',0,0,0,0,0,4005,'\\&G&4N'),('rOšKU',1,0,0,0,0,4002,'<ŵIz!'),('TrLC	(o)',0,0,0,0,0,4005,'4ALf.j($I'),('롼Hb#ޠ8',0,0,0,0,0,4010,'>mAI4%UT'),('x@Ze',0,0,0,0,0,4003,'\'%DC=x'),('œ|GfI~-\'',1,0,0,0,0,4007,'>C@7\ZƧ]'),('ѼOwHTAv',0,0,0,0,0,4004,'uLlLTp:'),('7Nx#hQ2',0,0,0,0,0,4004,'tk?BI+[a'),(')Mq܈旜s',3,0,1,1,0,4004,'1\\\n1FӳG\"M\0'),('3K޻x@!',0,0,0,0,0,4006,'@+HGn~؏'),('c$L8\0-',0,0,0,0,0,4009,'DESE!\\D'),('t@CO^姒=',0,0,0,0,0,4007,'۽O߶Ki,'),('v@AA;8y\Z|',0,0,0,0,0,4007,'0\0L$#*g'),('\n<R)Aϩ',0,0,0,0,0,4002,'CHۢ|W	'),('G\rAF[Gk3',0,0,0,0,0,4005,')-ýBP\\C\"'),('G2B/B%',2,0,0,0,0,4008,'aLV'),('#hA8Γu',0,0,0,0,0,4002,'cYSLL	['),('ĺH9}Q',0,0,0,0,0,4002,'KeKI9Sl.c'),('/@Xz.%U',0,0,0,0,0,4002,'ؔAա+C@'),('wx^iOכֿ8',1,0,0,0,0,4001,'cs}OtqN'),('$(\ZB>֬r',0,0,0,0,0,4006,'6tdH1˺'),('+rByC0Z}',0,0,0,0,0,4010,'KeKI9Sl.c'),('1^DZd',0,0,0,0,0,4010,'nEG4yk<'),('BwDA͑c9^\n',0,0,0,0,0,4003,'HaJN^9C@\r'),('O7n+H_\"Fu!',0,0,0,0,0,4009,'u}GN@e|}'),('QxHdIXX',1,0,0,0,0,4001,']LjMUK'),('dW%L<1O',0,0,0,0,0,4008,'\'E~MoD'),('y}I k԰;',0,0,0,0,0,4005,'M>3~APEr:'),('R~NHQi8\r',0,0,0,0,0,4007,'NPC@OXS'),('o\0]L	X(',0,0,0,0,0,4002,'V&*ߔc@j,\r,'),('\0La(׌I',0,0,0,0,0,4009,'(hOu?؅@Ӽ'),('ƉNzvȽ',6,0,0,0,0,4008,'!LX.zX'),('Ļ@TH<֠',0,0,0,0,0,4002,'[28}Lُ('),('~C]T',0,0,0,0,0,4009,'MMW`'),('B\\6AJl',9,0,0,0,0,4008,'Y>KJIz'),('n/CF)b',0,0,0,0,0,4003,'ePD`~$Z'),('OG\n摯',0,0,0,0,0,4002,'Ǽ\0J;s'),('J\n@gr=',0,0,0,0,0,4009,'X&L.ߪu{'),('BF*j،',1,0,0,0,0,4001,'gݪ&@( ݋QF]'),('\0K,]G',2,0,0,0,0,4010,'9䤨v@x+\"'),('\rMHZNrs',0,0,0,0,0,4002,'F	;=GH{3'),('QÀD9F̈́}',0,0,0,0,0,4002,'$Z\rp@7ȼ'),('vM	 ~xN',0,0,0,0,0,4005,'3\0ĕcL{Lm'),('1aZKg<',1,0,0,0,0,4008,'%mGȧkQd@'),('8~CVQwTl',3,0,1,1,0,4004,'ZF%bN5'),('?Cm{G',0,0,0,0,0,4008,'g?NvYt'),('mEh 0',0,0,0,0,0,4009,'h\'\\\"BǥoŨ-S'),('Gyq',2,0,2,2,0,4004,'1\\DP'),('fGvln',1,0,0,0,0,4008,'aqhV<F\'4Uw+'),('EbKR. ',0,0,0,0,0,4007,'ڊ5Kʴ{\Z\":'),('r+DR-M',1,0,0,0,0,4001,'#[9cEǚ'),('y7IA5YPn',0,0,0,0,0,4005,'6HE]Գf9'),('`H{4',0,0,0,0,0,4007,'~8L649'),('U\Z0CG',0,0,0,0,0,4006,'\'E~MoD'),('5JnA%x',1,0,0,0,0,4010,'KKHwݡk'),('I$/+)',0,0,0,0,0,4006,'(hOu?؅@Ӽ');

/*Table structure for table `Labels` */

DROP TABLE IF EXISTS `Labels`;

CREATE TABLE `Labels` (
  `id` int(11) NOT NULL AUTO_INCREMENT COMMENT 'Id del label',
  `value` varchar(250) CHARACTER SET utf8 DEFAULT NULL COMMENT 'Valor',
  `tableElementId` int(11) NOT NULL COMMENT 'Id de la tabla de elementos',
  `languageId` int(11) NOT NULL COMMENT 'Id del idioma',
  PRIMARY KEY (`id`),
  UNIQUE KEY `UQ_Labels_id` (`id`),
  KEY `languageId` (`languageId`),
  KEY `tableElementId` (`tableElementId`),
  CONSTRAINT `FK_Labels_Languages` FOREIGN KEY (`languageId`) REFERENCES `Languages` (`id`) ON UPDATE CASCADE,
  CONSTRAINT `FK_Labels_TableElements` FOREIGN KEY (`tableElementId`) REFERENCES `TableElements` (`id`) ON DELETE CASCADE ON UPDATE CASCADE
) ENGINE=InnoDB AUTO_INCREMENT=136 DEFAULT CHARSET=latin1 COMMENT='Literales';

/*Data for the table `Labels` */

insert  into `Labels`(`id`,`value`,`tableElementId`,`languageId`) values (1,'Vigilancia',1001,1),(2,'Vigilancia',1001,2),(4,'Control',1002,1),(5,'Control',1002,2),(7,'Inspeccionada',2001,1),(8,'Inspeccionada',2001,2),(10,'Cerrada',2002,1),(11,'Cerrada',2002,2),(13,'Renuente',2003,1),(14,'Renuente',2003,2),(16,'Abandonada',2004,1),(17,'Abandonada',2004,2),(19,'Planificada',3001,1),(20,'Planificada',3001,2),(22,'Activa',3002,1),(23,'Activa',3002,2),(25,'Realizada',3003,1),(26,'Realizada',3003,2),(28,'Cancelada',3004,1),(29,'Cancelada',3004,2),(46,'Floreros',4006,1),(47,'Floreros',4006,2),(55,'Huevo',5001,1),(56,'Huevo',5001,2),(58,'Larva',5002,1),(59,'Larva',5002,2),(61,'Pupa',5003,1),(62,'Pupa',5003,2),(64,'Adulto',5004,1),(65,'Adulto',5004,2),(67,'Dolor de cabeza muy intenso',6001,1),(68,'Dolor de cabeza muy intenso',6001,2),(70,'Dolor detrás de los globos oculares',6002,1),(71,'Dolor detrás de los globos oculares',6002,2),(73,'Dolores musculares',6003,1),(74,'Dolores musculares',6003,2),(76,'Dolor en las articulaciones',6004,1),(77,'Dolor en las articulaciones',6004,2),(79,'Náuseas',6005,1),(80,'Náuseas',6005,2),(82,'Vómitos',6006,1),(83,'Vómitos',6006,2),(88,'Planificado',7001,1),(89,'Planificado',7001,2),(91,'En curso',7002,1),(92,'En curso',7002,2),(94,'Terminado',7003,1),(95,'Terminado',7003,2),(97,'Cancelado',7004,1),(98,'Cancelado',7004,2),(100,'Foco detectado en una vivienda',8001,1),(101,'Foco detectado en una vivienda',8001,2),(103,'Muestra confirmada positivo por el laboratorio',8002,1),(104,'Muestra confirmada positivo por el laboratorio',8002,2),(106,'Se han registrado febriles en una vivienda',8003,1),(107,'Se han registrado febriles en una vivienda',8003,2),(109,'El escenario a pasado al nivel 3',8004,1),(110,'El escenario a pasado al nivel 3',8004,2),(112,'Tiene un nuevo informe consolidado disponible',8005,1),(113,'Tiene un nuevo informe consolidado disponible',8005,2),(115,'Tanque Elevado',4001,1),(116,'Tanque Elevado',4001,2),(117,'Tanque Bajo',4002,1),(118,'Tanque Bajo',4002,2),(119,'Canaletas',4003,1),(120,'Canaletas',4003,2),(121,'Barriles/Toneles',4004,1),(122,'Barriles/Toneles',4004,2),(123,'Cántaro de Barro',4005,1),(124,'Cántaro de Barro',4005,2),(125,'Llantas',4007,1),(126,'Llantas',4007,2),(127,'Tinas/Baldes/Bateas',4008,1),(128,'Tinas/Baldes/Bateas',4008,2),(129,'Ollas',4009,1),(130,'Ollas',4009,2),(132,'Otros',4010,1),(133,'Otros',4010,2),(134,'Agrandamiento de ganglios linfáticos',6007,1),(135,'Agrandamiento de ganglios linfáticos',6007,2);

/*Table structure for table `Languages` */

DROP TABLE IF EXISTS `Languages`;

CREATE TABLE `Languages` (
  `id` int(11) NOT NULL AUTO_INCREMENT COMMENT 'Id del idioma',
  `code` varchar(10) CHARACTER SET utf8 NOT NULL COMMENT 'Código del idioma',
  `name` varchar(200) CHARACTER SET utf8 NOT NULL COMMENT 'Nombre del idioma',
  PRIMARY KEY (`id`),
  UNIQUE KEY `UQ_Languages_id` (`id`)
) ENGINE=InnoDB AUTO_INCREMENT=3 DEFAULT CHARSET=latin1 COMMENT='Idiomas';

/*Data for the table `Languages` */

insert  into `Languages`(`id`,`code`,`name`) values (1,'es','Español'),(2,'en','English');

/*Table structure for table `Modules` */

DROP TABLE IF EXISTS `Modules`;

CREATE TABLE `Modules` (
  `id` int(11) NOT NULL AUTO_INCREMENT COMMENT 'Id del modulo',
  `verb` varchar(10) CHARACTER SET utf8 NOT NULL COMMENT 'Tipo de llamada http (GET, POST, PUT, DELETE,...)',
  `module` varchar(50) CHARACTER SET utf8 NOT NULL COMMENT 'Modulo (/users, ...)',
  PRIMARY KEY (`id`),
  UNIQUE KEY `UQ_Modules_id` (`id`)
) ENGINE=InnoDB AUTO_INCREMENT=52 DEFAULT CHARSET=latin1 COMMENT='Modulos asociados a la API';

/*Data for the table `Modules` */

insert  into `Modules`(`id`,`verb`,`module`) values (1,'GET','/account'),(2,'PUT','/account'),(3,'GET','/alerts'),(4,'PUT','/alerts'),(5,'GET','/areas'),(6,'POST','/areas'),(7,'PUT','/areas'),(8,'DELETE','/areas'),(9,'GET','/elements'),(10,'POST','/elements'),(11,'PUT','/elements'),(12,'DELETE','/elements'),(13,'GET','/houses'),(14,'POST','/houses'),(15,'PUT','/houses'),(16,'DELETE','/houses'),(17,'GET','/inspections'),(18,'POST','/inspections'),(19,'PUT','/inspections'),(20,'DELETE','/inspections'),(21,'GET','/languages'),(22,'GET','/plans'),(23,'POST','/plans'),(24,'PUT','/plans'),(25,'DELETE','/plans'),(26,'GET','/profiles'),(27,'POST','/reportlines'),(28,'PUT','/reportlines'),(29,'DELETE','/reportlines'),(30,'GET','/reports'),(31,'POST','/reports'),(32,'PUT','/reports'),(33,'DELETE','/reports'),(34,'POST','/samples'),(35,'GET','/scenes'),(36,'POST','/scenes'),(37,'PUT','/scenes'),(38,'DELETE','/scenes'),(39,'GET','/sync'),(40,'POST','/sync'),(41,'GET','/tables'),(42,'POST','/tables'),(43,'PUT','/tables'),(44,'DELETE','/tables'),(45,'GET','/users'),(46,'POST','/users'),(47,'PUT','/users'),(48,'DELETE','/users'),(49,'GET','/visits'),(50,'GET','/samples'),(51,'POST','/maps');

/*Table structure for table `Permissions` */

DROP TABLE IF EXISTS `Permissions`;

CREATE TABLE `Permissions` (
  `id` int(11) NOT NULL AUTO_INCREMENT COMMENT 'Id del permiso',
  `profileId` int(11) NOT NULL COMMENT 'Id del perfil',
  `moduleId` int(11) NOT NULL COMMENT 'Id del modulo',
  PRIMARY KEY (`id`),
  UNIQUE KEY `UQ_Permissions_id` (`id`),
  KEY `moduleId` (`moduleId`),
  KEY `profileId` (`profileId`),
  CONSTRAINT `FK_Permissions_Modules` FOREIGN KEY (`moduleId`) REFERENCES `Modules` (`id`) ON UPDATE CASCADE,
  CONSTRAINT `FK_Permissions_Profiles` FOREIGN KEY (`profileId`) REFERENCES `Profiles` (`id`) ON UPDATE CASCADE
) ENGINE=InnoDB AUTO_INCREMENT=309 DEFAULT CHARSET=latin1 COMMENT='Permisos concedidos a perfiles sobre modulos de la API';

/*Data for the table `Permissions` */

insert  into `Permissions`(`id`,`profileId`,`moduleId`) values (1,1,1),(2,1,2),(3,1,3),(4,1,4),(5,1,5),(6,1,6),(7,1,7),(8,1,8),(9,1,9),(10,1,10),(11,1,11),(12,1,12),(13,1,13),(14,1,14),(15,1,15),(16,1,16),(17,1,17),(18,1,18),(19,1,19),(20,1,20),(21,1,21),(22,1,22),(23,1,23),(24,1,24),(25,1,25),(26,1,26),(27,1,27),(28,1,28),(29,1,29),(30,1,30),(31,1,31),(32,1,32),(33,1,33),(34,1,34),(35,1,35),(36,1,36),(37,1,37),(38,1,38),(39,1,39),(40,1,40),(41,1,41),(42,1,42),(43,1,43),(44,1,44),(45,1,45),(46,1,46),(47,1,47),(48,1,48),(49,1,49),(64,2,39),(65,2,40),(67,3,1),(68,3,2),(69,3,3),(70,3,4),(71,3,5),(72,3,6),(73,3,7),(74,3,8),(75,3,9),(76,3,10),(77,3,11),(78,3,12),(79,3,13),(80,3,14),(81,3,15),(82,3,16),(83,3,17),(84,3,18),(85,3,19),(86,3,20),(87,3,21),(88,3,22),(89,3,23),(90,3,24),(91,3,25),(92,3,26),(93,3,27),(94,3,28),(95,3,29),(96,3,30),(97,3,31),(98,3,32),(99,3,33),(100,3,34),(101,3,35),(102,3,36),(103,3,37),(104,3,38),(105,3,39),(106,3,40),(107,3,41),(108,3,42),(109,3,43),(110,3,44),(111,3,45),(112,3,46),(113,3,47),(114,3,48),(115,3,49),(130,4,1),(131,4,2),(132,4,3),(133,4,4),(134,4,5),(135,4,6),(136,4,7),(137,4,8),(138,4,9),(139,4,10),(140,4,11),(141,4,12),(142,4,13),(143,4,14),(144,4,15),(145,4,16),(146,4,17),(147,4,18),(148,4,19),(149,4,20),(150,4,21),(151,4,22),(152,4,23),(153,4,24),(154,4,25),(155,4,26),(156,4,27),(157,4,28),(158,4,29),(159,4,30),(160,4,31),(161,4,32),(162,4,33),(163,4,34),(164,4,35),(165,4,36),(166,4,37),(167,4,38),(168,4,39),(169,4,40),(170,4,41),(171,4,42),(172,4,43),(173,4,44),(174,4,45),(175,4,46),(176,4,47),(177,4,48),(178,4,49),(193,5,1),(194,5,2),(195,5,3),(196,5,4),(197,5,5),(198,5,6),(199,5,7),(200,5,8),(201,5,9),(202,5,10),(203,5,11),(204,5,12),(205,5,13),(206,5,14),(207,5,15),(208,5,16),(209,5,17),(210,5,18),(211,5,19),(212,5,20),(213,5,21),(214,5,22),(215,5,23),(216,5,24),(217,5,25),(218,5,26),(219,5,27),(220,5,28),(221,5,29),(222,5,30),(223,5,31),(224,5,32),(225,5,33),(226,5,34),(227,5,35),(228,5,36),(229,5,37),(230,5,38),(231,5,39),(232,5,40),(233,5,41),(234,5,42),(235,5,43),(236,5,44),(237,5,45),(238,5,46),(239,5,47),(240,5,48),(241,5,49),(256,6,1),(257,6,2),(258,6,3),(259,6,4),(260,6,5),(261,6,6),(262,6,7),(263,6,8),(264,6,9),(265,6,10),(266,6,11),(267,6,12),(268,6,13),(269,6,14),(270,6,15),(271,6,16),(272,6,17),(273,6,18),(274,6,19),(275,6,20),(276,6,21),(277,6,22),(278,6,23),(279,6,24),(280,6,25),(281,6,26),(282,6,27),(283,6,28),(284,6,29),(285,6,30),(286,6,31),(287,6,32),(288,6,33),(289,6,34),(290,6,35),(291,6,36),(292,6,37),(293,6,38),(294,6,39),(295,6,40),(296,6,41),(297,6,42),(298,6,43),(299,6,44),(300,6,45),(301,6,46),(302,6,47),(303,6,48),(304,6,49),(305,1,50),(306,1,51),(307,3,50),(308,3,51);

/*Table structure for table `Persons` */

DROP TABLE IF EXISTS `Persons`;

CREATE TABLE `Persons` (
  `uuid` binary(16) NOT NULL COMMENT 'Id de la persona',
  `name` varchar(200) CHARACTER SET utf8 NOT NULL COMMENT 'Nombre',
  `cardId` varchar(50) CHARACTER SET utf8 DEFAULT NULL COMMENT 'DNI de la persona',
  `genre` char(1) NOT NULL COMMENT 'M: masculino F: Femenino',
  `birthday` date NOT NULL COMMENT 'Fecha de nacimiento / edad',
  `birthdayExact` bit(1) NOT NULL COMMENT 'Indica si la fecha de nacimiento es exacta (true) o si se ha rellenado solamente la edad (false)',
  `enabled` bit(1) NOT NULL COMMENT 'Habilitado',
  `houseUuid` binary(16) NOT NULL COMMENT 'Id de la visita',
  PRIMARY KEY (`uuid`),
  UNIQUE KEY `UQ_Persons_uuid` (`uuid`),
  KEY `houseUuid` (`houseUuid`),
  CONSTRAINT `FK_Persons_Houses` FOREIGN KEY (`houseUuid`) REFERENCES `Houses` (`uuid`) ON UPDATE CASCADE
) ENGINE=InnoDB DEFAULT CHARSET=latin1 COMMENT='Personas de la vivienda';

/*Data for the table `Persons` */

insert  into `Persons`(`uuid`,`name`,`cardId`,`genre`,`birthday`,`birthdayExact`,`enabled`,`houseUuid`) values ('\0f\"]U@1޿)','Marta Saldaña Silva','','F','1958-07-23','\0','','\\DKG\"X_'),('[!H/p~','Avelina','','F','1963-07-23','\0','','lD,'),('NYv','Mavelle','','F','1995-07-22','\0','','Ař,H;pO?\r'),('u4E֐\r8\nK','Felipa Yepez','','M','1963-11-25','\0','',' UqBʠᒫ'),('%WH=0Ji.S','Vilma','','M','1960-11-25','\0','','UcC(\0\''),(':K|Np ','Raquel Reyes','40592088','F','1981-07-21','\0','','ruKЩ|l$/'),('XuƋG@','Julio Cesar Gutierrez Alayo','45208066','M','1989-07-21','\0','','d\'/L&F{'),('q|2D?QPS','Milagros Mateos Zabaleta','','F','1981-07-22','\0','','\n@M*aY'),('ݪK B!/','Francisca','','F','1968-07-23','\0','','0vDAd\0W;'),('#ENJݿ)^4}','Mercedes Pereda Vasquez','17798968','F','1972-11-25','','','J!WA`^D'),('ɜIwF3?JDms','Flor Samana Barela','','F','1981-07-22','\0','','/CCkBra'),('*Z\'OU','Jose Garcia Araujo','','M','1964-07-21','\0','','4@_9X'),('{:cFٶ','Felicita Otiniano','','F','1950-07-23','\0','','pfIxF1V'),('O۲(ŀ$W','Olber Biteri Chavez','','M','1976-07-23','\0','','AE\Zڶ9'),('RMLgyZ<','Gillermo Villalobos','','M','1963-07-23','\0','','hbn@|k1&j'),('N@MQ,q','Lorenzo','','M','1950-07-23','\0','','r7YEDM$6'),('pzjC`؀IP7','Frank Pelaez','','M','1986-11-25','\0','','4jf=NpPO'),('>M\r#+','Tania','','F','1988-07-22','\0','','JE~τ'),('/UBDldb','Rosa Serrato Leiton','','F','1986-07-21','\0','','D_O\Z6s{'),('	A`Eb\'ga$','Joel Vilchez Javier','','M','1973-11-25','\0','','Ai?*O/	o'),('\nªDQfz@','Elias Baron Diaz','63944815','M','2012-07-21','\0','','qCiO:Ύ'),('\nCsAJQ\"','Rufina Fabian','','F','1940-07-22','\0','','h=K/y'),('\nf\Zw;O|:9.','Osmar Alarcon','','M','1967-07-23','\0','','UݕyO8ɑɜ'),('u=SAEΞe','Merly','','F','1990-07-22','\0','','LCC9\nw'),('Y2G\\}L_','Laura Rodriguez','','F','1982-01-24','','','REpGy	'),('\r>VA´K,2','Jose Vasquez Cordero','','M','1936-07-23','\0','','GNptVL'),('MVKqs','Jose Presentacion','','M','1964-07-23','\0','','2\0%L\"=\0l'),('j9WO=','Niver Cabanillas','','M','1943-11-25','\0','','GNÞaA '),('jHeJ܂\rHK','Jose Serrato Leiton','','M','1977-11-13','','','D_O\Z6s{'),('BqgYK0','Anwhar Herrera Velarde','','M','1975-07-23','\0','','jXAV:J2w'),('3DFadM[','Jose Luis Sanchez Castillo','','M','1982-07-23','\0','','0&k1{Lu&1\n!'),('N!^Kb#O','Maria','','F','1945-07-23','\0','','w@+|'),('4>s>B@2_','Moraima Renjigo','47562718','F','1992-07-21','\0','','/YEKQ%)cR'),('KԒWE֍3','Lusmila Castañeda Valera','','F','1957-07-21','\0','','D_O\Z6s{'),('.?L]bA','Humberto Romero','','M','1934-07-22','\0','','J3Czf'),('`W2BՍU%)a','Salome Gutierrez ','','M','1945-10-22','','',' G5E +!,'),('/PNuCB@c(,','Lucia','','F','1968-07-23','\0','','#$Dթb/B'),('6O舾Sq','Maria Santiago Espinar','','F','1974-07-21','\0','','d%0JEJ@?'),('Q:Mc','Ana Araujo','','F','1947-07-21','\0','','4@_9X'),('vBɑ\\!6d/','Eduin','','M','1980-11-25','\0','','0\"\nBnS{u'),('ؽ,]O^D=GQ','Berta','','F','1950-07-23','\0','','Y`A\"`\ZJ'),('AUE_4(H	ے','Estela Iglesias Leon','','F','1938-07-21','\0','','8kIKͅ,,XC'),('\Z38}*@%߲','Clemencia Rojas','','F','1947-07-22','\0','','W	uOO02i+'),('\ZM߀\r8','Susena Pulido Rondon','','F','1980-07-23','\0','','SEo֫\Z'),('n~?Hi','Jose','','M','1965-11-25','\0','','d.iL惭]\r'),('<CI!C,UC','Celia','','F','1960-07-23','\0','','7c\rCRZ}Xm\0'),('IiFL1ۉR','Ena Mostacer','','F','1957-07-22','\0','','#D\nj'),('i^M>Mk','Gloria','','F','1962-11-25','\0','','0\'1EhA̼'),('32H-ػP2','Herlinda Diaz','','F','1967-07-22','\0','',',~Equ{'),('r0RIF=Uf','Maruja Hernandez','','F','1950-07-22','\0','','԰&E,?J@g'),('`EUbv\"','Hector','','M','1950-07-23','\0','','dSHkkx&%'),('UnODWj','Genaro Toribio Salvador','80309938','M','1970-07-22','\0','','\'>i@_D!9qJ'),('XG@\Zx','Jorge','','M','1948-07-23','\0','','KAɾ(O'),('\0ăM1#j,,','Fabian Rosales Gordillo','','M','2007-07-21','\0','','/YEKQ%)cR'),('UE','Teodomida Fernandez','','F','1979-07-22','\0','','m&!\0MLڊ`T'),(' =Ay/pb','Fanny','','F','1963-07-22','\0','','s:CwpN'),(' oFLoL','Seberiano Sanchez Cabanillas','','M','1947-07-23','\0','','JYU(Ah;,mE'),(' qL;D8_','Maris Rojas','17983143','F','1965-07-22','\0','','j(@dxG'),('\"RSㄻCذZn:#s','Cesar Rodriguez','','M','1974-07-21','\0','','REpGy	'),('\"o2IșMTΞh','Selene Salazar','44976858','F','1982-07-23','\0','','u OIn2h01'),('#%-L.prݓ','Alejandro Jara','','M','1945-07-23','\0','','%L|jAs8'),('$ DyR\\','Favio','','M','1968-07-23','\0','','nCemuS'),('$QMֻ\n,c','Victor Capa Paz','','M','1943-07-21','\0','','@x[Z\\'),('$UtjpCµ','Manuel Cenas Morales','17818289','M','1941-03-21','','','J!WA`^D'),('&JIJm[1','Isabel Avila','17976571','F','1952-06-01','','','REpGy	'),('&wOg$D{7','Mercedes Liatas','17976965','F','1953-07-22','\0','',',vCW3P$޽Մ'),('\'k̳9E=/2Lu\n','Segundo Anticona','','M','1973-07-22','\0','','FHƭuRi'),(') ģIm*\Z','Fredes Vinda Quinde','','F','1950-07-23','\0','','Ȥ{KA;|'),(')k}Yq}JdU}','Rosario Sernaque','','F','1984-07-22','\0','','=ʲE-bO'),('*67;?^C!h','Jesus ','','F','1965-07-22','\0','','Xa>V\rDSP}n_'),('*ovjQJdxE','Alexa Serrato Sanchez','','F','2012-07-21','\0','','D_O\Z6s{'),('*HgFəٶK','Santos Martinez Rodriguez','17980797','M','1961-07-22','\0','',' #J$'),('*fKP','Maria Garcia Placido','','F','1955-07-22','\0','','hJiIѺhd'),('+7<Kp[/','Ester Marin Zelada','','F','1986-07-21','\0','',',3`G@N$F'),('+&Z\"Ei0@Cts','Veronica','','F','1970-07-23','\0','',',}vWFz'),(',c>&HQN]eb͎>','Melanio Terrones','','M','1977-11-25','\0','','COz'),(',ĵC#7:;','Amelia Villalobos','','F','1951-07-23','\0','','!@olz碐B'),('-\"\':KL|yT','Kiara Gutierrex Muños','','F','2014-07-21','\0','','d\'/L&F{'),('-LsHŞ&','Ana Sanchez Malon','','F','1955-07-22','\0','','0AĄ8v'),('._Dڊ4','Carmen Hoyos Guerra','17995048','F','1940-07-22','\0','',')W43E\0+xej\r'),('.[zCBˊvg','Marilu Pasquel','','F','1969-11-25','\0','','ByeLB+`ְ'),('/K!mRK8o','Susana','','F','1960-07-23','\0','','RWH-+fɒuA['),('0n[Fفk)','Jeny Andrade Carbajal','70294663','F','1995-05-24','','','WmHJUQ^p'),('00`KD:','Erlita Sanchez Castañeda','','F','1993-02-25','','','D_O\Z6s{'),('0ʮK\\MIǑko','Ismelda Cenas Pereda','','F','1975-11-14','','','J!WA`^D'),('0N>=','Maria','','F','1960-07-23','\0','','rĪ GeȋMm'),('0Eh@t0\"/0','Karina Viteri Chavez','','F','1977-03-22','','','HӐI<{q#'),('1ڍ:AᓵMu(xh','Jodefa Villareal','','F','1947-07-23','\0','','&tZD_7'),('2uG*I\0рA*','Rosio','','F','1979-07-22','\0','','($fMj'),('2j;I9J','Winseslao','','M','1939-07-23','\0','','b	GAn1'),('26@Gѥd}','Maria Ispilco','','F','1982-07-23','\0','','~(TsIpdNƯ'),('2=rM\0]V','Santiago Quipuzcoa Lopez','','M','1955-07-21','\0','','GYBY0;x'),('3\r\"N:s\0R4','Laura Sanchez','','F','1985-07-23','\0','','\Z^\nH\0ÜP'),('4)ҋIG@I!','Deysi Espinola Concepcion','','F','1984-11-25','\0','','Nᗭd'),('40\'Gȧdպ\07','Eddy Andrade Carbajal','43985875','M','1986-12-12','','','WmHJUQ^p'),('4()@w&\Z','Alina Guarniz Alva','','F','1989-07-22','\0','','KJ<.`f'),('5S;؛DraTE5','Margarita De La Cruz','','M','1960-11-25','\0','\0','GIpz'),('63j|I','Susana Vargas Plasencia','17993856','F','1949-08-15','','','KhxzDY'),('6j^Kg8JR,,[','Gloria Dias Vilches','40420609','F','1980-07-21','\0','','qCiO:Ύ'),('63LE #@O','Carmen Velasquez Iglesias','','F','1973-07-22','\0','','	A)dIu>'),('6x~lI1y','Claritza','','M','1991-07-22','\0','','%ghSK;cո'),('6`ФD\rp','Carmen Nicolas Aguado','','F','1967-07-21','\0','','ӊ	+SA_;ug'),('7c@鞸}','Juana','','F','1967-07-23','\0','',':KLUWM@'),('8QC6i','Lucia','','F','1968-07-23','\0','','iθIY	M'),('8KÛ}R','Isabel Perez ','17863970','F','1965-07-22','\0','','%OCXK0\0+IxmQ'),('9,N\ZA_<','Marilu Alonso','','F','1985-11-25','\0','','6 qDFV 4'),(':9OxȻQ ','Emelda Alvarado Rodriguez','','F','1965-11-25','\0','','-_HCʻ_Z'),(':\ZwJC%H','Veatriz','','F','1959-07-22','\0','','PKn'),(';m@TN\0d;','Luz Suarez','','F','1970-11-25','\0','','c:I,9е['),(';]sB\'ơ3J','Alda','','F','1975-07-23','\0','','	Eh]I`.A'),('<wDq1}y','Donatila Pelaez ','','F','1947-07-23','\0','','ufBHh@ؼ'),('<nSDU','Ester','','F','1970-07-22','\0','','@}9e@\'$q6P'),('=PB\0̶/','Elsa Tanyaraico','','F','1980-07-23','\0','','!_JO(q'),('>_C?썁,Oi','Carmen Yolanda Rodriguez Vera','','F','1958-07-21','\0','','j0A+1-'),('>DIH.QJ','Andree Ruiz','','M','1989-11-25','\0','','QDŢIo\neW'),('?YVEpIitk','Doris Paredes','','F','1981-07-23','\0','','v1V@LE`'),('?\'=Il>f+','Susy Miguel Vasquez','','F','1976-07-23','\0','','6\']M6FOQn@'),('@3LyQ]','Elia','','F','1953-07-23','\0','','k@B(J'),('@fMLᆘT<','Maria','','F','1961-07-23','\0','','2DBfxZoT'),('@fdKMqgb','Diana','','F','1987-07-22','\0','','8lBE0B'),('@,nC/wao','Margarita Lozano','','F','1953-07-23','\0','','\nIȰR\r,'),('A3<M^Q	V','Ana','','F','1980-07-22','\0','','FE[9\Z'),('BI:C!?L`','David Galvez','','M','1987-07-23','\0','','ȊJNH'),('BdfB~4%zOE','Carmen','','F','1980-07-22','\0','','I	$I$zďk'),('BOK#bQ*','Luis Del Castillo Gonzales','','M','1981-07-22','\0','','ˢDbj~'),('BP\\O\n=\Z','Margarita Natividad','17994643','F','1958-07-23','\0','','LbH'),('C_\'M~J<1','Fredminda Valdiviezo','','F','1953-07-22','\0','','+II/[ӓ'),('C<D=KB','Miryam Namoc','','F','1986-07-21','\0','','\n+N$L#^y'),('DjiaA9RXdug','Margarita Julca','','F','1985-07-22','\0','','[0YYpDU7Cބ'),('D]BuL2B','Rosalia','','F','1980-07-23','\0','','|;=D~\\'),('D/SGدYs','Gladis','','F','1981-07-23','\0','','F2Kă'),('DoG$$)~','Joselin','','F','1987-11-25','\0','','lA>\n1'),('E\0hm N#}','Elvira Montoya ','','F','1949-07-22','\0','',':\ZMée]\n'),('EqF!FM{3Bߊ{','Antonela Melendez Rengifo','','F','2014-07-21','\0','','/YEKQ%)cR'),('E9ME>\"-3w','Lidia','','F','1973-07-22','\0','','mq Fˁi'),('F܏HHm;Q=','Jose Gutierrez Alayo','','M','2000-07-21','\0','','d\'/L&F{'),('F%fIK\'','Olga Dessa','','F','1950-11-25','\0','','@\0_DA7]$ɝ'),('FWI&I|B|','Rosa Chavez','','F','1952-11-25','\0','','9&M2Yw'),('G6a.@FLKZ','Nereida','','F','1979-07-22','\0','','[Jn'),('GY1x@z13','Eugenio Gaytan','','M','1945-07-22','\0','','&lIrOD'),('Gxp`bG>š}O','Estalin','','M','1991-11-25','\0','','t8TK\"('),('GOJI]o','Estefani Miranda Martibez','77699873','M','1998-07-21','\0','','f[g~YLߴ~t(7'),('HM&:vH<','Pablo Baron Diaz','74461758','M','2006-07-21','\0','','qCiO:Ύ'),('I}>Jȅn/','Lucila','','F','1975-07-22','\0','','XO[5HKϽ'),('Jm.GO9L\Z','Marlene','','M','1972-11-25','\0','','\r&[\"JӃ'),('LB,V7C<(B','Roberto Loyola','','M','1987-07-22','\0','','ߓZvD~p'),('L`qЋI\0|','Shirley Tiznado Santiago','','F','1999-07-21','\0','','d%0JEJ@?'),('LR.KElh4','Yuli Ranirez cabrera','43814498','M','1987-07-21','\0','','o@ wNQd(E'),('Nh	lOCd* ','Javier Casana Lavadi','','M','1982-07-23','\0','','6E`r'),('NXOG>wt','Elva','','F','1965-07-22','\0','','{JWO[l'),('P)ENxv.','Geovani Abanto azañero','','M','1995-11-25','\0','','gїիZGtݽ'),('RNq:F6','Wilian Laiza Caballero','','M','1984-07-23','\0','','Zo4E	j[0g0.'),('R.DĞ9#','Seler Herrera','','M','1980-07-23','\0','',' 0Cgv\"'),('S\\΃,MThQS','Teorico Soto','','M','1949-03-21','','','qqJ|47u?ʰ'),('S#jH)^}0','Olga Esparza Angulo','','F','1959-07-22','\0','','-7LT骥'),('TSF3H`ð','Vicente Rojas','17984598','F','1937-07-23','\0','','(@.RLVv'),('Tf@Kq5fnZF:','Maryory Sanchez','47920602','F','1992-07-23','\0','','îH]Fj\' I'),('T.A%S','Julia Llanos','','F','1977-07-22','\0','','`u@\0,O='),('U#s|FP6&￝','Sofia Avalos','','F','1939-11-25','\0','','sN׬'),('U\\qoMBw`q,ks','Jenrri Serrato Leiton','','M','1983-07-21','\0','','D_O\Z6s{'),('U=~Lv_`','Maria Paredes','','F','1950-11-25','\0','','G0C1}Ic'),('V\r筲F\\_p\\','Ruben Cenas Pereda','','M','1972-10-14','','','J!WA`^D'),('Vߧ	CI=w6','Milagros Medina Medina','','F','1985-11-25','\0','','{YGYJwo'),('V,dF4]$k','Yaquelin Paici Garcia','','M','1997-07-22','\0','','x9PTBۚ '),('W.\ZBVQ(Y:','Marcos Romero Florian','','M','1994-07-23','\0','','\ZK>Q%'),('WB쮢({Y','Alex Llatas Peña','','M','1991-07-22','\0','',',ϰjNFi\"'),('X6qcvG|b','Juana Medina','','F','1973-07-22','\0','','?|BҴr'),('XP]YD\r','Maria Cueva','17994695','F','1963-07-21','\0','','?v(FȐ*'),('X.1bIcH:','Isabel','','F','1994-07-22','\0','',';D pC}\r'),('Y.H\ZA:-','Victoria','','F','1991-07-22','\0','','(EE۫UԊ'),('Y@~;]Mźr','Damaris Tiznado Santiago','','F','1996-07-21','\0','','d%0JEJ@?'),('YyjK`O','Merari Tiznado Santiago','76425389','F','1997-07-21','\0','','d%0JEJ@?'),('Y3M:PqvU','Antoni Baron Diaz','74461757','M','1998-07-21','\0','','qCiO:Ύ'),('Yk$ES#9L','Antony Cenas Pereda','71502384','M','1945-11-11','','','J!WA`^D'),('ZֿAN\\B','Maria Toribio Linian','','F','1972-07-22','\0','','i~dNN-,q'),('ZL.E&E','Anita Gaitan','','F','1959-11-25','\0','','K}CM'),('[4(JDҙi潬','Axel Leon Andrade','81117848','M','2013-02-19','','','WmHJUQ^p'),('[H*O\r3','Anibal','','M','1955-07-23','\0','','@ؕCBԶ;X h'),('[L¶EHn[','Zoila Vergara','','M','1946-07-22','\0','','o⏽p`Aśoﲣ'),('\\*ڃ)\\J0bye','Alberto','','M','1963-07-22','\0','','W\'NXȨ'),(']iE\n0\"',' Isabel Tapia Ruiz','','F','1971-07-22','\0','','h/$O\"yy'),(']6I@ݮ','Maria Ramos','','F','1946-07-22','\0','','YDF$9'),(']XK^/vU','Marina Casana ','17979308','F','1957-07-23','\0','','FH<ѡ'),(']Ҭ!Lܵ','Alfonso De La Vega','','M','1940-11-25','\0','','T5A\\ԐHԀ'),('^RǹJȫ0','Mario Ascate','','M','1962-07-22','\0','','?DY\"ビ'),('^?Hx/_D','Esperanza Mendez','','M','1940-07-22','\0','','qpCŞ7Ѯ'),('^hL/HXn4#','Rosa','','F','1955-07-23','\0','','n9kDVLּ\0'),('_0ߌBAu]~2','Eliza','','F','1952-07-23','\0','','2[H,p'),('aF0JY%5','Magna','','F','1955-07-23','\0','','⣓QCIa[(<'),('b_RB/|/\\','Karina','','M','1985-07-23','\0','','	|CgsX0v '),('b\'CWI<','Josias Tiznado Santiago','','M','1994-07-21','\0','','d%0JEJ@?'),('c/`GTqJK','Carmen Ruiz','','F','1977-07-23','\0','','Cǩ '),('d꽒NWn','Wily Rodriguez','','M','1977-11-25','\0','','d6K)I6 `g'),('eKCE2C','Lidubina Carbajal Cerna','26945072','F','1959-02-15','','','WmHJUQ^p'),('e`(FHPw.SoT','Edita Leon','','F','1965-07-21','\0','','AjeVIZlhٻ'),('e<\nJ-DY$Kr5','Carmen','','F','1994-07-23','\0','','OuBk0c+$'),('eߞEVx׫','Wilmer Aguilar Inca','18888922','M','1969-10-06','','','Y\\H컈]>}'),('f3,EQW','Flor','','F','1982-07-22','\0','','%wBxYԻI'),('g<*WI$,{7w','Martha Salvador Carranza','','F','1978-07-22','\0','','@tx'),('ge=\ZRE1Kf:.','David Sanchez Leon','','M','1956-07-21','\0','','g-@Ļ'),('hR\n@ƙ~^#o','Maria Otiniano Savedra','43677365','F','1987-07-21','\0','','%.OĂ\\'),('hb*L*h[','Jose Lindo','','M','1951-07-22','\0','','z#A:bP7'),('h{laC@,w}]','Sabina Duran De Salazar','17983704','F','1956-07-22','\0','',':eѪH:C״b3['),('h)쭀JE\ZM]','Mayde Castillo','','M','1990-07-22','\0','','~)Mg+FRP({6'),('iK0#Ȼ','Julio Cesar','','M','1971-07-22','\0','','Bl'),('jLGbf]ְv','Carmen Quizpe','40439870','F','1980-07-22','\0','','fd;C?{QB'),('j^\\K-!','Rosa Chavez Medina','','F','1963-11-25','\0','','FWy\0NE:ܪco'),('jIH\ros','Ana Casano ','','F','1980-07-23','\0','','Lc,_A3`>sh#\"'),('j\naLK#\0ʲ','Eduth Roncal Chavez','18858055','F','1972-07-21','\0','','=ߎGO~Y+S'),('jѦZFIyY\'','Ana Montiel Flores','18132109','F','1974-07-22','\0','','̴h{C9Q'),('k	<EVC','Irene','','F','1973-07-23','\0','','CU@qտ'),('mNpWyVE\" ','Esmeralda Villalva','18224941','F','1978-07-22','\0','','-wC4G5p#d'),('mfA1uH/5nm','Victor','','M','1941-11-25','\0','','syTO˵tT=f'),('nKjnQDvv.iu','Milagros Terrones','','F','1981-07-23','\0','','K[К\0Ceտx'),('o+0B0=\0','Marleny Sandoval','18148673','F','1976-07-22','\0','','|>7B~BA>'),('o6@wYBD','Isabel Orbegoxo','','F','1933-07-23','\0','','HJI\ZT\Z'),('oԬRJKN-','Rosa Ramos','','F','1960-07-23','\0','','EAu6c'),('pY+!Bݏ;p|ms','Mendez Quispe','','F','1959-07-23','\0','','VBC7DEG$}$R'),('p@~Mޚ%Φ','Yaneli Cruzado Mantilla','45506581','F','1989-07-21','\0','','m\0G\Z7u'),('q%@-Z^LJ<3-','Mavila','','F','1946-07-23','\0','','&\nDԼx?'),('qDA͋NV)ҐY','Clara Ramos','','F','1970-11-25','\0','','/YP<LكB`>3'),('qfd8F\'1','Gloria','','F','1962-11-25','\0','','mB E}\\'),('q%@jH6`K','Alejandro','','M','1955-07-22','\0','','3s7J\\:D#'),('q/R@<ڡ@Y','Alexandra Todañes Gordillo','','F','2002-07-21','\0','','/YEKQ%)cR'),('rONJ5S_z','Ssntos Cabos','','M','1950-11-25','\0','','ˈ*N[ڗ9N<'),('sXk HW%$V','Rene Reyes','','F','1967-07-22','\0','','SvȹOPm'),('s2E7-9','Luzmila','','F','1944-07-22','\0','','k\"\ZOnq'),('siSHLN̍k','Santiago','','M','1935-11-25','\0','','s@NNzE昽\\'),('s	AFh11','Hormecinda Velazquez','','F','1940-07-23','\0','','￿Oz=u-F'),('t;F>8K	VB ','Lenin','','M','1985-11-25','\0','','f]=B1ERz'),('tRm2BҐ','Roman Evangelosta Santod','','M','1946-07-23','\0','','YQIB_;H'),('t^I@P','Luis Baron Angulo','19225112','M','1977-09-12','','','qCiO:Ύ'),('tN5j8P','Thayra Castillo Rodriguez','78704086','F','2014-07-21','\0','','@x[Z\\'),('uj2Oy`','Martina Vasquez ','','F','1945-11-25','\0','','ZX)J7\rKK'),('uQBFM!yy','Paula Alcantara','','F','1942-06-05','','','@A~O5/J'),('uʑ=J%f1','Maritza','','F','1988-07-22','\0','','{LJqqYQ'),('uwrH`\r!	','Alan','','M','1969-07-23','\0','','X~dHg!Yp'),('uOT`','Petronila Terrones De Peña','17874700','F','1948-07-22','\0','','KsKDχc'),('u	J=&Ry','Rosa','','F','1946-07-23','\0','','SL)퀊'),('wBAӱUap',' Alcides Teatino Tirado','27147442','M','1961-10-04','','','KhxzDY'),('w.=D@Ұ7','Carmen Namo Rodrigues','40122116','F','1980-07-21','\0','','osgF@+v'),('wZscO枮/','Rosa Medins','','F','1162-07-23','\0','','s	5}Cl>'),('w|j\nJK EFU','Paola','','F','1983-07-23','\0','','XuLxBt|.;'),('wgPCܮcT:7Z','Ever','','M','1974-11-25','\0','','NVXKi'),('x},\\AZ7B3\ZA','Lidia Rodriguez','','F','1972-11-25','\0','','#p\\hD#'),('x{XId*Vn8','Ines','','F','1953-07-22','\0','','jpJClBl<'),('zQ@e`16','Marleny Medina Medina','','F','1983-11-25','\0','\0','{YGYJwo'),('|2LJ֢ͩ','Ilineo','','M','1940-07-23','\0','','T|tLϝ.~'),('|seDǯSsM\Z','Jesenia Flores Andrade','71420705','F','1997-08-08','','','WmHJUQ^p'),('|%QRK^oi>','Elena ','','F','1974-07-22','\0','','&˽ArE\r]`b'),('}}#K	7eG+g','Catherine','','M','1989-11-25','\0','','Εf6IA>O'),('}yJҶ$1','Jose','','M','1962-07-23','\0','','fO\"GaH'),('}nM;lYp','Fanny Otolea Lazaro','','F','1977-05-10','','',':[A#f	bq8'),('~˟FȿŜ','Luis Baron Diaz','74461759','M','2003-07-21','\0','','qCiO:Ύ'),('~ѳGn\rs','Joselyn Chomba Valiente','71101744','F','2002-06-08','','','Z@>MD3'),('T^IX*<x','Victoria Zavaleta','','F','1977-07-22','\0','','HY.D#xog'),('+M۳e','Vicente Portales','','M','1941-07-21','\0','','4@_9X'),('&VC_GDny','Wellinton Chomba Valiente','','M','1994-02-01','','','Z@>MD3'),('NJEf\\ԛ','Lucha Gamboa','','M','1978-07-22','\0','','$nEBS~v'),('`n+DgCS|1','Amparo Casanatan','','F','1980-11-25','\0','','JIۚP=w/'),('AdO˴6e','Edwin Morales Alvarado','','M','1983-07-22','\0','','>klO$'),('PLH<2c ','Ana Claudia','','F','1995-11-25','\0','','Vyi0OWW˗/C'),('}JdG0Tsp','Rosa','','F','1984-07-22','\0','','@;?9'),('2B1fE','Jose','','M','1963-07-22','\0','','7@Naf'),('Mp|B?M\0','Gilmer Jimenez Julian','18125132','M','1975-07-22','\0','','{>Jך?l4'),('z߿Mr r','Rosa','','F','1961-07-22','\0','','YCȘdu\\=*1'),('5EXKB*$\ZqF','Arceño Capa Paz','','M','1967-07-21','\0','','@x[Z\\'),('v-RJڤ>`nDn','Rebeca Vargas Mendoza','','F','1985-07-22','\0','','\0>-8NDMϿ'),('c5oDmƲ','Erika Esquivel','','F','1984-07-22','\0','',')@IPnAPQ'),('-OiJOdl','Jesus  Romero','','M','1952-06-02','','','9[Im)'),('IFrp^=G','Nicol Rodriguez Capa','','F','2000-07-21','\0','','@x[Z\\'),('\\-XBi<qT','Silvia Galves Saldaña','','F','1975-07-23','\0','','rP?FL<-Al'),('Jx@.:#K','Flor','','F','1985-07-23','\0','','i\rH@\0l'),('KeGikF5Z','Rosmery Gamboa','','F','1975-11-25','\0','','BvBg'),('.zN_','Juan','','M','1945-07-22','\0','','w7AGƱ'),('8@?','Esteban Galves De La Cruz','','M','1961-07-23','\0','','k5ERDfX5'),('~pO&!b','Jorge','','M','1992-07-22','\0','','!cȓDؓ&;;'),('>\r @tB湗','Ftancidco Alvarado','','M','1938-07-23','\0','','9*BɻM:ZJ'),('hD))m\0S','Maria Altamirano Perez','','F','1960-11-25','\0','','EWLgSGg'),('7J@ՔAQ!.B','Flor Guitirrez','','F','1962-11-25','\0','','sCΑ)Z['),('}FS6','Gladys Linares','','F','1967-07-23','\0','','xOs	b'),('9@崛t!','Ersi Gomez','','F','1980-07-23','\0','','*HmB82VBT'),('W>ON~b','Elisa Plasencia','17983325','F','1960-07-21','\0','','s߶+J̎6GS'),('ǁsKM95o>n','Evelio','','M','1960-11-25','\0','','>nTAXl$&'),('9QEZ3C,z','Marisol Miguel Vasquez','','F','1967-07-23','\0','','XCPxܮ'),('a,ћIow','Akin Carbajal Andrade','71245994','M','1998-05-28','','','WmHJUQ^p'),('uO2{F!m','Gregoria Hoyos','','M','1958-07-23','\0','','0Bg!W'),('RV(KBtP\n{','Nely','','F','1965-11-25','\0','','3NH&/v'),('Da&CV$@1','Ruben','','M','1977-07-23','\0','','O	O	dy'),('Q/wEFNk','Martin Benites Silva','','M','1992-07-23','\0','',')Aj*f,'),('[gO=oKw[F','Edwin Castillo Bigo','48182297','M','1993-07-21','\0','','@x[Z\\'),('LnEy\0c','Jesus ','','M','1941-07-22','\0','','Km.B6S\Z!l'),('UqmKOlu','Melanio Terrones Alarcon','','M','1976-11-25','\0','','&8\ruHF#'),('Ro?wHێ@a>.X','Victoria Riveros Polo','','M','1937-07-22','\0','','\">>@bS[y'),('])D0=3','Rosmeri Reyes','','F','1979-07-22','\0','','~lN~'),('F \0FJH','Luis Loyola Alarcon','','M','1968-07-23','\0','','DBWlN'),('/\rFm.m\Z','Julio Rodrigues','','M','1942-07-23','\0','','IѢJM뺫jC%'),('%\'*C`','Roy Delgado','','M','1999-07-23','\0','','l2|N\n}Ј9?W'),('JHCȦzs\"','July Condori','','M','2000-12-15','','','bL^'),('AJ 7','Ana Maria ','','F','1983-07-22','\0','','#AzF5\"'),('Ǖ=7Dëc','Carmen Leiva Taytalian','','F','1961-07-21','\0','','`bbFޱ1E,'),('gm\ZDS;W%_','Juana Rojas Campos','17994907','F','1950-07-22','\0','','bM@i\0Y'),('4C4-u','Maribel','','F','1975-07-23','\0','','A(/O?#%_'),('oN@k^Pp','Kelly Diaz','','F','1995-11-25','\0','','ҕKu'),('G-7]','Monica Rosas Perez','','F','1978-07-23','\0','','&\"\nFG[t'),('\nM3+%O','Angelita','','F','1943-07-22','\0','','Mt뵔I?2*e\''),('ȴCd','Edgar Andrade Carbajal','70294662','M','1992-05-27','','','WmHJUQ^p'),('+@L^','Marilu Rodrriguez Aredo','','F','1964-07-22','\0','','ZJ\'KZ|2('),('`nz,M\nH\\','Valeria Vargas Andrade','81457960','F','2014-08-25','','','WmHJUQ^p'),('brpMѦȤ#Yw','Patricia Obando','','F','1977-07-22','\0','','_JkF`y'),('(Bfyz-','Maribel Polo Ramos','','F','1987-07-22','\0','','g5B?߉'),('/;NoDݝm.','Carlos','','M','1985-07-23','\0','','eF捀)DGM'),('QjKSG','Sara Toribio Gomez','','F','1982-07-22','\0','','Dt\'6J\r6u '),('Cq]I6׿','Cecilia','','M','1988-07-23','\0','','i\'4O`\'8('),('D_MKRp*','Esperanza','','F','1951-07-22','\0','','t^_Eϯcy'),('WŲkMNV8','Carla Leiva','','F','1999-07-23','\0','','+LRTv\"?'),('|M*y3O','Maria Olga Pinillos','','F','1957-07-21','\0','','BP:b\":H/\'#%j'),('掘N\ZH\n<`','Corina Muños Luciano','73679072','F','1993-07-21','\0','','d\'/L&F{'),('A?A\\`','Deysi Arenas Acevedo','','F','1987-11-25','\0','','X%Q+OzR\r'),('BuAI	','Rafael Bisconde Bringas ','70947198','M','1997-07-21','\0','','0H8.q.'),('01Bߪ\nO','Jessenia','','F','1982-07-23','\0','','KDP#LS'),('1xBo','Keyla Jara','18037995','F','1971-07-23','\0','','qcFGLa'),('jIֺ\\y','Amable Cachay Dias','','F','1951-11-25','\0','','M,NՌ(k'),('{NCu@Ĭ,[','Benita','','M','1983-07-23','\0','','Բt@9az'),('rBDB^rWAb','Mayra Serrato','','F','1986-07-22','\0','',':ؗGݫb'),('llrO\0Yo','Anabel','','F','1983-07-23','\0','',':/)ʎL:[-'),('/@õ%.','Elidabet Amel Marina Cabos','','F','1977-07-21','\0','','Ve@sAw'),('Aǳ/{@','Angel','','M','1955-07-22','\0','','WADg'),('B\\5@G!','Olinda Leiton Gordillo','18050638','F','1950-07-21','\0','','D_O\Z6s{'),('ZMyMÞhM2^y','Alfonso Quispe Aguilar','','M','1949-07-22','\0','','1WrElŪ^X{'),('%vVGu+´a','Miguel','','M','1988-07-22','\0','','J;BP\\/?t'),('9XZNPH<','Merly','','F','1993-07-23','\0','','ݰfhExf[ '),('k`L֕LW_','Lizet','','F','1985-07-22','\0','','[!=F|iu'),('CG1\ZGOg;','Natividad Mendez Lavado ','18107218','F','1971-07-23','\0','','xMmnٚ_'),('&qc[GwBXw','Emma Guitierrez','','F','1936-11-25','\0','','y*,cA\\r'),('G\r-NƲXpu_','Nury','','F','1994-07-22','\0','','滤h@6orF'),('hUqA^bSG%','Reina Capa Pax','17993783','F','1960-07-21','\0','','@x[Z\\'),('U\nJM05kk','Fausta Rofriguez','','F','1947-07-21','\0','','d[\"D_H'),('U><N־,®c','Elena','','M','1975-11-25','\0','','=5B7KЋ$!'),('d(O0Wxox','Ediverti','','M','1932-11-25','\0','','a?OMP/Ux5'),('\"G5a#Q','Carlos Martizes Castro','','M','1943-07-21','\0','','F)J>KD'),('\njAō`\\','Cesar Alcantara','','M','1970-07-23','\0','','^n؂E͔^~0'),('cuDw}n_','Clemira Peche Calderon','','F','1950-07-22','\0','','ׯnG3vK\n'),('\0Mӎ7','Amelia Marrero','','F','1973-11-25','\0','','*VE\"c'),('M<	c9&','Raul Huaripata','','M','1979-07-21','\0','','=ߎGO~Y+S'),('@케$!','Flor Lozano','','F','1980-07-23','\0','','=DaoMjc'),('θWE,Ud','Denia','','F','1945-07-22','\0','','{ɧJɦSzTW*'),('rB3N\Z','Clemencia Araujo Oliva','17991112','F','1949-07-21','\0','','MʫkJcW&M.'),('%	KL:','Alina','','F','1960-07-22','\0','','.G\'+K65'),('rNRsP','Lili Magna Valiente Castillo','','F','1967-10-17','','','Z@>MD3'),('фN~ҊU','Patricia Nicolas Aguado','','F','1980-07-21','\0','','dR.DDKBM?'),('# \nNmS\Z','Gilari Rodriguz Capa','70334355','F','1997-07-21','\0','','@x[Z\\'),(':πB)lC','Maria Mercedez Ruiz','18849059','F','1946-07-22','\0','','xdI+AYyT1R'),('oFu%','Jose Tiznado Rojas','','M','1970-07-21','\0','','d%0JEJ@?'),('þ-L2t3','Marleny Rodriguez Sanches','','F','1969-07-21','\0','','\'uLJC}'),('9>CJr\ZfB','Devora Toribio Salvador ','45490153','F','1989-07-22','\0','','r1ՆJЊǨ2c'),('iN(RWb|','Lizeth Sanches Zalazar','','F','2006-07-23','\0','','$-\\SG='),('dm	GQ\rd','Julia Cabrera','','F','1945-07-21','\0','','H\"(CCxgT	'),('Ā<mKOށr^j','Wilmer','','M','1975-11-25','\0','','E~^G=i,B'),('-9xMʴ','Pedro','','M','1970-07-23','\0','','8	T?NA5ONW'),(':\'O̮9','Irma Lazaro Crux','17993946','F','1949-07-21','\0','',':[A#f	bq8'),('GX(M|IZI','Jose Melendez Cruzado','','M','1991-07-21','\0','','/YEKQ%)cR'),('ƺ+N/FǉE','Wagner Marines','','M','1979-05-10','','','zhKˠiSh\0'),('u25Jͬ8S3v','Maria Andrade','','F','1955-07-22','\0','','ҔbTM⚞b'),('hHp>R$','Maria','','F','1950-07-22','\0','','lב A?s'),('bPK77oz','Roberto Abad','','M','1963-07-22','\0','','IGFKT'),('UkO2b9','Rita Narcizo','','F','1977-11-25','\0','','J6P4.'),('~%wNQ?2w','Msria Angelica Serquin Paredes','80579713','F','1973-07-23','\0','','u_L.MLY'),('ɣ)8O|','Leonel Cruz','','M','1984-07-21','\0','','REpGy	'),('ɶ~D7_	','Judith Andrade Carbajal','42393047','F','1981-04-04','','','WmHJUQ^p'),('+H7e݂','Alexandra Bautista Andrade','61256510','F','2008-02-14','','','WmHJUQ^p'),('@iCTY','Cansuelo Esparsa Angolu','','F','1952-07-23','\0','','XLp DkO,'),('em˱OS}','Diana Diaz','','F','1980-07-22','\0','','L=l}'),('䷬\rEWvg','Eremilda','','F','1943-07-23','\0','','_CBvm8>('),('WlIDi','Carmen Jugo Burgo','18052638','F','1963-07-23','\0','','ZU]EaXϬqa'),('_D5Jܩ2','Yuly Andrade Carbajal','42559059','F','1984-08-19','','','WmHJUQ^p'),('.kǂ@>&[}','Edita Salzar Posas','','F','1959-07-23','\0','',']|B{muEZ'),('k@4e1','Olga Lescano','','F','1941-11-25','\0','','SS\'%N+dI\"'),('WحlMfkZ/~','Corcino Otolea Cabanillas','17988478','M','1943-07-21','\0','',':[A#f	bq8'),('΂eGC?','Sonia Mendoza Robles','','F','1981-07-22','\0','','+ߌO*ry'),('jSF\0m','Daniel','','M','1923-07-23','\0','','{Vd|LU4yË'),('ϯxLW','Marino Benites Garcis','','M','1961-07-23','\0','','fSZGݴ'),('F9O1@i','Jesus Chomba Valiente','','M','1992-12-24','','','Z@>MD3'),('	~KCQ}4G','Eufemia Ramirez Cordova','','F','1943-07-21','\0','',']@`Cײ'),('X\ZI\'n\"','Juan Terrones','','M','1930-07-22','\0','','٦Ec6(oY'),('ЫnxKؘ0LTn','Jeltudris Luna Victoria Desposorio','','M','1933-07-21','\0','','>`\rDR\n4'),('GABg\r^','Flor','','M','1971-07-22','\0','','+\\DZ4\"0'),('2:Aυnv','Virginia  Bravo Perez','','F','1928-11-25','\0','','D?U'),('[:NWI\\','Ronald Chingay','','M','1963-11-25','\0','','~;H:@*x\0'),('8JM8LrB(#','Jackelyn Morales','42286531','F','1981-07-22','\0','','(^I,FM'),('#iksE**z','Karin','','F','1986-07-23','\0','','?A{Aqk;'),('ԩlnB}g','Bertildes Esparza Angulo','','F','1947-07-23','\0','','C٣L(gD\0~'),('@DXi\\l','Carlos','','M','1945-07-23','\0','','$-\\SG='),('yIӐG2j','Alex Hoyos Arana','','M','1995-07-23','\0','','xAJ;V'),('Iϗ2HMG','Maria Bringas Cabellos','18124489','F','1958-07-21','\0','','0H8.q.'),('ݕ8:Jv]','Angel Eduardo','','M','1977-07-23','\0','','XtDJ9w=\Z'),(';SGA$ړkv','Marina Cuenca','','F','1945-07-23','\0','','LnXѦ'),('ׅ\ZR~=@\Zc\'','Wilian Ferrer','','M','1970-06-16','','','>`\rDR\n4'),('rE&D#~','Esperanza Cordsva','','F','1948-07-22','\0','','ACߠ2S|'),('\"lHᎏs','Rosa Caballero','18860197','F','1953-07-22','\0','','\0	UI3|xM'),('PEwJ^\\',' Isabes Toribio','','F','1951-07-22','\0','','ckHǰ&c|'),('|AϏL&','Claudia','','F','1994-07-22','\0','','/0A޿g	y'),('.`Àj@r,&b','Marleni Rodriguez','18842742','M','1962-07-21','\0','','OdyIFFҟ'),('PdDRe`N','Lidis Rodriguez Luano','','F','1950-07-22','\0','','>jL7j{S2G'),('1CuHd ','Maria','','M','1980-07-23','\0','','SubB,@~P'),('۵aDy)jĎ','Soledad Florian De Soriano','','F','1987-07-21','\0','','\n藮D%BY'),('=dE|ۮ\ZXe','Asuncion Zavaleta','','M','1975-07-22','\0','','-6DӉY0'),('vęH5bi!B','Julio Manuel Gutierres Jacinto','','M','1987-07-21','\0','','ĸHg`;m'),('*\\/vO F1o','Gregory Bautista Abanto','43579796','M','1986-01-14','','','WmHJUQ^p'),('^UzX@A\rilqa','Cefota Castro','','F','1985-07-22','\0','','ٺOn`փ'),('ފ9(BǺh9W','Maribel','','F','1987-07-23','\0','','\nN\Zzg'),('ċ@a׶x','Maria','','F','1940-07-23','\0','','2B5F崲UmX'),('ߕk3K簼̬\n','Diana Britto Torrejon','','F','1989-07-22','\0','','Ƭ\'K\n#`-'),('̡@su\Z\'','Emer Chomba Vargas','18102562','M','1968-04-25','','','Z@>MD3'),('&4HARWBЍ','Neyda','','F','1995-07-23','\0','','PLB&Ls{Z'),('3q[DhTEAK','Margarita De La Cruz','','F','1960-11-25','\0','','GIpz'),('eU\0DMH0ݾ','Hermelinda Plasencia Trujillo','','F','1930-07-21','\0','','KhxzDY'),('^Fff:ޖ','Selina Cordova Sabedra','','F','1945-07-23','\0','','bzCDXr]t09'),('i>5!\rMВH','Juan Gutierrez Alauo','','M','1992-07-21','\0','','d\'/L&F{'),('$<Bע?7F?q','Consuelo Mendoza ','02723189','M','1963-07-21','\0','','L\n\Zs\nO'),('cn2BDI','Katia','','F','1985-07-23','\0','','@/ExfMR'),('7\'LPX-	','Herotilde Lopez','','F','1929-11-25','\0','',',<MM/.`'),('SUuKCH.','Marta','','F','1975-07-22','\0','','· 5NOfl'),('vF)ɨp','Harol','','M','1995-07-22','\0','','B0۾D'),('dyA7\"_}','Juvenal Cruz Leyva ','','M','1958-07-22','\0','','jNщfeVQ'),('&;9pLÊm','Frandisco','','M','1970-07-23','\0','','37`M2@i3'),('D}Iʞfh?','Teresa Tellon','','F','1940-11-25','\0','','qnF@QZY'),('xF47','Nancy','','F','1974-07-23','\0','','I#[VH/v3['),('\rLX\ZG','Teofila','','F','1950-07-22','\0','','U3@Z\r'),(',o:N4	e','Gregoria','','F','1937-11-25','\0','\0','K}CM'),('ꀀ\'@\ZSr&#','Mercedes Lozano','','F','1977-11-25','\0','',']&c_I+$-)kD'),(']OMo@XW','Maria Cotrina','','F','1965-07-23','\0','','-J1NA4<{9'),('BEiO8Vi]','Flor','','F','1965-07-23','\0','','ЖFInAL'),('\rLLkwó~','Alicia Guerrero','','F','1955-11-25','\0','','Z\rDՎ#<\n'),('E\02FF㐳','Marina','','F','1951-07-23','\0','','b!oEC_~Di'),('`2FBEfu','Alexandra','','F','1997-07-22','\0','','N5B^v'),('ItJA','Raul Walter Salinas','','M','1948-07-23','\0','','y$MM!/|{'),('fsJYL.a','Otoniel Cruz','','M','2011-07-14','','','REpGy	'),('\"6(K3iMm','Kelly','','F','1977-07-22','\0','','fhVN)!\n+'),('K:E`1Wn','Javier','','M','1970-07-24','\0','','Oo'),('ӻQ{KЧq6eM','Jose Rodriguez ','','M','1986-07-04','','','REpGy	'),('WM]E8','Maria Olivares','','F','1948-07-22','\0','','HgG˞@j'),('W0망G|`&','Martin Leiva Loaiza','','M','1981-07-21','\0','','3j}Mbf?'),('2\ZOֲo','Azucena','','F','1980-07-22','\0','',':yqhFlE\Z'),('IEH,-','Maria','','F','1985-07-23','\0','','LgжFc7'),('e,F˭DuPXu','Ilda','','F','1983-07-23','\0','','do,\'wLPX	'),('c/N.','Maria Alvarado Zavaleta','','F','1950-07-21','\0','','q0PpAAcE'),('.pBP','Maria Lucila Jacinto Bailon','','F','1951-07-21','\0','','ĸHg`;m'),('OON5Ia0','Manuel Merino','42552040','M','1981-07-22','\0','','X C[&+`,'),('Od#Ed;\'+jX','Janet Alcantara','','F','1985-11-25','\0','','r^Mrgv'),('D#','Nilda Mendez Neira','','F','1963-07-22','\0','','{ԊH3}y0'),('ApJ?\0>\"J#','Lidia Rodrigues','','F','1955-07-23','\0','','Y\"Dmç'),('J F!\n','Karen ','','M','1995-11-25','\0','','SZ#A@*'),('hkN@Cw$','Franklin Palacios','','M','1985-07-23','\0','','G\"ONerx'),('9D(&ENUrf','Juana Barrionuevo Paz','','F','1986-07-22','\0','','M@xfDtM4['),('\r,?oCn0c:','Verlyn','','M','1988-07-22','\0','','瑘En?a~'),('S	FGU(!','Shely Tiznado Santiago','','F','2005-07-21','\0','','d%0JEJ@?'),('EL/O\Zc','Wilmer Portales','','M','1972-07-21','\0','','4@_9X'),('0\0K֩S7f','Ovidio Esquivel','','M','1965-11-25','\0','','as8FCc\0H(#'),('7\'E0ɫs','Maria Del Carmen Abanto','','F','1992-07-22','\0','','08+E6 =3^'),('XqkKQl\Z','Carmen','','F','1977-07-22','\0','',',0NB:s\rhm'),('f~鳿Es\'','Beatriz','','F','1959-07-23','\0','','ͬD`t@I'),('mFћ;p[','Bejarano Ruiz','','M','1994-11-25','\0','','@#\ruKE1\Z.\\V'),('Ayx<޶Ͱ','Aide Silva','28077859','F','1970-07-22','\0','','CJ&.xȼڎ'),('5*\'\'A^*:Q','Anita Casanova','','F','1975-11-25','\0','','hֵOݹA_Y'),('YOɘF=z','Consuelo','','F','1960-07-22','\0','',' a%J|RB'),('G^0','Isabel Otiniano','','F','1978-07-23','\0','','jg&eF{G%h'),('ւCE?;','Rosario Centurion','','F','1943-11-25','\0','','\rH$QT\''),('\0M|j(','Juan Rodriguez','47383056','M','1991-07-23','\0','','OݮOڲTe'),('v~8O`Ev','Angela Ruiz','18056594','F','1960-07-22','\0','',':9uM*	'),('ɌCr{','Jose Serrato Soplamuco','','M','1974-11-19','','','D_O\Z6s{'),('̃HXch4','Aide Cerrato Soplopico','17845979','F','1960-07-21','\0','','/YEKQ%)cR'),('LG=NDU)J','Maria Hoyos','','F','1965-07-22','\0','','8OyMcKd'),('cLA[p','Blanca','','F','1981-07-22','\0','','l%Lǳģ%g'),('!kO;QHx,d','Alejandro Alfaro Centurion','','M','1982-07-22','\0','','B۽@\Z_k'),('MLPݼmk','Navia De La Cruz','','F','1981-11-25','\0','','\\xLhLq@j'),('\rU6E-','Marlin Ssnchez','','F','1983-11-25','\0','\0','&8\ruHF#'),('$J%pu','Emperatriz','','F','1965-07-22','\0','','?uCqCj25B'),('nCIKg','Wilser Zavaleta','','M','2000-07-22','\0','','JE <');

/*Table structure for table `Plans` */

DROP TABLE IF EXISTS `Plans`;

CREATE TABLE `Plans` (
  `id` int(11) NOT NULL AUTO_INCREMENT COMMENT 'Id del plan',
  `date` date NOT NULL COMMENT 'Fecha del plan',
  `planSize` tinyint(4) NOT NULL COMMENT 'Tamaño de la muestra (por defecto 20)',
  `stateId` int(11) NOT NULL COMMENT 'Id del estado del plan',
  `userId` int(11) NOT NULL COMMENT 'Id del inspector',
  `inspectionId` int(11) NOT NULL COMMENT 'Id de la inspección',
  PRIMARY KEY (`id`),
  UNIQUE KEY `UQ_Plans_id` (`id`),
  KEY `userId` (`userId`),
  KEY `inspectionId` (`inspectionId`),
  KEY `stateId` (`stateId`),
  CONSTRAINT `FK_Plans_Inspections` FOREIGN KEY (`inspectionId`) REFERENCES `Inspections` (`id`) ON DELETE CASCADE ON UPDATE CASCADE,
  CONSTRAINT `FK_Plans_States` FOREIGN KEY (`stateId`) REFERENCES `TableElements` (`id`) ON UPDATE CASCADE,
  CONSTRAINT `FK_Plans_Users` FOREIGN KEY (`userId`) REFERENCES `Users` (`id`) ON UPDATE CASCADE
) ENGINE=InnoDB AUTO_INCREMENT=91 DEFAULT CHARSET=latin1 COMMENT='Planes';

/*Data for the table `Plans` */

insert  into `Plans`(`id`,`date`,`planSize`,`stateId`,`userId`,`inspectionId`) values (44,'2015-07-21',20,7003,8,8),(45,'2015-07-21',20,7003,9,8),(46,'2015-07-21',20,7003,10,8),(47,'2015-07-21',20,7003,11,8),(48,'2015-07-21',20,7003,12,8),(49,'2015-07-21',20,7003,13,8),(50,'2015-07-21',20,7003,14,8),(51,'2015-07-22',20,7003,8,9),(52,'2015-07-22',20,7003,9,9),(53,'2015-07-22',20,7003,10,9),(54,'2015-07-22',20,7003,11,9),(55,'2015-07-22',20,7003,12,9),(56,'2015-07-22',20,7003,13,9),(57,'2015-07-22',20,7003,14,9),(66,'2015-07-23',20,7003,8,12),(67,'2015-07-23',20,7003,9,12),(68,'2015-07-23',20,7003,10,12),(69,'2015-07-23',20,7003,11,12),(70,'2015-07-23',20,7003,12,12),(71,'2015-07-23',20,7003,13,12),(72,'2015-07-23',20,7003,14,12),(73,'2015-07-24',20,7003,18,13),(74,'2015-11-13',20,7002,18,13),(75,'2015-07-24',20,7001,20,13),(76,'2015-07-24',20,7001,20,13),(84,'2015-11-25',20,7003,8,16),(85,'2015-11-25',20,7003,9,16),(86,'2015-11-25',20,7003,10,16),(87,'2015-11-25',20,7003,11,16),(88,'2015-11-25',20,7003,12,16),(89,'2015-11-25',20,7003,13,16),(90,'2015-11-25',20,7003,14,16);

/*Table structure for table `PlansAreas` */

DROP TABLE IF EXISTS `PlansAreas`;

CREATE TABLE `PlansAreas` (
  `id` int(11) NOT NULL AUTO_INCREMENT COMMENT 'Identificador',
  `planId` int(11) NOT NULL COMMENT 'Id del plan',
  `areaId` int(11) NOT NULL COMMENT 'Id de la zona',
  PRIMARY KEY (`id`),
  UNIQUE KEY `UQ_PlansAreas_id` (`id`),
  KEY `areaId` (`areaId`),
  KEY `planId` (`planId`),
  CONSTRAINT `FK_PlansAreas_Areas` FOREIGN KEY (`areaId`) REFERENCES `Areas` (`id`) ON UPDATE CASCADE,
  CONSTRAINT `FK_PlansAreas_Plans` FOREIGN KEY (`planId`) REFERENCES `Plans` (`id`) ON DELETE CASCADE ON UPDATE CASCADE
) ENGINE=InnoDB AUTO_INCREMENT=501 DEFAULT CHARSET=latin1;

/*Data for the table `PlansAreas` */

insert  into `PlansAreas`(`id`,`planId`,`areaId`) values (216,44,61),(225,45,60),(226,46,60),(227,47,59),(228,48,59),(229,49,62),(230,50,62),(276,51,63),(277,52,64),(278,53,71),(279,54,70),(280,55,69),(281,56,72),(282,57,73),(359,66,74),(360,66,81),(361,66,80),(362,66,79),(363,66,83),(364,66,84),(365,66,82),(366,67,81),(367,67,80),(368,67,79),(369,67,74),(370,67,84),(371,67,83),(372,67,82),(381,68,81),(382,68,80),(383,68,79),(384,68,74),(385,68,84),(386,68,83),(387,68,82),(388,69,80),(389,69,81),(390,69,79),(391,69,74),(392,69,84),(393,69,83),(394,69,82),(395,70,80),(396,70,81),(397,70,79),(398,70,74),(399,70,84),(400,70,83),(401,70,82),(402,70,91),(403,71,80),(404,71,81),(405,71,79),(406,71,74),(407,71,84),(408,71,83),(409,71,82),(410,72,80),(411,72,81),(412,72,79),(413,72,74),(414,72,84),(415,72,83),(416,72,82),(417,73,13),(418,73,25),(421,75,26),(422,75,27),(423,75,22),(424,75,19),(425,75,29),(426,76,12),(427,76,33),(443,74,11),(444,74,34),(445,74,13),(446,74,25),(449,84,53),(450,84,49),(451,84,43),(452,84,44),(453,84,45),(454,84,46),(455,85,54),(456,85,49),(457,85,43),(458,85,46),(459,85,45),(460,85,44),(461,86,55),(462,86,49),(463,86,43),(464,86,46),(465,86,45),(466,86,44),(477,89,51),(478,89,43),(479,89,46),(480,89,45),(481,89,44),(482,89,49),(483,90,50),(484,90,49),(485,90,43),(486,90,46),(487,90,45),(488,90,44),(489,88,52),(490,88,43),(491,88,46),(492,88,44),(493,88,45),(494,88,49),(495,87,56),(496,87,43),(497,87,46),(498,87,45),(499,87,44),(500,87,49);

/*Table structure for table `Profiles` */

DROP TABLE IF EXISTS `Profiles`;

CREATE TABLE `Profiles` (
  `id` int(11) NOT NULL AUTO_INCREMENT COMMENT 'Id del perfil',
  `name` varchar(50) CHARACTER SET utf8 NOT NULL COMMENT 'Nombre del perfil',
  `description` varchar(255) CHARACTER SET utf8 DEFAULT NULL COMMENT 'Descripción del perfil',
  PRIMARY KEY (`id`),
  UNIQUE KEY `UQ_Profiles_id` (`id`)
) ENGINE=InnoDB AUTO_INCREMENT=7 DEFAULT CHARSET=latin1 COMMENT='Perfiles';

/*Data for the table `Profiles` */

insert  into `Profiles`(`id`,`name`,`description`) values (1,'Administrador','Gestiona la web y los permisos.'),(2,'Brigadista','Realiza inspecciones mediante la app movil.'),(3,'Web','Planifica inspecciones y consulta datos de visitas.'),(4,'Responsable EESS','Responsable de Vigilancia y Control Vectorial de Establecimiento de Salud (EESS).'),(5,'Responsable Micro Red','Responsable de Vigilancia y Control Vectorial de Micro Red.'),(6,'Dirección Red','Dirección de Gestión Territorial de la Red.');

/*Table structure for table `ReportLineInspections` */

DROP TABLE IF EXISTS `ReportLineInspections`;

CREATE TABLE `ReportLineInspections` (
  `id` int(11) NOT NULL AUTO_INCREMENT COMMENT 'Id de linea de inspección',
  `inspectionId` int(11) NOT NULL COMMENT 'Id del informe',
  `reportLineId` int(11) NOT NULL COMMENT 'Id de la linea de informe',
  PRIMARY KEY (`id`),
  KEY `inspectionId` (`inspectionId`),
  KEY `reportLineId` (`reportLineId`),
  CONSTRAINT `FK_ReportLineInspections_Inspections` FOREIGN KEY (`inspectionId`) REFERENCES `Inspections` (`id`),
  CONSTRAINT `FK_ReportLineInspections_ReportLines` FOREIGN KEY (`reportLineId`) REFERENCES `ReportLines` (`id`) ON DELETE CASCADE ON UPDATE CASCADE
) ENGINE=InnoDB AUTO_INCREMENT=47 DEFAULT CHARSET=latin1;

/*Data for the table `ReportLineInspections` */

insert  into `ReportLineInspections`(`id`,`inspectionId`,`reportLineId`) values (7,8,7),(8,8,8),(9,8,9),(10,8,10),(11,9,11),(12,9,12),(13,9,13),(14,9,14),(15,9,15),(16,9,16),(17,9,17),(18,12,18),(19,12,19),(20,12,20),(21,12,21),(22,12,22),(23,12,23),(24,12,24),(25,12,25),(29,12,29),(30,9,30),(31,8,31),(32,12,32),(33,9,32),(34,8,32),(35,16,33),(36,16,34),(37,16,35),(38,16,36),(39,16,37),(40,16,38),(41,16,39),(42,16,40),(43,16,41),(44,16,42),(45,16,43),(46,16,44);

/*Table structure for table `ReportLines` */

DROP TABLE IF EXISTS `ReportLines`;

CREATE TABLE `ReportLines` (
  `id` int(11) NOT NULL AUTO_INCREMENT COMMENT 'Id de la linea del informe',
  `areaId` int(11) NOT NULL COMMENT 'Id de la zona',
  `sourceReportId` int(11) DEFAULT NULL COMMENT 'Id del informe desde el que se ha generado la linea',
  `parentReportId` int(11) NOT NULL COMMENT 'Id del informe',
  PRIMARY KEY (`id`),
  KEY `areaId` (`areaId`),
  KEY `parentReportId` (`parentReportId`),
  KEY `sourceReportId` (`sourceReportId`),
  CONSTRAINT `FK_ReportLines_Areas` FOREIGN KEY (`areaId`) REFERENCES `Areas` (`id`) ON UPDATE CASCADE,
  CONSTRAINT `FK_ReportLines_Reports` FOREIGN KEY (`parentReportId`) REFERENCES `Reports` (`id`) ON DELETE CASCADE ON UPDATE CASCADE,
  CONSTRAINT `FK_ReportLines_Sources` FOREIGN KEY (`sourceReportId`) REFERENCES `Reports` (`id`) ON UPDATE CASCADE
) ENGINE=InnoDB AUTO_INCREMENT=45 DEFAULT CHARSET=latin1;

/*Data for the table `ReportLines` */

insert  into `ReportLines`(`id`,`areaId`,`sourceReportId`,`parentReportId`) values (7,59,NULL,3),(8,60,NULL,3),(9,61,NULL,3),(10,62,NULL,3),(11,63,NULL,4),(12,64,NULL,4),(13,69,NULL,4),(14,70,NULL,4),(15,71,NULL,4),(16,72,NULL,4),(17,73,NULL,4),(18,74,NULL,5),(19,79,NULL,5),(20,80,NULL,5),(21,81,NULL,5),(22,82,NULL,5),(23,83,NULL,5),(24,84,NULL,5),(25,91,NULL,5),(29,9,5,7),(30,9,4,7),(31,9,3,7),(32,6,7,8),(33,43,NULL,9),(34,44,NULL,9),(35,45,NULL,9),(36,46,NULL,9),(37,49,NULL,9),(38,50,NULL,9),(39,51,NULL,9),(40,52,NULL,9),(41,53,NULL,9),(42,54,NULL,9),(43,55,NULL,9),(44,56,NULL,9);

/*Table structure for table `Reports` */

DROP TABLE IF EXISTS `Reports`;

CREATE TABLE `Reports` (
  `id` int(11) NOT NULL AUTO_INCREMENT COMMENT 'Id del informe',
  `date` datetime NOT NULL COMMENT 'Fecha de creación del informe',
  `areaId` int(11) NOT NULL COMMENT 'Id de la zona asociada al informe',
  `validated` bit(1) NOT NULL COMMENT 'Indica si el informe ha sido validado',
  `validateUserId` int(11) DEFAULT NULL COMMENT 'Usuario que ha validado el informe',
  PRIMARY KEY (`id`),
  KEY `areaId` (`areaId`),
  KEY `validateUserId` (`validateUserId`),
  CONSTRAINT `FK_Reports_Areas` FOREIGN KEY (`areaId`) REFERENCES `Areas` (`id`),
  CONSTRAINT `FK_Reports_Users` FOREIGN KEY (`validateUserId`) REFERENCES `Users` (`id`) ON UPDATE CASCADE
) ENGINE=InnoDB AUTO_INCREMENT=10 DEFAULT CHARSET=latin1;

/*Data for the table `Reports` */

insert  into `Reports`(`id`,`date`,`areaId`,`validated`,`validateUserId`) values (3,'2015-07-21 22:25:01',9,'',1),(4,'2015-07-22 22:26:27',9,'',1),(5,'2015-07-23 20:24:10',9,'',1),(7,'2015-07-23 00:00:00',6,'',3),(8,'2015-07-23 00:00:00',5,'',3),(9,'2015-11-25 00:00:00',8,'',1);

/*Table structure for table `Samples` */

DROP TABLE IF EXISTS `Samples`;

CREATE TABLE `Samples` (
  `uuid` binary(16) NOT NULL COMMENT 'Id de la muestra',
  `code` varchar(50) CHARACTER SET utf8 NOT NULL COMMENT 'Código de la muestra',
  `result` varchar(200) CHARACTER SET utf8 DEFAULT NULL COMMENT 'Resultado del laboratorio',
  `phaseId` int(11) NOT NULL COMMENT 'Estado vector',
  `inventoryUuid` binary(16) NOT NULL COMMENT 'Id del inventario',
  PRIMARY KEY (`uuid`),
  UNIQUE KEY `UQ_Samples_uuid` (`uuid`),
  KEY `inventoryUuid` (`inventoryUuid`),
  KEY `phaseId` (`phaseId`),
  CONSTRAINT `FK_Samples_Inventories` FOREIGN KEY (`inventoryUuid`) REFERENCES `Inventories` (`uuid`) ON DELETE CASCADE ON UPDATE CASCADE,
  CONSTRAINT `FK_Samples_Phases` FOREIGN KEY (`phaseId`) REFERENCES `TableElements` (`id`) ON UPDATE CASCADE
) ENGINE=InnoDB DEFAULT CHARSET=latin1 COMMENT='Muestras';

/*Data for the table `Samples` */

insert  into `Samples`(`uuid`,`code`,`result`,`phaseId`,`inventoryUuid`) values ('Gwz8','002810C659D5',NULL,5002,'uWD,'),('\n\'J݄d\\-ˠ','004810DC5B10',NULL,5002,'VGBz:K'),(')kOƏ?\Z','002810C881AA',NULL,5002,'?uA=Hci'),(':KP\0ԫ\"\"S','00301B135038',NULL,5002,'>֌OH}Ve'),('$;6Mȥ\0042xK','002410C67C29',NULL,5002,'2\0G9m{}\\'),('*>ԛ*FqOB6T','00241B159F58',NULL,5004,'8ktD0jS5'),('/%EEۂvvy;$','0030109D3BF8',NULL,5002,'wNz\06g'),('0P\ZAUA','00381B141E2B',NULL,5002,'0~1@vi\n5'),('60@\rJQ\n3ZE','00241B1659E3',NULL,5002,'/MKk'),('<:Lñ6\'','00341B14120F',NULL,5002,'m8Mn֋|0'),('=OLKGW','0038109D33F8','Culex fatigans',5001,'欦zIwh&3'),('=KFb8','0030109CB23A',NULL,5002,'&<j\\A]mJ/?'),('A}\"^NZ-a','003010C8370A',NULL,5001,'V{H艹1'),('C-mOA?ۈ','003810C66AA6',NULL,5002,'%A8S'),('C@A7)%	2~','002C1B14164D',NULL,5002,'7gȔJㄕ&2Oƫ'),('C[ҽ7G)','002C1B145B24',NULL,5002,'d\\2TC\0j@j'),('CKxgM\'G','002810B2EC2C','Aedes aegypti',5002,']L=}/'),('I{{El','00281B13DB7E',NULL,5002,'\nGGG'),('QnzK4|ҩhߎ','002C1B135899',NULL,5002,'QYBorMƙW'),('Vy,><Oȣ`SU\r/','0030109C8FC0','Aedes aegypti',5002,'&<j\\A]mJ/?'),('Z+L˞9\\#','00201B135C91',NULL,5002,'#zciC|:zŰ'),('\\6DjMuQ%^E','002410B1E6C2','Aedes aegypti',5002,';._=!FYt'),('b[CiJdn6','00381B1551F4',NULL,5001,'8RH\n.k'),('f<gB͉,2r','00241B13B31A',NULL,5002,'/MKk'),('gM\0H\\g','002C1B146544',NULL,5002,'O?KXhݔf'),('h?_Ld~H','00201B14420F',NULL,5002,'͌$LNHܟFZLR\"'),('jBk@4qS\0','003410B37586','Aedes aegypti',5001,'3K!W^u'),('llF@\r(','003810C89A58',NULL,5001,'`C8pz'),('s PM/HJp','00201B1430BC',NULL,5002,'͌$LNHܟFZLR\"'),('toEa','002C1B15C9DF',NULL,5002,'$S	B-X'),('z\'ZQMP+','00301B13AEBE',NULL,5002,'L9\0E<0(]('),('|{KꡳR0W','00281B171F8C',NULL,5001,'?\\pHD]'),('\"5@x,y,','003010B1E40F',NULL,5002,'T?:BL'),('},CϜ- S','002C109D7634','Aedes aegypti',5002,'Ha@0YSi'),('NEA뫨dMW','002810C6977B',NULL,5002,'$qK'),('*w37OCLj','00301B13F0B2',NULL,5002,'L9\0E<0(]('),('6D!','00281B14F03C',NULL,5002,'4D@,'),('BN2=l6','00301B13F8D6',NULL,5003,'L9\0E<0(]('),('޷M]f~Y','002C1B143391',NULL,5002,'7gȔJㄕ&2Oƫ'),('	p$9A0ߦy','0034109CE313','Aedes aegypti',5002,'ɨJ+hXa'),('tLAS\0Ǌ`','00281B171CC7',NULL,5001,'?\\pHD]'),('̘H%<K\0GL','00201B144C21',NULL,5002,'͌$LNHܟFZLR\"'),('ٌ,dC\\O}c','00281B17184C',NULL,5001,'z/MЖ6\"<m'),('ۥ6GËsFRC','003010C7E4A2',NULL,5002,'V{H艹1'),('c҅@\nzr','003010C6FB8E',NULL,5002,'7vMQDۉN'),('78G|Bu','0030109CBFF4','Aedes aegypti',5002,'^7>hE*N\r|'),('J@LAj@˙','00281B171044',NULL,5002,'z/MЖ6\"<m'),('-ԨbLY7J\r%','002410C6B1C6',NULL,5002,'t47CKLI>');

/*Table structure for table `Scenes` */

DROP TABLE IF EXISTS `Scenes`;

CREATE TABLE `Scenes` (
  `id` int(11) NOT NULL AUTO_INCREMENT COMMENT 'Id del escenario',
  `areaId` int(11) NOT NULL COMMENT 'Id de la zona',
  `sceneLevel` tinyint(4) NOT NULL COMMENT 'Nivel escenario (1/2/3)',
  PRIMARY KEY (`id`),
  UNIQUE KEY `UQ_Scenes_id` (`id`),
  KEY `areaId` (`areaId`),
  CONSTRAINT `FK_Scenes_Areas` FOREIGN KEY (`areaId`) REFERENCES `Areas` (`id`) ON UPDATE CASCADE
) ENGINE=InnoDB AUTO_INCREMENT=2 DEFAULT CHARSET=latin1 COMMENT='Escenarios';

/*Data for the table `Scenes` */

insert  into `Scenes`(`id`,`areaId`,`sceneLevel`) values (1,1,3);

/*Table structure for table `Symptoms` */

DROP TABLE IF EXISTS `Symptoms`;

CREATE TABLE `Symptoms` (
  `uuid` binary(16) NOT NULL COMMENT 'Id del febril',
  `symptomId` int(11) NOT NULL COMMENT 'Id del sintoma',
  `personUuid` binary(16) NOT NULL COMMENT 'Id de la persona',
  `visitUuid` binary(16) NOT NULL COMMENT 'Id de la visita',
  PRIMARY KEY (`uuid`),
  UNIQUE KEY `UQ_Symptoms_uuid` (`uuid`),
  KEY `personUuid` (`personUuid`),
  KEY `visitUuid` (`visitUuid`),
  KEY `symptomId` (`symptomId`),
  CONSTRAINT `FK_Symptoms_Persons` FOREIGN KEY (`personUuid`) REFERENCES `Persons` (`uuid`) ON UPDATE CASCADE,
  CONSTRAINT `FK_Symptoms_Symptoms` FOREIGN KEY (`symptomId`) REFERENCES `TableElements` (`id`) ON UPDATE CASCADE,
  CONSTRAINT `FK_Symptoms_Visits` FOREIGN KEY (`visitUuid`) REFERENCES `Visits` (`uuid`) ON DELETE CASCADE ON UPDATE CASCADE
) ENGINE=InnoDB DEFAULT CHARSET=latin1;

/*Data for the table `Symptoms` */

insert  into `Symptoms`(`uuid`,`symptomId`,`personUuid`,`visitUuid`) values ('\\	gJ\n:8',6006,'K:E`1Wn',':OF\Z2'),('\Z\nI]\Z|',6001,'iN(RWb|','~puCJpx'),('DK6{tD',6005,'K:E`1Wn',':OF\Z2'),('jd$-t*@$©',6003,'̡@su\Z\'','[\"0D|е'),('TbSDųSAn',6002,'P)ENxv.','QRJ ^G'),('wXMǠtB',6002,'wBAӱUap','ZC1kY'),('+UXGAV;',6001,'P)ENxv.','QRJ ^G'),('i]D',6003,'iN(RWb|','~puCJpx');

/*Table structure for table `TableElements` */

DROP TABLE IF EXISTS `TableElements`;

CREATE TABLE `TableElements` (
  `id` int(11) NOT NULL AUTO_INCREMENT COMMENT 'Id del elemento',
  `sort` int(11) DEFAULT NULL COMMENT 'Orden en caso de que la tabla este ordenada',
  `tableHeaderId` int(11) NOT NULL COMMENT 'Id de la tabla asociada',
  PRIMARY KEY (`id`),
  UNIQUE KEY `UQ_TableElements_id` (`id`),
  KEY `tableHeaderId` (`tableHeaderId`),
  CONSTRAINT `FK_TableElements_TableHeaders` FOREIGN KEY (`tableHeaderId`) REFERENCES `TableHeaders` (`id`) ON UPDATE CASCADE
) ENGINE=InnoDB AUTO_INCREMENT=8006 DEFAULT CHARSET=latin1 COMMENT='Elementos de tabla';

/*Data for the table `TableElements` */

insert  into `TableElements`(`id`,`sort`,`tableHeaderId`) values (1001,1,1),(1002,2,1),(2001,1,2),(2002,2,2),(2003,3,2),(2004,4,2),(3001,1,3),(3002,2,3),(3003,3,3),(3004,4,3),(4001,1,4),(4002,2,4),(4003,3,4),(4004,4,4),(4005,5,4),(4006,6,4),(4007,7,4),(4008,8,4),(4009,9,4),(4010,10,4),(5001,1,5),(5002,2,5),(5003,3,5),(5004,4,5),(6001,1,6),(6002,2,6),(6003,3,6),(6004,4,6),(6005,5,6),(6006,6,6),(6007,7,6),(7001,1,7),(7002,2,7),(7003,3,7),(7004,4,7),(8001,1,8),(8002,2,8),(8003,3,8),(8004,4,8),(8005,5,8);

/*Table structure for table `TableHeaders` */

DROP TABLE IF EXISTS `TableHeaders`;

CREATE TABLE `TableHeaders` (
  `id` int(11) NOT NULL AUTO_INCREMENT COMMENT 'Id de la tabla de tabla',
  `name` varchar(200) CHARACTER SET utf8 NOT NULL COMMENT 'Nombre',
  `system` bit(1) NOT NULL COMMENT 'Indica si la lista es de sistema',
  PRIMARY KEY (`id`),
  UNIQUE KEY `UQ_TableHeaders_id` (`id`)
) ENGINE=InnoDB AUTO_INCREMENT=9 DEFAULT CHARSET=latin1 COMMENT='Permiten definir listas personalizadas.';

/*Data for the table `TableHeaders` */

insert  into `TableHeaders`(`id`,`name`,`system`) values (1,'Tipos Planes',''),(2,'Estados Visitas',''),(3,'Estados Inspecciones',''),(4,'Tipos Recipientes','\0'),(5,'Estados Vectores','\0'),(6,'Tipos Síntomas','\0'),(7,'Estados Planes',''),(8,'Tipos Alertas','');

/*Table structure for table `Users` */

DROP TABLE IF EXISTS `Users`;

CREATE TABLE `Users` (
  `id` int(11) NOT NULL AUTO_INCREMENT COMMENT 'Id del usuario',
  `login` varchar(50) CHARACTER SET utf8 NOT NULL COMMENT 'Login',
  `password` varchar(50) CHARACTER SET utf8 NOT NULL COMMENT 'Contraseña',
  `name` varchar(200) CHARACTER SET utf8 NOT NULL COMMENT 'Nombre completo',
  `email` varchar(200) CHARACTER SET utf8 DEFAULT NULL COMMENT 'Correo electronico',
  `enabled` bit(1) NOT NULL COMMENT 'Habilitado',
  `alerts` bit(1) NOT NULL COMMENT 'Indica si el usuario debe recibir alertas por correo',
  `token` varchar(50) CHARACTER SET utf8 DEFAULT NULL COMMENT 'Identificador de sesión',
  `tokenExpiration` datetime DEFAULT NULL COMMENT 'Fecha de expiración de la sesión',
  `profileId` int(11) NOT NULL COMMENT 'Id del perfil',
  `languageId` int(11) NOT NULL COMMENT 'Id del idioma',
  PRIMARY KEY (`id`),
  UNIQUE KEY `UQ_Users_id` (`id`),
  KEY `languageId` (`languageId`),
  KEY `profileId` (`profileId`),
  CONSTRAINT `FK_Users_Languages` FOREIGN KEY (`languageId`) REFERENCES `Languages` (`id`) ON UPDATE CASCADE,
  CONSTRAINT `FK_Users_Profiles` FOREIGN KEY (`profileId`) REFERENCES `Profiles` (`id`) ON UPDATE CASCADE
) ENGINE=InnoDB AUTO_INCREMENT=22 DEFAULT CHARSET=latin1 COMMENT='Brigadista/usuario de la web';

/*Data for the table `Users` */

insert  into `Users`(`id`,`login`,`password`,`name`,`email`,`enabled`,`alerts`,`token`,`tokenExpiration`,`profileId`,`languageId`) values (1,'system','sca','Sistema','scabilbao@gruposca.com','\0','\0',NULL,NULL,1,1),(2,'admin','sca','Administrador','scabilbao@gruposca.com','','\0','[B@48cd1e78','2015-07-28 09:46:00',1,1),(3,'cf1','sca','Cédric Fortin','cedric.fortin@gruposca.com','','','[B@1d703c4d','2015-11-26 18:12:01',1,1),(4,'mgr','sca','Martin Gilabert','martin.gilabert@gruposca.com','','\0','[B@efce557','2015-09-04 07:53:28',1,1),(5,'jil','sca','Juan de Ituarte','juandeituarte@gruposca.com','','\0','[B@66fcb75d','2015-11-26 18:30:24',1,1),(6,'iut','abc','Itxaso Uriarte','itxaso.uriarte@gruposca.com','','','[B@30163d63','2015-11-27 07:36:08',1,1),(7,'rhs','sca','Rocio Hermoso','rocio.hermoso@gruposca.com','','\0',NULL,NULL,1,1),(8,'sapev01','sapev','Equipo 1','sapev01@gmail.com','','\0','[B@4606d563','2015-11-26 14:08:05',2,1),(9,'sapev02','sapev','Equipo 2','sapev02@gmail.com','','\0','[B@35ceb649','2015-11-26 14:19:29',2,1),(10,'sapev03','sapev','Equipo 3','sapev03@gmail.com','','\0','[B@194df322','2015-11-26 14:56:59',2,1),(11,'sapev04','sapev','Equipo 4','sapev04@gmail.com','','\0','[B@54635fbc','2015-11-26 14:02:11',2,1),(12,'sapev05','sapev','Equipo 5','sapev05@gmail.com','','\0','[B@4ae843b8','2015-11-26 14:21:02',2,1),(13,'sapev06','sapev','Equipo 6','sapev06@gmail.com','','\0','[B@14af70b1','2015-11-26 13:28:38',2,1),(14,'sapev07','sapev','Equipo 7','sapev07@gmail.com','','\0','[B@137fd509','2015-11-26 13:29:44',2,1),(15,'rossy','cps','Rosa María Aguilar','rossyaguilar@cps.org.pe','\0','','[B@35172877','2015-10-29 18:11:28',1,1),(16,'pilar','maya','Consuelo del Pilar','cechegaray@cps.org.pe','\0','','[B@3a78f568','2015-11-26 18:41:50',1,1),(17,'gustavo','tenchi','Gustavo Velásquez','gvelasquez@cps.org.pe','\0','\0',NULL,NULL,1,1),(18,'sca01','sca','Sca 01','sca01@gruposca.com','','\0','[B@14cc1d3e','2015-11-27 05:06:30',2,1),(19,'sca02','sca','Sca 02','sca02@gruposca.com','','\0','[B@38e61b46','2015-07-21 20:49:32',2,1),(20,'antonio','anesvad','Antonio González','antoniogonzalez@anesvad.org','','','[B@1ec1e049','2015-10-15 11:03:06',3,1),(21,'jgf','sapev','Janeth Gozzer Fernández','jgozzerf@diresalalibertad.gob.pe','','\0','[B@24fc497d','2015-11-26 17:43:49',3,1);

/*Table structure for table `Visits` */

DROP TABLE IF EXISTS `Visits`;

CREATE TABLE `Visits` (
  `uuid` binary(16) NOT NULL COMMENT 'Id de la visita',
  `date` date NOT NULL COMMENT 'Fecha de la visita',
  `feverish` tinyint(4) NOT NULL COMMENT 'Febriles',
  `larvicide` int(11) NOT NULL COMMENT 'Cantidad larvicida utilizada (total moños * peso moño)',
  `comments` varchar(250) CHARACTER SET utf8 DEFAULT NULL COMMENT 'Comentarios',
  `resultId` int(11) DEFAULT NULL COMMENT 'Resultado de la visita: Visita/Cerrada/Renuente/Deshabitada',
  `userId` int(11) DEFAULT NULL COMMENT 'Brigadista que ha registrado la visita',
  `planId` int(11) NOT NULL COMMENT 'Id del plan',
  `houseUuid` binary(16) NOT NULL COMMENT 'Id de la vivienda',
  PRIMARY KEY (`uuid`),
  UNIQUE KEY `UQ_Visits_uuid` (`uuid`),
  KEY `houseUuid` (`houseUuid`),
  KEY `planId` (`planId`),
  KEY `userId` (`userId`),
  KEY `resultId` (`resultId`),
  CONSTRAINT `FK_Visits_Houses` FOREIGN KEY (`houseUuid`) REFERENCES `Houses` (`uuid`) ON DELETE CASCADE ON UPDATE CASCADE,
  CONSTRAINT `FK_Visits_Plans` FOREIGN KEY (`planId`) REFERENCES `Plans` (`id`) ON UPDATE CASCADE,
  CONSTRAINT `FK_Visits_Results` FOREIGN KEY (`resultId`) REFERENCES `TableElements` (`id`) ON UPDATE CASCADE,
  CONSTRAINT `FK_Visits_Users` FOREIGN KEY (`userId`) REFERENCES `Users` (`id`) ON UPDATE CASCADE
) ENGINE=InnoDB DEFAULT CHARSET=latin1;

/*Data for the table `Visits` */

insert  into `Visits`(`uuid`,`date`,`feverish`,`larvicide`,`comments`,`resultId`,`userId`,`planId`,`houseUuid`) values ('\00Ct+Oc','2015-07-22',0,0,'',2002,12,55,'L-c@.L۬po'),('\0>`/E(H^k','2015-07-21',0,0,'',2002,9,45,'0FC3܋R%}'),('\0OpG֍\"','2015-11-25',0,360,'',2001,10,86,'BvBg'),('CHۢ|W	','2015-11-25',0,0,'',2001,9,85,'a?OMP/Ux5'),('oON6MPVp','2015-07-23',0,0,'',2003,13,71,'g[^C1DZ'),('ty:O9]zeb','2015-11-25',0,0,'',2001,9,85,'SZ#A@*'),('?BVOU','2015-07-21',0,100,'',2001,10,46,'osgF@+v'),('$zHi󌶭zv','2015-11-25',0,0,'',2001,8,84,'z NDt]'),('yL\"L60','2015-07-21',0,0,'',2002,12,48,'TKA4F<e'),('MU|EQXZKC','2015-07-21',0,0,'',2004,10,46,'4cC\'p{	'),('o}=|ImJ&','2015-07-21',0,0,'',2001,13,49,'o@ wNQd(E'),('jMMh`@','2015-11-25',0,0,'',2002,12,88,'QpHcK#.;'),('IJC􉉓[-?U','2015-07-23',0,20,'',2001,9,67,' 0Cgv\"'),('RlmJz-=L','2015-11-25',0,0,'',2002,13,89,'	=^I4C	C(;'),('?O0@U','2015-07-22',0,0,'',2001,9,52,'Ƭ\'K\n#`-'),('\n.T@Ld!','2015-07-23',0,0,'',2003,9,67,'3FP>'),(';8Ej@l','2015-07-22',0,0,'',2001,13,56,'XO[5HKϽ'),('<ŵIz!','2015-11-25',0,0,'',2001,8,84,'MƆaF[c\r1X'),('=;A沕','2015-07-22',0,0,'',2001,8,51,';D pC}\r'),('|L\"Bj','2015-07-21',0,0,'',2001,10,46,'j0A+1-'),('BO66R=','2015-07-21',0,0,'',2001,8,44,',3`G@N$F'),('o8LA9w','2015-07-22',0,0,'',2002,14,57,'RtMl3s'),('>Fi^','2015-11-25',0,0,'',2001,13,89,'Z\rDՎ#<\n'),('Dxp7NC','2015-11-25',0,0,'',2003,13,89,'[hCHV'),('︃L_LBf','2015-07-23',0,0,'',2003,9,67,')I}OMv'),('\Z̤|hE','2015-07-23',0,0,'',2002,12,70,'кA_q'),(')+@K#Ct','2015-11-25',0,0,'',2003,10,86,'yy 5mDn݇k'),('-{u<E9ԛ','2015-07-22',0,0,'',2002,14,57,'.) EHM\ZtS'),('3GΉTĩ','2015-07-21',0,0,'',2002,9,45,'YHAo}Kq'),('tEMEٜ','2015-07-21',0,0,'',2002,8,44,'\rW\'NWv\r'),('9X@T4X_','2015-07-23',0,0,'',2003,13,71,'(ӵ-pCT\''),('9KBמ ','2015-11-25',0,0,'',2002,10,86,'VwC}rފ'),('կBA5:\0','2015-07-23',0,0,'',2001,8,66,'k@B(J'),('\0=GIpޫz','2015-11-25',0,0,'',2001,8,84,'~f#7B%+x'),('NPC@OXS','2015-11-25',0,0,'',2001,12,88,'eQA_-k'),('M>6y0>','2015-07-21',0,20,'',2001,13,49,'MʫkJcW&M.'),('*=KrFv','2015-07-23',0,20,'',2001,12,70,'ݰfhExf[ '),('LLb[','2015-11-25',0,0,'',2001,12,88,'uU<uBc:LGj'),('	,Epp','2015-07-22',0,0,'',2002,8,51,'&n+C`\ZWY'),('	\Z8=Jc<z\'','2015-07-21',0,0,'',2002,9,45,'pښOAy:[%'),('\n~IiO|O','2015-07-23',0,0,'',2001,14,72,'XLp DkO,'),('\n)>N:>\",}','2015-07-22',0,0,'',2004,9,52,'AtC3~+w'),('Kz@CӇ','2015-07-22',0,100,'',2001,13,56,'&lIrOD'),('R:M4}(','2015-07-22',0,0,'',2002,14,57,'S/KóJ'),('=IGk0','2015-11-25',0,0,'',2001,12,88,'dpUFǇpW_'),('щN*wU','2015-07-21',0,0,'',2002,12,48,'99KcHlOծ'),('4Fȝj','2015-07-21',0,0,'',2001,11,47,':[A#f	bq8'),('\r:\\`O+M]ڔ','2015-11-25',0,0,'',2002,14,90,'I<9\n'),('\nJMJs /','2015-07-23',0,0,'',2001,8,66,'{Vd|LU4yË'),('Ѫ/CA	qX','2015-07-23',0,0,'',2001,8,66,'KDP#LS'),(',A8ݽr','2015-07-23',0,0,'',2004,11,69,'\n:ƽA4-SJ:'),('$A^\n0E','2015-07-23',0,0,'',2003,8,66,'PlKGe'),('1Mtfc5','2015-07-22',0,0,'',2002,9,52,'mˁLտ^Qh'),('lJǀz','2015-07-22',0,0,'',2002,9,52,'NyN;Β'),(')-ýBP\\C\"','2015-11-25',0,20,'',2001,13,89,'G0C1}Ic'),('3JN\0aJ','2015-07-22',0,0,'',2002,10,53,'/W@>oJ;'),('?^sMb	X','2015-07-22',0,0,'',2002,8,51,'$7GAa]'),('E%Imi%','2015-07-22',0,0,'',2001,14,57,'YDF$9'),('zvi]FzR!R','2015-07-22',0,0,'A un balde pequeño se concidero en otros',2001,10,53,'s:CwpN'),('AG\'F;','2015-07-22',0,0,'',2001,14,57,'8OyMcKd'),('<\"B߲','2015-07-22',0,20,'',2001,10,53,'@}9e@\'$q6P'),('[KdIAY','2015-07-22',0,0,'',2003,13,56,'Fu\ZQ'),('@DBM>t(','2015-07-21',0,0,'',2002,12,48,'%H8Aw'),('q.I#WX','2015-07-23',0,0,'',2001,9,67,'k5ERDfX5'),('&D_O5@jM','2015-07-22',0,0,'',2002,9,52,'OdDzFuj'),('M@)-S','2015-07-21',0,0,'',2002,11,47,'>Ld\\Gnkg\\'),('gNV','2015-07-22',0,0,'',2003,10,53,';®_?E%s[L6'),('N)MQ(z','2015-07-23',0,0,'',2003,8,66,'/@Nt'),('0ʲHִrz>','2015-11-25',0,20,'',2001,13,89,'#aI8'),('ԣ@FGĶM','2015-07-22',0,0,'',2001,12,55,'z#A:bP7'),('q0/Eq>+_Q','2015-07-23',0,0,'',2003,13,71,',+LḬ'),('zfΰH`_','2015-07-23',0,20,'',2001,9,67,'LnXѦ'),('n@ɟfi`S','2015-07-23',0,100,'',2001,14,72,'fSZGݴ'),('X\nmF Xk1(','2015-11-25',0,0,'',2001,12,88,'Yv\"4OO_1'),('?@EDa\\X','2015-07-22',0,0,'',2001,13,56,'-6DӉY0'),('@ǵeM񚈔\\(e','2015-07-22',0,0,'',2003,14,57,'UZdNIH\0]'),('LќK+¼T ]+','2015-11-25',0,0,'',2002,13,89,'qECXt'),('WrOyT x','2015-07-23',0,0,'',2003,9,67,'O[NNr`'),('(tMm7X','2015-07-23',0,0,'',2003,13,71,'?Htn\r'),('%mGȧkQd@','2015-11-25',0,0,'',2001,12,88,'5eJIuS8?j'),('D$PiϙL','2015-11-25',0,120,'',2001,12,88,'@7i笊kS'),('|NOGt}\'p','2015-07-23',0,0,'',2003,13,71,'ZatC;=='),('2fY#C74~kd','2015-07-22',0,0,'',2001,11,54,'xdI+AYyT1R'),('1K:j@[','2015-07-23',0,20,'',2001,10,68,'	|CgsX0v '),('\ZlYLUt','2015-07-21',0,0,'',2001,14,50,'@A~O5/J'),('\Zf\'cA1?zCQ','2015-07-21',0,0,'',2002,10,46,'@E}2Kк'),('\ZnJfYC?','2015-11-25',0,0,'',2003,10,86,'NMGe'),('igdD܅','2015-11-25',0,0,'',2001,9,85,'d.iL惭]\r'),(']D\Zz¸','2015-07-23',0,0,'',2001,13,71,'xOs	b'),('JƼqDJ','2015-07-22',0,0,'',2001,13,56,'8lBE0B'),('kCqA)wY','2015-11-25',0,0,'',2002,13,89,'S,\\jINss'),('r(LG)<y','2015-07-23',0,360,'',2001,9,67,'v1V@LE`'),('}_GxpRV','2015-07-21',0,0,'',2004,14,50,'HKMuNq5G'),('wO1','2015-07-23',0,0,'',2001,8,66,'w@+|'),('1JIZY[?','2015-07-23',0,0,'',2003,14,72,' lMu$'),('<JJ}d*#','2015-07-23',0,0,'',2002,11,69,'\Zk9JOrZR'),('OžiKɱ3z','2015-11-25',0,0,'',2002,14,90,'R<A@!r'),('.bBhVP_','2015-07-22',0,0,'',2002,9,52,'rL\ZBrBiN'),('CrL}P*','2015-07-21',0,0,'',2001,11,47,'0H8.q.'),(']^@ҤYW~','2015-07-23',0,0,'',2002,12,70,'(.$׌KQgH\n'),('U$N2i','2015-11-25',0,0,'',2004,9,85,'?&+GAe'),('suFť=K:','2015-07-23',0,20,'',2001,13,71,'G\"ONerx'),(' 	nJC\'K!','2015-07-22',0,0,'',2001,14,57,'+ߌO*ry'),(' WۧJӝ)','2015-11-25',0,0,'',2001,12,88,'zUxG߅5/q'),(' 6TK7+lz~','2015-07-22',0,0,'',2002,13,56,'+YHV\r(H=è܈'),(' ÔMNU=','2015-07-23',0,0,'',2001,8,66,'r7YEDM$6'),(' N	8Ӵe','2015-11-25',0,0,'',2001,11,87,'SS\'%N+dI\"'),('!IrІ&','2015-07-21',0,80,'',2001,9,45,'4@_9X'),('! K#\"@p','2015-11-25',0,0,'',2002,9,85,'4c_O{`[3'),('!QQ<L','2015-07-21',0,0,'',2002,9,45,'*C O}4'),('!{Gj6zrY*a','2015-07-21',0,0,'',2002,9,45,'%Mhc-+`'),('!NuY','2015-07-22',0,0,'',2002,10,53,'ߤEj'),('!kHI[,9.','2015-07-23',0,0,'',2001,14,72,'C٣L(gD\0~'),('\"1BsNFqxnw','2015-11-25',0,0,'',2001,13,89,'JIۚP=w/'),('\" RLilIgS','2015-07-23',0,0,'',2001,11,69,'&tZD_7'),('#HO*6=p{','2015-07-21',0,0,'',2003,14,50,'wjwyGt'),('#S!>@ΉشQ','2015-07-23',0,0,'',2002,13,71,' p%Eiؼo'),('#怴4LG{O','2015-07-21',0,0,'',2001,10,46,'`bbFޱ1E,'),('#,@֝㝀','2015-11-25',0,0,'',2001,11,87,'J6P4.'),('$LzOB11','2015-11-25',0,0,'',2003,10,86,'o>KھY?Ԓ;'),('$Z\rp@7ȼ','2015-07-23',0,0,'',2001,11,69,'(@.RLVv'),('$GEOTgB','2015-07-21',0,0,'',2001,9,45,'J!WA`^D'),('$Hɺ\06','2015-11-25',0,0,'Colegio',2001,8,84,'I+P(='),('%/<HZB3.','2015-07-23',0,20,'',2001,9,67,'UݕyO8ɑɜ'),('%7S@FJ7$','2015-07-22',0,20,'',2001,12,55,'Mt뵔I?2*e\''),('%8@[}4%tJ','2015-07-21',0,0,'',2002,10,46,'4OLN $%'),('&1O~2b6\Z_','2015-11-25',0,20,'',2001,10,86,'@#\ruKE1\Z.\\V'),('&.	Kؗ1Z','2015-11-25',0,0,'',2002,8,84,'&|EAydM&h'),('\'E~MoD','2015-07-23',0,0,'',2001,13,71,'%L|jAs8'),('\'\nGKDL0m','2015-11-25',0,0,'',2001,13,89,'*VE\"c'),('(\rVHj`','2015-07-22',0,0,'',2002,13,56,'yǟ?C)iP|W'),('(wwB1ҺQ#','2015-07-22',0,0,'',2002,14,57,'>	\nFoqG:E'),('(Z5sK?7L','2015-07-22',0,0,'',2002,9,52,'O}M0r'),('(C	U}','2015-07-23',0,0,'',2001,10,68,'LgжFc7'),(')H	!N\0\'','2015-07-23',0,0,'',2001,14,72,')Aj*f,'),(')rI0H\n\Z0','2015-07-21',0,0,'',2003,12,48,'DCF\0j]'),('+M&bbOiIa','2015-07-22',0,0,'',2001,8,51,'w7AGƱ'),(',RBZMS+','2015-07-22',0,0,'',2002,12,55,'JAU|Mf\0DF\Z'),(',egf~A*?5e','2015-07-23',0,100,'',2001,14,72,'A[G53&\Z'),('-1LIwTJg','2015-07-22',0,0,'',2001,9,52,'?DY\"ビ'),('-jK>SL(r','2015-07-22',0,0,'Centro comunal, cuna mas.',2001,9,52,'B۽@\Z_k'),('.WQHEL8͗\\','2015-11-25',0,0,'',2001,12,88,'\nX&Mʴ\0pR)x'),('.iJOEo[	DC','2015-07-22',0,0,'',2001,11,54,',vCW3P$޽Մ'),('.ŷёBph_I','2015-07-21',0,0,'',2001,10,46,'s߶+J̎6GS'),('.YCHkc\"','2015-07-23',0,20,'',2001,10,68,'RWH-+fɒuA['),('.^*I2{','2015-07-23',0,0,'',2002,14,72,'U@Y0Mq;'),('/	o̲B{v3','2015-11-25',0,0,'',2002,12,88,'5D쓁'),('/yBYw','2015-07-23',0,20,'',2001,12,70,'+LRTv\"?'),('/R_AG\0,E','2015-07-23',0,0,'',2001,11,69,'îH]Fj\' I'),('/hC3k\0R!','2015-07-21',0,0,'',2003,8,44,'dmӯD-·t'),('/ơGe@DZ','2015-07-21',0,0,'',2001,14,50,'zhKˠiSh\0'),('/YG欬g\0,','2015-07-23',0,0,'',2001,10,68,'7c\rCRZ}Xm\0'),('/SJ\ZAGI?','2015-07-23',0,0,'',2001,8,66,',}vWFz'),('0MɗF4jz','2015-11-25',0,0,'',2001,8,84,'b0_CGiU'),('0T]EgE','2015-07-22',0,0,'',2001,11,54,'̴h{C9Q'),('0VGGA^\\V','2015-11-25',0,0,'',2001,13,89,'C;25'),('0\0L$#*g','2015-11-25',0,60,'',2001,14,90,'o\r\\tEjK0'),('0\'IJbz\n','2015-07-23',0,0,'',2001,11,69,'őG(2G^'),('1Ľπ]L9\rc','2015-07-21',0,0,'',2002,12,48,'LY?EU=۝'),('1\\\n1FӳG\"M\0','2015-07-22',0,100,'',2001,12,55,'=ʲE-bO'),('2\n<D<[','2015-07-22',0,0,'',2001,9,52,',~Equ{'),('2R{9J>5-','2015-11-25',0,0,'',2002,12,88,'ZAۮjJ΍A$'),('2#>iOKi1','2015-11-25',0,0,'',2003,11,87,'YˉLī'),('2I-G=b','2015-07-22',0,0,'',2001,11,54,'-wC4G5p#d'),('3]M͓o*t_','2015-07-23',0,0,'',2001,8,66,'KAɾ(O'),('4~|B;IUüf','2015-07-23',0,0,'',2001,8,66,'CU@qտ'),('4pL>@F=\r/S','2015-11-25',0,0,'',2001,13,89,'n!J6By'),('4H?Nv-6M=','2015-07-22',0,20,'',2001,10,53,'WADg'),('5myXF\rGC','2015-07-22',0,0,'',2001,9,52,'jNщfeVQ'),('5%⪅Cʙj W','2015-07-23',0,20,'',2001,12,70,'\nIȰR\r,'),('5JuCA1\"!(Y','2015-11-25',0,0,'',2002,10,86,'JHψrc8~P'),('5P\"@#E,w','2015-07-22',0,0,'',2001,8,51,'{ɧJɦSzTW*'),('6}JY.Iv$x6','2015-07-22',0,0,'',2001,8,51,'/0A޿g	y'),('7!JN07j','2015-07-22',0,0,'',2001,14,57,'#D\nj'),('7؈@pĒ7','2015-11-25',0,0,'',2001,9,85,'NVXKi'),('7IsBC','2015-11-25',0,0,'',2001,14,90,'\"Iћ2A'),('8QABA%','2015-11-25',0,0,'',2002,8,84,'5\rI_(E6'),('8Dj@S.س~g','2015-07-23',0,0,'',2001,12,70,'T|tLϝ.~'),('8vI?CL','2015-07-22',0,0,'',2003,9,52,'0dlcI7}|'),('8{hLGSI>','2015-11-25',0,0,'',2003,12,88,'g$OF՚憗A'),('8-BEVj','2015-07-23',0,0,'',2001,12,70,'b!oEC_~Di'),('9䤨v@x+\"','2015-11-25',0,0,'',2001,10,86,'ByeLB+`ְ'),('9b6pTCwKCj}','2015-07-23',0,0,'',2002,9,67,' HQ1kSZ'),('9NOeɑ6^','2015-07-22',0,20,'',2001,11,54,'\0	UI3|xM'),('9hfO(o','2015-07-21',0,0,'',2002,11,47,'|1I!p'),(':eNIh','2015-07-23',0,0,'',2001,11,69,'u_L.MLY'),(':OF\Z2','2015-07-24',1,80,'',2001,18,73,'Oo'),(';Rk)+H/X#{>Y#','2015-07-23',0,0,'',2001,8,66,'#$Dթb/B'),(';WezALЊ','2015-07-21',0,0,'',2001,10,46,'Y\\H컈]>}'),(';hxM6\rdC~','2015-07-22',0,0,'',2002,11,54,'zad}B>զL'),(';\ngOv 1ʢ','2015-11-25',0,0,'',2001,8,84,'*Ap}6'),('<N?߷JJô','2015-07-23',0,0,'',2001,9,67,'XCPxܮ'),('<ȈRLLǘРA]b','2015-07-23',0,0,'',2001,9,67,'6\']M6FOQn@'),('<p\nDqYXY','2015-11-25',0,0,'',2001,13,89,'as8FCc\0H(#'),('=jR 	IR)s4','2015-11-25',0,0,'',2003,10,86,'P+J'),('=ʊHDU zFEv','2015-07-23',0,0,'',2001,13,71,':/)ʎL:[-'),('=!kL1','2015-07-23',0,0,'',2002,13,71,'YbM0]A\rHō'),('>$(-OS&c	','2015-07-23',0,0,'',2001,9,67,'y$MM!/|{'),('?\Z>FBz\Z','2015-07-22',0,0,'',2001,9,52,'x9PTBۚ '),('?\rbIkht`|','2015-07-23',0,0,'',2001,13,71,'-J1NA4<{9'),('@~A@ǅRK','2015-07-23',0,0,'',2001,9,67,'jg&eF{G%h'),('@/\0L\"0ԭ','2015-07-22',0,0,'',2002,14,57,'b*lz<MJ?.\\mf'),('@w!E\'','2015-07-22',0,0,'',2001,13,56,'+\\DZ4\"0'),('@؂rIۅ\Z_o','2015-11-25',0,0,'',2001,8,84,'/8OC	'),('A9ID	s܄','2015-07-21',0,0,'',2001,11,47,'>`\rDR\n4'),('AOI2G','2015-07-22',0,0,'',2001,14,57,'ׯnG3vK\n'),('AGi2A#g-','2015-07-23',0,0,'',2003,10,68,'kGށ7\0u'),('B]8mAh;yD>{m','2015-07-22',0,0,'',2002,11,54,'mKBI}'),('Bu޺TAC9W','2015-07-22',0,0,'',2001,12,55,'k\"\ZOnq'),('BDq׍1','2015-07-22',0,0,'',2001,9,52,'KJ<.`f'),('BG7Fk.#>','2015-11-25',0,0,'',2001,9,85,'>nTAXl$&'),('B*x,JAZбS','2015-11-25',0,0,'',2002,11,87,'+|Dš!'),('C\rKjE]\r&J','2015-07-21',0,0,'',2004,14,50,'`ֱ:@pв2'),('C&SKͳ','2015-07-22',0,0,'',2002,11,54,'`	|JAӓd'),('CAHVNn','2015-07-23',0,20,'',2001,9,67,'K[К\0Ceտx'),('D6PNS)9','2015-11-25',0,0,'',2001,9,85,'f]=B1ERz'),('DiQyMe\"2','2015-07-23',0,20,'',2001,13,71,'6E`r'),('DtlB7N^','2015-07-23',0,0,'',2002,13,71,'ˡOuo@R,)'),('E\r*rOEI!#','2015-11-25',0,0,'',2002,10,86,'?KlEY'),('E1-Nd5I','2015-11-25',0,0,'',2001,11,87,'#p\\hD#'),('E_C4BKJ','2015-11-25',0,0,'',2002,9,85,'ZkEg$L)⪒'),('F	;=GH{3','2015-07-21',0,20,'Presencia de botellas',2001,13,49,'H\"(CCxgT	'),('FKHKx7;','2015-07-21',0,0,'',2003,8,44,'L\'L]O2'),('Ft4s\'G-','2015-07-23',0,100,'',2001,9,67,'jXAV:J2w'),('F)0AaG0S','2015-11-25',0,0,'',2002,9,85,'iH;kK;HxI)'),('F9bJH\'	','2015-07-21',0,20,'',2001,13,49,'OdyIFFҟ'),('FG^~JT','2015-07-22',0,120,'',2001,14,57,'&˽ArE\r]`b'),('G~QK0r%:@','2015-07-23',0,20,'',2001,14,72,'Zo4E	j[0g0.'),('GTBy*','2015-11-25',0,0,'El tanque elevado  no se pudo observar',2001,12,88,'2`Jn_0'),('Hd+HH)`','2015-07-23',0,0,'',2001,13,71,'O	O	dy'),('H4!Fp5Q','2015-07-22',0,0,'',2001,12,55,'IGFKT'),('IqCA({','2015-11-25',0,0,'',2001,14,90,'7DqDU텝3'),('I!,Ol{','2015-11-25',0,0,'',2001,12,88,'GKG	NL߃'),('I5Bk]','2015-07-23',0,0,'',2001,12,70,'hbn@|k1&j'),('I.	E<x@','2015-07-23',0,0,'',2001,13,71,'\Z^\nH\0ÜP'),('J\rD:^Ay5','2015-07-22',0,0,'',2002,13,56,'oqI<pAͺDz'),('Jmԝz:I٢@boO','2015-07-21',0,0,'',2002,9,45,'zBɖ!'),('JػdGc	 4nS','2015-11-25',0,0,'',2004,9,85,'x^$LYB}ǗM'),('KeKI9Sl.c','2015-07-22',0,0,'',2001,9,52,'@tx'),('K$F vAkɝ','2015-07-22',0,0,'',2002,14,57,'q4@\0V<Y'),('K#Oc`f%f','2015-07-22',0,0,'',2002,13,56,']_@Љ9 m'),('Kme@J$(Oh9','2015-11-25',0,0,'',2002,13,89,'G_\"Lk1='),('L)O	A\\x$!\'','2015-07-21',0,20,'',2001,10,46,'8kIKͅ,,XC'),('LmȪNBbmn$=','2015-07-23',0,0,'',2001,11,69,'ZU]EaXϬqa'),('L׌M8;{h','2015-07-22',0,20,'',2001,14,57,'Dt\'6J\r6u '),('M>3~APEr:','2015-07-22',0,0,'',2001,11,54,'|>7B~BA>'),('NLME%','2015-07-22',0,0,'',2002,9,52,':JNq'),('OFDfæ3','2015-07-22',0,0,'',2001,9,52,'~)Mg+FRP({6'),('ORO֑[.','2015-07-22',0,0,'',2002,14,57,'J	J_Vu'),('OG!G ҒE1','2015-07-23',0,0,'',2003,13,71,'޵D4e8'),('OFnGIL','2015-07-22',0,20,'',2001,14,57,'/CCkBra'),('P2V2	IsFW','2015-07-23',0,20,'',2001,10,68,'37`M2@i3'),('PCJ@ټĲ$(d','2015-07-22',0,0,'',2001,9,52,'_JkF`y'),('P_enE1}pf','2015-07-21',0,0,'',2001,8,44,'g-@Ļ'),('Q$*\'#LۉM6sA','2015-07-22',0,0,'',2001,14,57,'hJiIѺhd'),('QRJ ^G','2015-11-25',1,0,'',2001,10,86,'gїիZGtݽ'),('RC˂Qpđ','2015-11-25',0,0,'',2001,13,89,'Y??CDZSS'),('R̳TqjJ\'=R8C','2015-07-21',0,40,'',2001,10,46,'GYBY0;x'),('R@	}WEP\nP;g','2015-07-22',0,0,'',2002,14,57,'&ʎL&S'),('S&J@U*	gF','2015-11-25',0,380,'',2001,10,86,'&8\ruHF#'),('SUCxo','2015-07-23',0,0,'',2003,13,71,']-eCϪ#O'),('S<otJ6J:G','2015-07-22',0,0,'',2001,11,54,'ACߠ2S|'),('Ss4־C;7l]O\n','2015-07-23',0,0,'',2002,11,69,'sdC[!'),('TFAz.B2$_','2015-07-21',0,0,'',2003,8,44,'L6NBcsNLAyT'),('TΨE	R','2015-07-22',0,0,'',2004,8,51,'_I(vj'),('UI0@b U','2015-07-22',0,0,'',2002,14,57,'XTtNr-I='),('UκMﶛDc','2015-11-25',0,0,'',2002,12,88,'Nq9N?Q~R'),('V&*ߔc@j,\r,','2015-07-22',0,0,'',2001,8,51,'(EE۫UԊ'),('VkVuJ\0:{','2015-07-23',0,0,'',2002,9,67,'1!sG1D{<r8'),('Vz=	F$H8&ΟMcZ','2015-11-25',0,0,'',2004,13,89,'y)J`?'),('V~@|#','2015-07-22',0,0,'',2001,12,55,'瑘En?a~'),('W\0E+ @H','2015-07-23',0,0,'',2001,12,70,'dSHkkx&%'),('Wr5DM\"^m','2015-07-22',0,0,'',2003,9,52,'EbIŝ ~2\r'),('W7PoH⠋.','2015-07-22',0,0,'',2002,10,53,'N0p3KANmj'),('WiL<Lpގ','2015-07-23',0,0,'',2001,10,68,'Բt@9az'),('X*;oG\'	e0','2015-07-22',0,0,'',2003,13,56,'Ģ,H/1q'),('Y#LRܥ2','2015-07-23',0,0,'',2003,11,69,'ZלEI:W\Z'),('YfE3p','2015-11-25',0,40,'',2001,14,90,'a>2(M&ح>'),('ZCAe2X','2015-07-21',0,0,'',2002,9,45,'z&{KA\0&;'),('ZF%bN5','2015-11-25',0,20,'',2001,9,85,'UcC(\0\''),('Z.Ck%S','2015-11-25',0,0,'',2001,8,84,'KciLLO`J<i]%'),('[	KJH','2015-07-23',0,0,'',2001,14,72,'do,\'wLPX	'),('[28}Lُ(','2015-11-25',0,0,'',2001,12,88,'$\")KL	>5&.'),('[MhFk&º','2015-11-25',0,0,'',2002,12,88,'KwLh\r*'),('[^({Jz](','2015-07-23',0,0,'',2003,9,67,'G]*H;܃'),('[t\'`˷NmzQ','2015-07-23',0,0,'',2003,9,67,'70>7OA1T'),('[3F5I7aD0','2015-07-22',0,0,'',2001,12,55,'SvȹOPm'),('[bZsG9F','2015-07-22',0,0,'',2001,14,57,'>jL7j{S2G'),('[SMc!~X]','2015-11-25',0,0,'',2001,14,90,'5\rPNjk'),('[3EEeIt','2015-07-21',0,0,'',2002,11,47,'j絼L'),('\\hXJv78~','2015-11-25',0,40,'',2001,13,89,'GIpz'),('\\\'JJRJT	','2015-11-25',0,0,'',2001,12,88,'ZK?{'),('\\BJO>]b(','2015-07-22',0,0,'',2001,9,52,'-7LT骥'),('\\27)iFiH	','2015-11-25',0,0,'',2003,10,86,'/+xI0R*nN'),('\\FDF[_','2015-11-25',0,20,'',2001,11,87,'4jf=NpPO'),('\\O`N!II','2015-07-22',0,0,'',2002,11,54,'e\\C!_'),('\\uNEvg$z','2015-07-22',0,0,'',2001,9,52,'qpCŞ7Ѯ'),('\\/rNO+x7b','2015-07-22',0,0,'',2001,14,57,'ZJ\'KZ|2('),(']\nŜ <F^sa-7&','2015-07-23',0,0,'',2001,11,69,'!_JO(q'),(']O篪Cz>~,`&','2015-07-23',0,0,'',2003,9,67,'̤MP'),(']9ݸCԪq:hk','2015-07-21',0,0,'',2002,10,46,'P-JTkTG6'),('^fI| E','2015-07-22',0,0,'',2003,13,56,'I\0=QMf'),('^SMmIn','2015-07-23',0,0,'',2001,10,68,'⣓QCIa[(<'),('^C\'=J+Qho','2015-07-22',0,0,'',2001,9,52,')@IPnAPQ'),('^LOq`\"-','2015-07-21',0,120,'',2001,8,44,'F)J>KD'),('^P/*GN</!۱','2015-07-23',0,0,'',2002,8,66,'r\r;Iנ<ݯ'),('^k*4=L]P','2015-07-23',0,0,'',2002,9,67,'rIˑ\rxn8'),('^9|.Cbᚏ\0','2015-11-25',0,120,'',2001,14,90,'6MHF'),('_SxOG(le','2015-07-21',0,0,'',2001,8,44,'AjeVIZlhٻ'),('_G @.:{','2015-11-25',0,0,'',2002,12,88,'ԥڦijC{?&^'),('`;LKԭR)N','2015-11-25',0,0,'',2001,10,86,'{YGYJwo'),('`0ML^lF~^X','2015-07-22',0,0,'',2001,14,57,'~lN~'),('`tAeӡAPJ6','2015-07-22',0,0,'',2001,14,57,',ϰjNFi\"'),('`}AxLM+.','2015-07-23',0,0,'',2001,13,71,'xAJ;V'),('`SRKGC]H','2015-11-25',0,0,'',2002,11,87,'BK	7NB\Z_U'),('aqhV<F\'4Uw+','2015-07-21',0,40,'',2001,14,50,'qqJ|47u?ʰ'),('b\"&N8ք','2015-07-23',0,0,'',2001,12,70,'Cǩ '),('bG EFCl-עe','2015-07-23',0,0,'',2003,8,66,'lKHz\Z\0e?'),('c<p|@V?','2015-07-21',0,120,'',2001,10,46,'BP:b\":H/\'#%j'),('c<1mC^aG','2015-11-25',0,20,'',2001,9,85,'0\'1EhA̼'),('cl$Jͣ5','2015-07-22',0,0,'',2002,13,56,'&)`LY'),('cs}OtqN','2015-07-22',0,0,'',2001,10,53,'FE[9\Z'),('cʙHhD9ӕg','2015-11-25',0,40,'',2001,11,87,'sN׬'),('c5J\\(','2015-07-21',0,0,'',2001,9,45,'WmHJUQ^p'),('cfDQ}N7b','2015-11-25',0,0,'',2003,14,90,'o jGW)I/p1'),('c4SIj\0]clj3','2015-11-25',0,0,'',2001,14,90,'3jnQOYm'),('dX>M Mb','2015-07-22',0,0,'',2001,13,56,'YCȘdu\\=*1'),('d\nTFf k<','2015-07-22',0,0,'',2001,13,56,'?|BҴr'),('ePD`~$Z','2015-07-21',0,0,'',2001,8,44,'\'uLJC}'),('e4G|','2015-07-21',0,0,'',2003,10,46,'\ZqGwjb'),('f\rݵ@8J)4`Cp','2015-07-22',0,0,'',2003,14,57,'[kBVgh\\'),('fREO8h%','2015-11-25',0,0,'',2002,13,89,'tڗ[NF,%'),('g\'u@L\Z}|E','2015-07-22',0,0,'',2003,13,56,'8$o0Mh,߃'),('gr	@v(@','2015-07-23',0,0,'',2001,14,72,'HӐI<{q#'),('gݪ&@( ݋QF]','2015-07-22',0,0,'',2001,13,56,'`u@\0,O='),('g\'M\'Mʆp#My','2015-07-23',0,0,'',2001,12,70,'2B5F崲UmX'),('hCBڦvD','2015-07-23',0,0,'',2001,8,66,'i\rH@\0l'),('hHzaC%GjX','2015-07-21',0,0,'',2002,8,44,'=AA$S:'),('h\'\\\"BǥoŨ-S','2015-07-22',0,0,'',2001,12,55,'t^_Eϯcy'),('i\"XrF]|K8c','2015-11-25',0,20,'Casa con varias familias',2001,9,85,'Εf6IA>O'),('iRI#CXOcJ','2015-07-23',0,0,'',2002,11,69,'\\8KǊ'),('ilh@@\nZ0d','2015-07-22',0,0,'',2001,9,52,'HY.D#xog'),('iqDBIb탥','2015-07-22',0,0,'',2001,11,54,'J3Czf'),('irFSAV\"','2015-11-25',0,0,'',2003,13,89,'$iOrH'),('iʋ@,b;','2015-07-22',0,0,'',2002,14,57,'\ZzBƄT'),('jȵ)OJ^/s\n','2015-07-23',0,0,'',2002,10,68,'EXW<L#ھSq'),('kCH)','2015-07-22',0,100,'',2001,14,57,'0AĄ8v'),('k^B%c,','2015-11-25',0,0,'',2001,8,84,'1pGӜ+T\r^'),('kS^PFO\nj','2015-07-21',0,40,'',2001,11,47,'/YEKQ%)cR'),('k۔\"H_\'+l','2015-07-22',0,0,'',2002,12,55,'ޥMwD'),('k}JZ$','2015-11-25',0,0,'',2002,11,87,'G\Z7Nߣ֜2'),('l-rI0-','2015-07-21',0,0,'',2001,12,48,'3j}Mbf?'),('lTLE|\'y','2015-07-21',0,0,'',2002,8,44,'v$@Jɭ'),('lۂwCAo','2015-11-25',0,0,'',2004,9,85,'N%DգK:̶'),('mۺKn','2015-11-25',0,0,'',2001,9,85,'3NH&/v'),('m_E=¹L*','2015-11-25',0,0,'',2003,11,87,'EA	T'),('nEG4yk<','2015-07-23',0,160,'',2001,14,72,'bzCDXr]t09'),('nNK%F&Io','2015-07-23',0,20,'',2001,10,68,'eF捀)DGM'),('ng0@>\r=','2015-07-23',0,0,'',2002,8,66,'`@SIׇĻ'),('oδVMFϔ@gw','2015-07-23',0,0,'',2002,13,71,'[p_ZFr|$*b'),('o@aL0','2015-07-23',0,0,'',2002,12,70,'Z1JgyWN'),('opG]Yw','2015-07-23',0,0,'',2002,12,70,'~ZADU@4+'),('ow\nn\r@hz.','2015-07-23',0,40,'',2001,13,71,'pfIxF1V'),('p/[Jh악=;','2015-11-25',0,20,'',2001,13,89,'6 qDFV 4'),('pXąE$d','2015-11-25',0,20,'',2001,9,85,'lA>\n1'),('qAXQr@t6j','2015-11-25',0,0,'',2001,8,84,'Ufv!GʄX}Oy'),('qmNzDō\Z','2015-07-23',0,0,'',2002,11,69,'+\rSD{'),('rgeFn','2015-11-25',0,80,'',2001,11,87,' UqBʠᒫ'),('rZIOL','2015-07-23',0,0,'Cuna mas',2001,9,67,'Y\"Dmç'),('rRM![~<ǆ','2015-07-23',0,0,'',2002,11,69,'\0eN2ʬ'),('r(N1{','2015-07-23',0,0,'',2002,9,67,'UӚqHؿ%f'),('rwIU','2015-07-23',0,0,'',2002,13,71,'-OdME-ff'),('sq\\M%LD','2015-07-22',0,0,'',2004,8,51,'$4IDo'),('sՃ\'D\n\"','2015-07-22',0,340,'',2001,12,55,'m&!\0MLڊ`T'),('tx4FO\\3K\0','2015-07-23',0,0,'',2002,10,68,'^\Z\roGªƍ'),('t\0F\ZQN?','2015-07-23',0,40,'',2001,11,69,'OݮOڲTe'),('tk?BI+[a','2015-07-22',0,0,'',2001,9,52,'08+E6 =3^'),('t ]C&C	a','2015-11-25',0,0,'',2003,13,89,'yN祌'),('uJ%TO_sT','2015-11-25',0,0,'',2001,13,89,'tOO'),('uYHQ̿','2015-07-23',0,0,'',2001,9,67,'GNptVL'),('us?Ãgh\nd','2015-07-23',0,0,'',2002,12,70,'p@aO\n\r'),('u\rM.WՏA','2015-07-23',0,0,'',2002,12,70,'B2lBĴ\\W.YP'),('u궒ZGcQfk','2015-07-22',0,0,'',2002,14,57,'x-MR Dp'),('viMJ?\\dѵ','2015-07-23',0,0,'',2001,8,66,'SL)퀊'),('v`5IrJLR','2015-07-23',0,0,'',2002,14,72,'AFWK_CM'),('vY菚N˖G=bM','2015-07-21',0,0,'',2002,8,44,'53N]\r{ھ'),('v4I\"+Ge','2015-07-22',0,260,'',2001,13,56,'$nEBS~v'),('wؘyU6K\'TU5y','2015-07-22',0,0,'',2001,14,57,'i~dNN-,q'),('x:x?MG@','2015-07-22',0,0,'',2001,10,53,'#AzF5\"'),('xs!8WAI	[[','2015-07-23',0,0,'',2003,14,72,'R-=&K0=-o'),('xwǕC[E3','2015-11-25',0,0,'',2001,14,90,'Õm4G.UY'),('y2ׂqVB䗂\08','2015-11-25',0,0,'',2003,12,88,'\rϰA'),('yb:MG\r\Zk2@','2015-07-21',0,0,'',2002,10,46,'iC]|W.'),('yga2EcFh#','2015-11-25',0,0,'',2003,11,87,':)LCHCblbkk'),('zN\rMHۉ\ZD','2015-07-22',0,0,'',2002,14,57,'}J*aE'),('z93rGG1WUHS','2015-07-22',0,0,'',2001,8,51,'jpJClBl<'),('{\\aJ<dwv','2015-07-23',0,0,'',2002,13,71,'\"H%E*r:M'),('{D=N(Y.\'HP@','2015-07-22',0,0,'',2001,12,55,'٦Ec6(oY'),('{4>\n\"@x3','2015-11-25',0,0,'',2001,13,89,'NhF> q!'),('{cDVM','2015-07-22',0,0,'',2002,9,52,'8PhFlޱ'),('{ȗpO2`','2015-07-23',0,0,'',2001,11,69,'s	5}Cl>'),('{0Bɀ','2015-11-25',0,0,'',2001,14,90,'DzW>\"`'),('},D\\=c`@','2015-11-25',0,0,'',2002,13,89,'Fp+IU'),('~WHJڷ׉Tɪ','2015-11-25',0,0,'',2003,13,89,'W&o9I4'),('~puCJpx','2015-07-23',1,120,'',2001,10,68,'$-\\SG='),('W;3I*3>','2015-07-21',0,0,'',2002,9,45,'Dׁ!vH_IL'),('aLV','2015-07-22',0,0,'',2001,11,54,'j(@dxG'),('K7yI<','2015-07-22',0,0,'',2001,8,51,'JE~τ'),('ҙsCV+*\\	','2015-07-21',0,0,'',2002,8,44,'Kz7AV07s'),(',Ki~C','2015-07-22',0,0,'',2001,8,51,'B0۾D'),('NϽ','2015-07-22',0,0,'',2002,10,53,'}_wFI0l'),('SAK','2015-07-23',0,0,'',2002,10,68,'לC$D S4'),('3\\MA%','2015-11-25',0,0,'',2002,9,85,'89MŎ~J'),('n;b7Aj%-','2015-07-22',0,0,'',2001,9,52,'ߓZvD~p'),('2F,[','2015-07-21',0,0,'',2002,13,49,'%@Y'),('|arA\riP','2015-07-21',0,0,'',2003,8,44,'WEC;GX]k?'),('}GFub.','2015-11-25',0,0,'',2002,10,86,'OC\'NsU'),('Jݩʓ','2015-07-23',0,0,'',2002,9,67,' K̚;\"Z('),('8ÐȖJv','2015-07-22',0,0,'',2001,14,57,'{ԊH3}y0'),('mKD\"%:`','2015-11-25',0,40,'',2001,12,88,'VM$j40Z'),('7GOqV','2015-11-25',0,0,'',2001,9,85,'mB E}\\'),('øA-M|Acq#','2015-11-25',0,0,'',2001,14,90,'PȥE|=,'),('2O\'`]','2015-11-25',0,0,'',2001,13,89,'%Oyoq0'),('!LX.zX','2015-11-25',0,20,'',2001,10,86,'r^Mrgv'),('RtxEh:','2015-07-23',0,0,'',2003,14,72,'?>Js \Z'),('}W-Bհ:MyP5','2015-07-23',0,0,'',2001,8,66,'OuBk0c+$'),('H,WFߜw','2015-07-22',0,0,'',2001,11,54,'KsKDχc'),('(K\r2\ry?','2015-11-25',0,0,'',2001,12,88,'Ah`'),('\"f~2ILg]ko','2015-07-21',0,0,'',2001,12,48,'=ߎGO~Y+S'),('F-%LNcG4\"5','2015-07-23',0,0,'',2004,9,67,'\rLDD=#'),('G.3nϭ','2015-07-21',0,0,'',2002,12,48,'F/XCw2e2Z'),('MFt}','2015-07-23',0,0,'',2003,12,70,'ٽ\\v@\'\07G'),('X&L.ߪu{','2015-11-25',0,0,'',2001,14,90,'n2I\'\" 	'),('sO| Հ','2015-07-22',0,0,'',2003,13,56,'XE3g랢'),('T@ٜ /M','2015-07-23',0,0,'',2001,8,66,'PLB&Ls{Z'),('Z}NM2{:[5','2015-11-25',0,0,'',2001,13,89,'T5A\\ԐHԀ'),('`.G%MM	','2015-11-25',0,20,'',2001,11,87,'ҕKu'),('IfAUZܓ2N','2015-07-23',0,0,'',2001,14,72,']|B{muEZ'),('tRB|r׿','2015-07-22',0,0,'',2002,12,55,'gXz\'I]W^'),('\ZJG\\\\F','2015-11-25',0,0,'',2002,11,87,'BM|L*	p'),(';K@$ 6=','2015-07-22',0,0,'',2001,9,52,'[0YYpDU7Cބ'),('p<XF\n3','2015-11-25',0,0,'Tanque bajo no inspeccionado por puerta cerrada',2001,14,90,'.#\ZZKTrK'),('wC>]J','2015-07-22',0,0,'',2001,14,57,'h/$O\"yy'),('\rYRNUk2Z','2015-11-25',0,80,'',2001,13,89,'hֵOݹA_Y'),('Z@®Y[','2015-07-21',0,0,'',2002,9,45,'fZOL7\0'),('BEXJ','2015-11-25',0,0,'',2001,10,86,'ˈ*N[ڗ9N<'),('beAVȘXz','2015-11-25',0,0,'',2002,14,90,'bch*N7W8W'),('yϨO1\\Sd','2015-07-21',0,0,'',2002,11,47,'g2FKTǂz'),('Y>KJIz','2015-11-25',0,20,'',2001,9,85,'EWLgSGg'),('聾I','2015-07-23',0,240,'',2001,14,72,'&\"\nFG[t'),('wN5f','2015-07-22',0,20,'',2001,8,51,'($fMj'),('0IW/B._՝','2015-07-23',0,0,'',2001,8,66,'fO\"GaH'),('L=O׼h,','2015-07-22',0,60,'',2001,11,54,' #J$'),('fJƜDr}nt','2015-07-23',0,0,'',2003,8,66,'] DI4i'),('i9jEVi','2015-11-25',0,0,'',2001,12,88,'!C~KZ`V'),('t̞LecWr:x','2015-07-23',0,0,'',2002,11,69,'S%FƯL2ou'),('*F3MH,','2015-11-25',0,0,'',2001,10,86,'FWy\0NE:ܪco'),('j)CFtC\'','2015-07-23',0,0,'',2001,9,67,'IѢJM뺫jC%'),('Cʍo','2015-07-23',0,0,'',2001,12,70,'2DBfxZoT'),('uI3\\$','2015-07-22',0,0,'',2003,8,51,'ιfH\0'),('\0Y$Kޙo#Ǖ','2015-07-22',0,0,'',2001,8,51,'mq Fˁi'),(']<\'OIGi=6','2015-07-21',0,0,'',2002,11,47,'bJO7'),('9C8y\\h','2015-07-23',0,0,'',2001,8,66,'nCemuS'),('ڊ5Kʴ{\Z\":','2015-11-25',0,0,'',2001,9,85,'\r&[\"JӃ'),('(0[B.\Z','2015-11-25',0,0,'',2001,14,90,'{+g@G	^wT&'),('ԗO\'z','2015-07-22',0,0,'',2003,12,55,'NeH\''),('\"\0C..R','2015-07-23',0,0,'',2002,12,70,'5M}A+d_?'),('0V&F}13M','2015-07-23',0,160,'',2001,9,67,'Ȥ{KA;|'),('8YӝFӰ>E.','2015-07-21',0,0,'',2003,8,44,'dpG@T5'),('Z>(MJAxT','2015-07-23',0,0,'',2003,11,69,'-\nMFL9q\rHa'),('9qA0,','2015-07-22',0,0,'',2001,14,57,'M@xfDtM4['),('N Py@Ui-','2015-07-23',0,60,'',2001,8,66,'X~dHg!Yp'),('+NKc(p,','2015-07-21',0,0,'',2003,8,44,'tv]NBٕ;߷'),('6	DT#gw̻','2015-07-23',0,0,'',2002,8,66,'m2DGz%<'),('5GNw\Z','2015-11-25',0,0,'',2001,10,86,'X%Q+OzR\r'),('	eI	b!y','2015-07-22',0,0,'',2002,9,52,'|F\n\"Gz^-6'),('AŞɻg`','2015-11-25',0,0,'',2001,8,84,'/q}mK;,X8P'),('xI@im?','2015-07-22',0,0,'',2001,12,55,'N5B^v'),('OiJrQuDV,','2015-07-21',0,20,'',2001,12,48,'ĸHg`;m'),('xɞL\r8`','2015-11-25',0,0,'',2001,13,89,'LwVGITg'),('DESE!\\D','2015-07-22',0,0,'',2001,9,52,'\n@M*aY'),('fwI3ic7W%)','2015-07-23',0,0,'',2002,14,72,'BqsqF,/.5'),('6	{JLvw','2015-11-25',0,0,'',2001,11,87,',<MM/.`'),('f2ZC;?','2015-07-22',0,40,'',2001,8,51,'U3@Z\r'),('*uE3Sy','2015-07-21',0,0,'',2003,10,46,'%JG㎨T}4,'),('f2JK3HJ','2015-07-21',0,0,'',2002,8,44,'BDc%'),(':1KWu','2015-07-23',0,0,'',2001,13,71,'	Eh]I`.A'),('+׌*KؼǢd;W','2015-11-25',0,0,'',2001,12,88,'CвHqp'),('XaA2јj','2015-11-25',0,0,'',2001,11,87,'~;H:@*x\0'),('D37Wn','2015-07-21',0,0,'',2001,11,47,'@x[Z\\'),('7i6InYzI{','2015-07-23',0,0,'',2001,14,72,'\\DKG\"X_'),('RINH9','2015-07-22',0,0,'',2002,9,52,'ĵ@^aOH)D\0'),('xiT1L3k','2015-07-22',0,0,'',2001,12,55,'%ghSK;cո'),('DFXTM','2015-07-23',0,0,'',2003,11,69,'!IR\07'),('1AFl::ܻ','2015-07-22',0,0,'',2001,9,52,'ˢDbj~'),('۽O߶Ki,','2015-07-23',0,0,'',2001,8,66,'iθIY	M'),(')C8Ħ','2015-07-21',0,0,'',2003,14,50,'dNHkA0'),(':X/sOfoAz','2015-07-22',0,0,'',2001,14,57,'ckHǰ&c|'),('}F.2;Qe','2015-07-22',0,0,'',2001,13,56,'W\'NXȨ'),(':WO4j\0B','2015-07-22',0,0,'',2002,11,54,'0a=@]3x'),(' ?ErP','2015-11-25',0,0,'',2001,12,88,'{É5O\nO\'v8'),('XO~f/','2015-11-25',0,0,'',2002,12,88,'uֳ*Cd67\n'),('+pAM``6mk2','2015-07-23',0,0,'',2002,11,69,',C+f@wj'),('RŏE̩B%T\Z\Z','2015-07-22',0,0,'',2003,12,55,'Dv$BMXKB'),('eؚLͶh_','2015-07-21',0,20,'',2001,12,48,'ӊ	+SA_;ug'),('d=MN(ȣ\"t','2015-07-22',0,0,'',2002,10,53,' =%IȪ0{|ޢ'),('ҪxIc<;\\','2015-07-23',0,0,'',2003,10,68,'xNfui,'),('mA؄y-','2015-07-21',0,0,'',2001,11,47,'D_O\Z6s{'),('zNNސp@+','2015-07-22',0,0,'',2001,10,53,'?uCqCj25B'),('4K)y\0:u','2015-07-22',0,0,'',2002,9,52,'\0 #c+Cr S'),('	](cD(Q)F-r-','2015-11-25',0,0,'',2001,10,86,'Nᗭd'),('zS:NCj!s','2015-07-23',0,0,'',2003,9,67,'6M?L3ayt'),('YH֨6','2015-07-23',0,0,'',2003,13,71,'nGoKT'),('I5)H6','2015-07-23',0,0,'',2002,12,70,'`cBLвPã)'),('cYSLL	[','2015-07-22',0,0,'',2001,9,52,'JE <'),('zN73NOꗭ\\?`<','2015-07-22',0,0,'',2001,8,51,'Ař,H;pO?\r'),('kK\rr4$','2015-11-25',0,0,'',2002,10,86,'(S(Eu'),('umF\n{rs[7','2015-07-21',0,0,'',2003,12,48,'.K_53%'),('3U\rGÌuk','2015-07-22',0,0,'',2003,10,53,'~pHN*?K'),('?/L\ZFpPPԵ^','2015-07-21',0,0,'',2002,9,45,'k=MƲUQk'),('3LO3m','2015-07-23',0,20,'No muestra , ocupados',2001,12,70,'ͬD`t@I'),('2?G$[KFɀ','2015-11-25',0,0,'',2001,13,89,'Vyi0OWW˗/C'),('B<[B\n3n\\','2015-07-22',0,0,'',2001,8,51,'LCC9\nw'),('ZBЇ(','2015-07-21',0,0,'',2002,8,44,'\0J^G'),('93ןCҍ8d','2015-07-22',0,0,'',2001,8,51,'[!=F|iu'),('EDN','2015-07-21',0,0,'',2002,14,50,'Td/WE\"njh'),('\0ڥIOӏ]gt','2015-11-25',0,0,'',2002,13,89,'ҳ>M]o#'),('RvM\',̏k','2015-11-25',0,0,'',2004,8,84,'SHKk'),('J	D$X','2015-07-22',0,20,'Todo ok',2001,10,53,'· 5NOfl'),('ڳQ*I작SO','2015-07-23',0,0,'',2003,11,69,'W|Mte=5'),('xH1Ϋ\")','2015-07-23',0,0,'',2002,12,70,'\"A3{~*'),('֨@dVP$','2015-07-22',0,440,'No se pudo sacar muestra el tanque era profundo, el señor estaba ocupado',2001,12,55,'FHƭuRi'),('0G\\9\r-~','2015-07-21',0,0,'',2002,8,44,'Fh-K\\}ŕI'),('=ƕLr','2015-07-23',0,0,'',2001,14,72,'5*,bE<x'),('}3MXod]','2015-11-25',0,0,'',2004,11,87,'@$Y:CϚ[\"\Z-'),('E9','2015-07-22',0,0,'',2001,8,51,',0NB:s\rhm'),(';FZާ\r','2015-07-21',0,20,'',2001,14,50,'9[Im)'),('	<FN)','2015-11-25',0,0,'',2002,14,90,'9HLŰa\nm'),('OBWİ8','2015-11-25',0,0,'',2003,10,86,'*I;--'),('\0zOͨpJj','2015-07-22',0,0,'',2002,12,55,'(Fl\r'),(';7K(ʦ','2015-11-25',0,20,'',2001,13,89,']&c_I+$-)kD'),('E>Ŗ','2015-07-23',0,80,'',2001,11,69,'u OIn2h01'),('QjG<_yV','2015-11-25',0,0,'',2001,12,88,'!F+PP2'),('YNZz','2015-07-22',0,0,'',2001,12,55,'Bl'),('-KC\\%','2015-11-25',0,20,'',2001,10,86,'/YP<LكB`>3'),('\"r7NlQE','2015-07-23',0,0,'',2001,13,71,'0Bg!W'),('+M#\0j','2015-11-25',0,0,'',2003,8,84,'8qF-ɔN`'),('в>C,','2015-07-22',0,0,'',2002,12,55,'ѺJMƃ?uX'),(' :Jzڊ^','2015-07-22',0,0,'',2004,8,51,'m\\WGY,V~'),('69kGޮl','2015-07-22',0,0,'',2001,11,54,'(^I,FM'),('l\ZEk%-|a','2015-11-25',0,0,'',2001,8,84,'\'sB!x'),('\\M9Ћl','2015-07-22',0,0,'',2003,14,57,'=탊Jә\0B4'),('F	Oqě2','2015-07-21',0,0,'',2003,14,50,'λ1Ip_'),('%Hy{uJ~','2015-07-22',0,0,'',2003,10,53,'}?J\"B\'g\"6'),('H&=','2015-07-23',0,0,'',2002,11,69,'B\0\ZM'),('Ja<.#B','2015-07-23',0,0,'',2002,14,72,';zBya_'),('df%N*1&1 &','2015-07-23',0,0,'',2001,9,67,'JYU(Ah;,mE'),('OBK82I>~','2015-07-22',0,0,'',2001,8,51,' a%J|RB'),('KKյd^','2015-07-23',0,0,'',2001,11,69,'FH<ѡ'),('ʬEvL(ʳ۶','2015-11-25',0,0,'',2001,9,85,'s@NNzE昽\\'),('s6\'$L_It֛','2015-07-21',0,0,'',2001,13,49,'f[g~YLߴ~t(7'),('\ZZAjC;','2015-11-25',0,0,'',2003,13,89,'֮DzH[5J-'),('\rDgE&2','2015-11-25',0,0,'',2002,9,85,'MgB⸳\"M'),('j#\Z\0JkZ','2015-11-25',0,0,'',2002,12,88,'-2KߞKG'),('BŬ(Q8','2015-11-25',0,0,'',2002,10,86,'SjHF;;А?'),('cR`F\'NC;','2015-07-21',0,0,'',2001,14,50,' G5E +!,'),('J(y(','2015-11-25',0,0,'',2001,14,90,'_Cϐ\Z'),('2pkFYP1q','2015-11-25',0,40,'',2001,9,85,'E~^G=i,B'),('UСNnh{+','2015-07-22',0,0,'',2002,13,56,'a^ImѿG'),('ZC1kY','2015-07-21',1,40,'',2001,9,45,'KhxzDY'),('iVLj5{','2015-07-22',0,0,'',2001,9,52,'\0>-8NDMϿ'),('rEљ\rƛs','2015-07-23',0,20,'',2001,13,71,'l2|N\n}Ј9?W'),('ug\rB^ö','2015-07-23',0,0,'',2001,12,70,'EAu6c'),('L>HSUh','2015-07-22',0,0,'',2002,13,56,'܍O\nJiRQ'),('uLlLTp:','2015-07-23',0,0,'',2001,13,71,'\ZK>Q%'),('zMIs7','2015-07-23',0,0,'',2002,13,71,'n@**p4p'),('v&vI0K媵}','2015-07-22',0,0,'',2001,12,55,'o⏽p`Aśoﲣ'),('zΟ(DŃO','2015-11-25',0,0,'',2001,11,87,'COz'),('a.3K{3\"QH','2015-07-23',0,20,'',2001,11,69,'9*BɻM:ZJ'),('n=C6Sй\Z','2015-07-22',0,0,'',2001,11,54,'+II/[ӓ'),('\\MGo','2015-11-25',0,20,'',2001,12,88,'BJ&ּtv'),('}FNՀt>2','2015-07-22',0,0,'',2001,11,54,'bM@i\0Y'),('PL\nD	d','2015-11-25',0,0,'',2003,14,90,'\'{bBReB'),('^IIZpp1:p','2015-07-23',0,0,'',2002,13,71,'FԵQF秱l'),('\"k*SA\"L','2015-07-22',0,0,'',2001,8,51,'{LJqqYQ'),('\'pOSLMN','2015-07-23',0,0,'',2001,10,68,'i\'4O`\'8('),('r!GQqT','2015-11-25',0,0,'',2001,12,88,'sInGBفW'),('pHs(','2015-07-22',0,0,'',2001,8,51,'!cȓDؓ&;;'),(']LjMUK','2015-07-23',0,0,'',2001,12,70,'!@olz碐B'),('Oā,/','2015-07-22',0,0,'',2001,13,56,'L=l}'),('#IeW.','2015-11-25',0,0,'',2002,14,90,'s`\nM<cB'),('r\0KS','2015-07-23',0,0,'',2001,8,66,'lD,'),('NIQmO0K]?','2015-07-23',0,0,'',2001,12,70,'2\0%L\"=\0l'),('9a^gNfcƳ','2015-07-23',0,0,'',2001,11,69,'*HmB82VBT'),('\n懀JO','2015-07-21',0,0,'',2003,8,44,'ImK+*Ym'),(';v%O)\\6w','2015-07-23',0,0,'',2001,14,72,'+G>Q'),(']FЕP/','2015-07-21',0,0,'',2002,8,44,'Oŕ:֯'),('DQEtQ؇','2015-11-25',0,0,'',2001,14,90,'WՊ`@[U'),('MMW`','2015-11-25',0,0,'',2001,11,87,'@\0_DA7]$ɝ'),('e*MR8%','2015-07-21',0,160,'Muestra no recolectada ',2001,12,48,'dR.DDKBM?'),('K\\zF','2015-07-21',0,0,'',2002,8,44,'\nN2BŻ\0'),('H>JB!|H','2015-07-22',0,60,'',2001,11,54,'fd;C?{QB'),('9CƗ4tK','2015-07-23',0,0,'',2003,10,68,'avMm+R'),('g4I4׷Us','2015-07-22',0,0,'',2002,12,55,'^j,M:ز^'),('M͌L/ \"z׹','2015-07-23',0,0,'',2003,14,72,'q @܂q'),('묝D^Y','2015-11-25',0,0,'',2003,13,89,'*|\rHQ{8g'),('37F˺5$\"TvK','2015-11-25',0,0,'',2002,13,89,'耵oE4e\0\ns'),('S$F\'\n','2015-07-23',0,0,'',2001,10,68,'ЖFInAL'),('ICHuP%;}','2015-11-25',0,0,'',2002,13,89,'7p!Fä\ZN'),('akKAJs~	','2015-07-21',0,20,'',2001,13,49,'ruKЩ|l$/'),('ąkAe]\"Ђ','2015-07-21',0,0,'',2004,12,48,'qk@\"*E4%_'),('W7=O77V)W','2015-07-23',0,0,'',2001,10,68,'|;=D~\\'),('傮Nɚ\"d','2015-07-23',0,0,'',2002,12,70,'᧡NX\09-#\r'),('%P-K˟+dWTT','2015-07-22',0,0,'',2003,14,57,'COC	\"'),('!dvBhѳ','2015-11-25',0,0,'',2001,11,87,'>KQk8'),('9)NƅD[Қ','2015-07-23',0,20,'',2001,10,68,'n9kDVLּ\0'),('`iwCX<bhj','2015-07-23',0,0,'',2001,13,71,'=DaoMjc'),('L\ZfYJO','2015-11-25',0,0,'',2001,8,84,'A1'),('-Lʋn/Y','2015-07-23',0,0,'',2002,10,68,'e$u#NŌc	ڙ'),('+zPBA8','2015-07-23',0,0,'',2003,8,66,'n8LQ81\\'),('T%߉@לM<','2015-07-23',0,0,'',2001,12,70,'Y`A\"`\ZJ'),('u5BG3,','2015-07-23',0,0,'',2001,8,66,'_CBvm8>('),('OO','2015-07-22',0,0,'',2001,9,52,'1WrElŪ^X{'),('g?NvYt','2015-07-21',0,0,'',2001,9,45,'REpGy	'),('CKf.C','2015-11-25',0,0,'Iglesia de los Mormones',2001,14,90,'H~)FM?\0I'),('ڔM-3֗','2015-11-25',0,0,'',2001,11,87,'QDŢIo\neW'),('$rݯyMo)Ҧ','2015-07-23',0,0,'',2003,12,70,'H\\EHI2S	'),('u}GN@e|}','2015-07-23',0,0,'',2001,8,66,'b	GAn1'),(']I+^|','2015-11-25',0,0,'',2003,11,87,'{07E3ىDL'),('lCB\ZdD','2015-07-23',0,0,'',2002,9,67,'iџOKՀ]w:'),('\\@)%%MIk','2015-11-25',0,0,'',2001,12,88,'VpIJ-'),('Gu.߶sh	%','2015-07-23',0,40,'',2001,9,67,'~(TsIpdNƯ'),('O{','2015-07-22',0,0,'',2004,8,51,'N\" I%}'),('FhDg\0/[','2015-11-25',0,0,'',2001,13,89,'c:I,9е['),('7K?*E6','2015-07-23',0,0,'',2003,12,70,'\r]`Nx\Zh'),('~ROZ8^k3','2015-07-23',0,0,'',2002,12,70,'^jAyA~0'),('Z=Op߽_c/','2015-07-21',0,0,'',2002,13,49,'*6Ltp8_g'),('аDl\\\r','2015-07-23',0,0,'',2002,12,70,',Dx˷I'),('	\rD\"H','2015-07-23',0,0,'',2003,13,71,'؍wՖN\nN?~'),('#[9cEǚ','2015-07-22',0,0,'',2001,13,56,':yqhFlE\Z'),('KL}[NJ0-0@','2015-11-25',0,0,'',2002,14,90,'TleLr[$\\'),('KF|b','2015-07-22',0,0,'',2001,11,54,'CJ&.xȼڎ'),('R-UrB(F/>','2015-07-23',0,0,'',2001,13,71,'￿Oz=u-F'),('4ALf.j($I','2015-07-21',0,0,'',2001,12,48,'q0PpAAcE'),('ĝ8d7I*u\0','2015-07-22',0,0,'',2002,9,52,'aW_Ikz{'),('nǰF\\K`','2015-07-22',0,0,'',2001,11,54,'\'>i@_D!9qJ'),('u)O\\H.\r','2015-07-23',0,0,'',2003,8,66,'멀S7NUZ*M'),('KiGaQ#\0&','2015-11-25',0,100,'',2001,11,87,'y*,cA\\r'),('_Eזae','2015-07-22',0,60,'',2001,8,51,'7@Naf'),('{uXBڝz:','2015-07-23',0,0,'',2002,8,66,'\',2Jd'),('ŅdNYMΗ','2015-11-25',0,60,'',2001,10,86,'Ai?*O/	o'),('dK13Gq','2015-07-23',0,0,'',2001,13,71,'@ؕCBԶ;X h'),(':rPDU	','2015-07-22',0,0,'',2002,10,53,'/]`@;?C'),('*Ciou\"','2015-11-25',0,0,'',2002,9,85,'! Gzrʽ\\'),(' !{Dvo','2015-11-25',0,0,'',2001,9,85,'K}CM'),('B``Ko\'','2015-07-22',0,0,'',2001,13,56,'lב A?s'),('Ǽ\0J;s','2015-07-21',0,0,'',2001,10,46,'Ve@sAw'),('@/mOJd','2015-07-23',0,0,'',2001,9,67,'0&k1{Lu&1\n!'),('ɠ/FRI','2015-11-25',0,0,'',2001,14,90,'oZ1mIO2ΐ'),('>C@7\ZƧ]','2015-07-23',0,20,'',2001,11,69,'xMmnٚ_'),('W53Ju','2015-07-22',0,0,'',2001,11,54,':\ZMée]\n'),('{g OcGx8','2015-11-25',0,0,'',2001,13,89,'d6K)I6 `g'),('J(QxȺy','2015-07-23',0,0,'',2004,9,67,'IeNGyq='),('rT{=Fxsd','2015-07-23',0,20,'',2001,14,72,'A5\\]Cπ ݁8'),('4iAʐuA','2015-07-23',0,0,'',2001,14,72,'kLZ胷'),('EdIYp','2015-07-22',0,20,'',2001,10,53,'{JWO[l'),('Q\Zb@x!0^','2015-07-23',0,0,'',2002,11,69,'8i)sEhW'),('ͰbpA>T#D','2015-07-23',0,0,'',2002,12,70,'õ1Hɤj.H\''),('oH2W\r$','2015-07-23',0,20,'',2001,11,69,'HJI\ZT\Z'),('&mPK扎WT>','2015-07-21',0,0,'',2003,14,50,'q\0$LޠP&6'),('zf#N6Р','2015-11-25',0,0,'',2002,14,90,'b9yIdWH'),('̐Z?BEyY','2015-07-22',0,200,'',2001,8,51,'I	$I$zďk'),('͜$ߜE˘r~zȝ','2015-07-23',0,0,'',2002,10,68,'R3AaKG5,'),('ͰT>E-%sB','2015-11-25',0,0,'',2002,13,89,'<.ٶ@`<-'),('^RIȟ.S-','2015-07-21',0,0,'',2001,11,47,'qCiO:Ύ'),('?>O<K3','2015-07-22',0,0,'',2001,12,55,'[Jn'),('6	@˴3/','2015-11-25',0,0,'',2004,9,85,'}\\֍Du}W\r'),('\\&G&4N','2015-07-23',0,0,'',2001,10,68,'&\nDԼx?'),('Ά_@̜)','2015-07-23',0,20,'',2001,12,70,'XtDJ9w=\Z'),('gFkMITK','2015-07-22',0,0,'',2002,14,57,'3<Eüj&u'),('(ݰfCutI.h','2015-07-23',0,20,'',2001,13,71,'SEo֫\Z'),('ρjhD};i]','2015-11-25',0,0,'',2001,12,88,'8}<EUΫ'),('\n>$T@FQԿ~+','2015-07-22',0,0,'',2003,9,52,'Aв\\Nߡ='),('^D̦s','2015-07-23',0,0,'',2001,14,72,'AE\Zڶ9'),('&DC\Z+','2015-11-25',0,260,'Poso foco,  lavado y tratado. ',2001,9,85,'D?U'),('6HE]Գf9','2015-11-25',0,0,'',2001,10,86,'\\xLhLq@j'),('>mAI4%UT','2015-07-21',0,0,'',2001,8,44,'d[\"D_H'),('aGQg','2015-07-23',0,0,'',2001,8,66,'0vDAd\0W;'),('{T6@_Թ','2015-07-22',0,0,'',2002,12,55,',TB}F'),(' b4!FsU`','2015-07-22',0,0,'',2003,12,55,'ޅIخ[)F\\'),('KKHwݡk','2015-11-25',0,0,'',2001,9,85,'0\"\nBnS{u'),('y1M55','2015-07-21',0,0,'',2002,12,48,'J8bBeCU'),('҅	F/ҘI','2015-07-21',0,0,'',2001,10,46,'m\0G\Z7u'),('\nLGq','2015-07-21',0,0,'',2003,12,48,'WJL]y'),('.@A_O|e','2015-07-22',0,0,'',2003,9,52,'WoBEWͶ'),(',wh^Ng@GNH','2015-07-22',0,600,'',2001,8,51,'Xa>V\rDSP}n_'),('3rBE⤞','2015-07-22',0,0,'',2002,14,57,'ݗ).L,hkN'),('ӒBr.\0','2015-07-23',0,0,'',2002,12,70,'/t\"C޴0t\\g'),('ӥ[OÏ%&Kq','2015-07-21',0,0,'',2003,12,48,'P%J*I@=+;'),('ӵ.F zx˳','2015-07-22',0,0,'',2002,12,55,'r\r@CBi)'),('rDdOC)k/cy','2015-07-23',0,0,'',2004,10,68,'̥I2uܒ'),('ԀAE','2015-07-22',0,0,'',2001,9,52,'\">>@bS[y'),('Ԃk	J˗ǦIn','2015-07-23',0,0,'',2002,8,66,'\"IٳAֹ[~B'),('\\3O@','2015-07-22',0,0,'',2002,12,55,'CǸ@iꭤe'),('Ղ5A߭DU<','2015-07-22',0,20,'',2001,8,51,'J;BP\\/?t'),('ե|I&','2015-11-25',0,0,'',2002,12,88,')LB7AG^Vwa'),('LCKHUBR','2015-07-22',0,0,'',2001,10,53,'PKn'),('B/FMqpԨ\\','2015-07-23',0,0,'',2003,14,72,'GQGEo 8l'),('SԂAYAtQ.','2015-11-25',0,0,'',2001,9,85,'=5B7KЋ$!'),('zvnLђ<_','2015-07-23',0,0,'',2001,10,68,'\nN\Zzg'),('.._GX+D','2015-11-25',0,0,'',2002,10,86,'0NS㾰:C'),('=SHL$o','2015-07-21',0,0,'',2003,11,47,'&6CȸT!^/'),('cVCƥTk\r\'(','2015-11-25',0,0,'',2003,9,85,'i`B\n)ld'),('vqAN*~Z','2015-11-25',0,0,'',2001,14,90,'RʈON3[\\'),('4;Jd7M','2015-11-25',0,0,'',2003,10,86,'/L)H	m*\\!'),('&C{ 3gz','2015-11-25',0,0,'',2001,9,85,'syTO˵tT=f'),('35@ARiBI','2015-07-23',0,220,'',2001,8,66,'?A{Aqk;'),('؋&qF\r-kt','2015-07-23',0,0,'',2001,11,69,'LbH'),('ؚR2E\n=Ru','2015-11-25',0,0,'',2002,8,84,'MĲhJPN'),('\0CEnӔ1\0','2015-07-22',0,0,'',2003,13,56,'־LO9t'),('$BC-ίza','2015-11-25',0,20,'',2001,11,87,'r!G97suU'),('&Q*H\'n{','2015-07-23',0,60,'',2001,10,68,'SubB,@~P'),('\'!@D+ѽh','2015-07-22',0,0,'',2001,11,54,')W43E\0+xej\r'),('l\0sL&|','2015-11-25',0,0,'',2001,10,86,'9&M2Yw'),('ؔAա+C@','2015-07-23',0,0,'',2001,8,66,'2[H,p'),('FzA(F','2015-07-23',0,20,'',2001,14,72,'DBWlN'),('lUH蝉','2015-07-21',0,20,'',2001,14,50,'bL^'),('ژBMp]8','2015-11-25',0,0,'',2001,12,88,'T{;\'yAxot'),('Е,O{ՙ,\0','2015-07-22',0,20,'',2001,11,54,'h=K/y'),('R>NA#I}','2015-07-23',0,40,'',2001,11,69,'qcFGLa'),('ULbCyeq','2015-11-25',0,40,'',2001,11,87,'GNÞaA '),('ۅKlKÎ㫚D','2015-07-22',0,0,'',2001,8,51,'滤h@6orF'),('ۑx.LjB_','2015-07-21',0,0,'',2003,11,47,'\ZNȥD;z8O'),('ۻUO	y4','2015-07-23',0,0,'',2002,10,68,'uA+Cd<4'),('i,OƏ?C9>/7','2015-11-25',0,0,'',2003,8,84,'||򔎟DҼ(B\''),('݃\0CIgH','2015-07-23',0,20,'',2001,13,71,'@/ExfMR'),('݃KG?','2015-07-21',0,0,'',2001,13,49,'L\n\Zs\nO'),('ݳ^Ct4o','2015-11-25',0,0,'',2001,8,84,'EKS!'),('ٻ[PK})cfG','2015-07-23',0,0,'',2002,10,68,'Ha\09NnYV-<'),('ƘgAZhto','2015-07-22',0,40,'',2001,11,54,'X C[&+`,'),('ޗN:Hx}','2015-07-22',0,40,'',2001,11,54,'԰&E,?J@g'),('Gr;IUT6','2015-07-22',0,0,'',2002,9,52,'JHBG{'),('(hOu?؅@Ӽ','2015-07-23',0,0,'',2001,14,72,'rP?FL<-Al'),('[Ex_,','2015-07-23',0,20,'',2001,11,69,'VBC7DEG$}$R'),('bERJ\r}','2015-07-22',0,0,'',2002,12,55,'KF\0E'),('wpZPE8YO','2015-07-22',0,0,'',2001,11,54,'W	uOO02i+'),('ߨ7mG-cu\r','2015-07-23',0,0,'',2001,10,68,'I#[VH/v3['),('cLcD\\>niӸ','2015-11-25',0,0,'',2002,8,84,'{ԺuM8dO3'),('\\	EO`ДE!!~','2015-07-21',0,0,'',2002,8,44,'`JM*ߘ|'),(';ݍEIo','2015-11-25',0,40,'',2001,8,84,'MA9Z'),('57Ox57OKc','2015-07-22',0,0,'',2001,14,57,'ٺOn`փ'),('HaJN^9C@\r','2015-07-22',0,0,'',2001,10,53,'l%Lǳģ%g'),(']*I	r:','2015-07-23',0,0,'',2001,14,72,'YQIB_;H'),('&LT;c','2015-07-22',0,0,'',2001,9,52,':ؗGݫb'),('·M\"~Pƥ','2015-11-25',0,0,'',2003,9,85,'g`M$'),('̺I6aU','2015-07-22',0,0,'',2001,9,52,'>klO$'),('򥧻H/di','2015-07-21',0,0,'',2002,9,45,'4M)HA]m'),('<_J/KkxN','2015-07-23',0,0,'',2002,12,70,'=K@`\Z]ҔS'),('aϿjCPdu','2015-07-22',0,0,'',2001,11,54,':eѪH:C״b3['),(';$^Mp<','2015-07-23',0,20,'',2001,9,67,'Lc,_A3`>sh#\"'),('/Ds[v*&','2015-07-23',0,0,'',2002,9,67,'w{MųkbϤ;'),('X8Aj%1','2015-07-23',0,0,'',2001,10,68,'F2Kă'),('Oz&GEnZ','2015-07-22',0,0,'',2002,11,54,'4+FS?m'),('eU%N?a6','2015-11-25',0,20,'',2001,12,88,'|KH*\0*.T>'),('TK0M4\Z ','2015-07-23',0,20,'',2001,10,68,'XuLxBt|.;'),('DwH1E*','2015-07-22',0,0,'',2002,8,51,'}zF(ѿJVV'),('/hBU۠%2','2015-07-22',0,460,'',2001,11,54,'{>Jך?l4'),('87/Ag@#ٞZ\'','2015-07-21',0,0,'',2002,14,50,'H&J\rIL'),('ԅ1M 6V\"','2015-07-23',0,0,'',2002,13,71,']bBfVy'),('9ӱ~tMŖ%+ ','2015-07-21',0,0,'',2003,12,48,'_b>lE%~jlA'),('XXGyB0עa','2015-07-22',0,0,'',2001,10,53,'.G\'+K65'),('cɡJxJzR','2015-07-22',0,520,'',2001,14,57,'g5B?߉'),('䕞[D\ZlH|','2015-07-23',0,0,'',2002,12,70,'!qyJunC'),('䫳OAM6KϽ','2015-11-25',0,0,'',2001,8,84,'xC+@}]'),('ȭFBJߚ','2015-07-22',0,0,'',2002,11,54,'\r7@A, '),('\r@s','2015-07-23',0,0,'',2002,9,67,'~;*OL2'),(' <-#~J҆צjӂ','2015-07-21',0,0,'',2003,12,48,'+Dm\Ziv'),('LcNU Y','2015-07-21',0,0,'Descartables',2001,11,47,'d\'/L&F{'),('}FBSt','2015-07-22',0,0,'',2001,10,53,'%wBxYԻI'),('.$EHi!6\"','2015-11-25',0,0,'',2001,8,84,'/-*RKJ\r\r_'),('溘KB	?uT','2015-07-22',0,0,'',2003,14,57,'\\LF;E4'),('HbHb','2015-07-22',0,0,'',2001,12,55,'Km.B6S\Z!l'),('1ӨK;$1MK','2015-11-25',0,0,'',2003,14,90,'\0(cCŭGYG'),('97NOmv','2015-07-21',0,0,'',2002,10,46,'I|K!Cȇ'),('ttLLkI9','2015-07-22',0,0,'',2002,10,53,')j]TK&+ɔ'),('睅^C``-1','2015-11-25',0,20,'',2001,11,87,'qnF@QZY'),('&NDݡƴ*?{w','2015-07-23',0,0,'',2002,11,69,'YJJ0'),('6tdH1˺','2015-11-25',0,20,'',2001,10,86,'-_HCʻ_Z'),('节HDJSNeG','2015-07-23',0,0,'',2003,10,68,'ZV`A 6&̔5'),('<)N}wZ*','2015-11-25',0,0,'',2001,13,89,'ҊPAO$|'),('ŵG^.=F3','2015-11-25',0,0,'',2002,10,86,'9KJK\0:GL[I'),('ĝs^Kj0G','2015-07-21',0,0,'',2001,12,48,'%.OĂ\\'),('˟P.N[mip','2015-07-23',0,0,'',2003,12,70,'wDM1I< '),('	Qɸ@f*^L','2015-07-23',0,0,'',2002,8,66,'lN\0jD?K'),('Y0Z@d\0)/]L','2015-07-21',0,0,'',2001,8,44,'?v(FȐ*'),('AkuJ9nujJ','2015-11-25',0,0,'',2002,13,89,'pK@*'),('#BwǖXl','2015-07-23',0,0,'',2004,11,69,']N+.L\"̱Uw'),('ieBůuIq^','2015-07-22',0,0,'',2003,10,53,'\"*KCG+}j'),('#amH+o!','2015-11-25',0,0,'',2001,8,84,'NA\0[\\Mѻ6$\\˕'),('3Ϊ}A0Ŵ','2015-11-25',0,0,'',2001,14,90,'VtAWy.*'),('wP$H>ѣ-F','2015-11-25',0,20,'',2001,8,84,'nB,wL'),('dBέEY{A','2015-07-21',0,0,'',2001,8,44,']@`Cײ'),('G֜I&\'T','2015-07-22',0,20,'',2001,11,54,'%OCXK0\0+IxmQ'),('>@^\Z,B','2015-07-23',0,0,'',2001,8,66,'8	T?NA5ONW'),('mA0=','2015-07-23',0,0,'',2004,10,68,'_OGZa'),('d8yJaSu','2015-07-21',0,180,'',2001,9,45,'d%0JEJ@?'),('A[WH_<k)','2015-07-23',0,0,'',2001,12,70,'ufBHh@ؼ'),('*bEdEI','2015-07-22',0,0,'',2003,13,56,'C H/|t'),(',ƇAO#F','2015-07-22',0,0,'',2003,10,53,'S<Ay2Is'),('pcM8)pB','2015-07-22',0,20,'',2001,10,53,'3s7J\\:D#'),('ALȼ','2015-11-25',0,0,'',2001,14,90,'WivNK&'),('NTA5A','2015-11-25',0,0,'',2001,10,86,'M,NՌ(k'),('\"D.N6n!}','2015-11-25',0,0,'',2002,10,86,'4=\\tC6|wyD'),('-ĔJRo','2015-07-23',0,20,'',2001,8,66,':KLUWM@'),('\nkI7Rə','2015-07-23',0,0,'',2002,9,67,'9%!EӋ'),('_SEаk4H','2015-11-25',0,0,'',2001,13,89,'VKsrHۂJuUw'),('X!LF','2015-07-23',0,0,'',2002,14,72,'8/@Hm[Ծ*'),('?=Ic6Ѹq','2015-11-25',0,0,'',2002,8,84,'͜>C2f-'),('0Fዙ/vj','2015-07-22',0,0,'No se pudo inspeccionar el pozo elevado, no permitio el señor',2001,12,55,'HgG˞@j'),('LE\0T/','2015-07-21',0,0,'',2002,14,50,'iUEpNR-^xX0'),('@+HGn~؏','2015-07-21',0,0,'',2001,10,46,'\n藮D%BY'),('#B[GM-A','2015-11-25',0,40,'',2001,14,90,'fI-e'),('YvVK7','2015-07-22',0,0,'',2001,8,51,'fhVN)!\n+'),('jI>@1','2015-07-22',0,0,'',2002,11,54,'a@Ka[Ԓ_'),('ՓCNBXJۄ{\'','2015-11-25',0,0,'',2001,12,88,'RO]D}FKw'),('/ uG!t	','2015-07-23',0,0,'',2002,14,72,'LuJF'),('4$iK4Xa(U*','2015-11-25',0,0,'',2001,8,84,'\"`A<Rw'),('75O%90;8','2015-07-23',0,0,'',2002,12,70,'D*J9:'),('LJ)Z#|','2015-11-25',0,0,'',2001,11,87,'ّ^2K'),('\'%DC=x','2015-07-22',0,0,'',2001,13,56,'ҔbTM⚞b'),('INهt','2015-07-23',0,0,'',2001,10,68,'rĪ GeȋMm'),('yU/Fњ6İ.%/','2015-07-21',0,0,'',2001,8,44,'\n+N$L#^y'),('ïR+@#Ҍ','2015-07-22',0,0,'',2002,12,55,'GWA8D|=N'),('o2^A_Ռ','2015-07-22',0,0,'',2002,8,51,'#[K4b'),('002`C\r.U','2015-11-25',0,0,'',2002,14,90,'(DKNøY6-'),('DtB{pB*{)*','2015-07-21',0,0,'',2004,14,50,'@K10D'),('.G֪H(a','2015-11-25',0,0,'',2001,9,85,'t8TK\"('),('5b	A@[yyH','2015-07-23',0,0,'',2002,13,71,'?ΚMզE;]S8'),('gYCS','2015-11-25',0,0,'',2003,13,89,'\Z,OZtN>h4'),('[,eNFGl','2015-07-23',0,0,'',2001,9,67,'ȊJNH'),('04J{','2015-07-22',0,0,'',2001,11,54,':9uM*	'),('\"h5HM-y','2015-11-25',0,0,'',2002,12,88,'b_AX7'),('E|cG\"o','2015-11-25',0,0,'',2002,12,88,'AdmDwQ'),('NkLJl0G,U','2015-07-22',0,0,'',2001,11,54,'r1ՆJЊǨ2c'),('P\"KbJ~','2015-11-25',0,0,'',2001,10,86,'ZX)J7\rKK'),('2>O꾸9%w','2015-11-25',0,0,'',2001,12,88,'\'2;B`[!R'),('OMjP\'0','2015-11-25',0,0,'',2001,8,84,'CN&i2'),('$K۲','2015-11-25',0,0,'',2001,11,87,'sCΑ)Z['),('4HJ@rX','2015-11-25',0,0,'',2004,12,88,'|jf*HmsL:J='),('oKcVCv_~','2015-07-22',0,0,'',2002,12,55,'s#SL_7$'),('3\0ĕcL{Lm','2015-11-25',0,0,'',2001,10,86,'\rH$QT\''),('=oBR\0','2015-07-22',0,0,'',2001,9,52,'	A)dIu>'),('~8L649','2015-07-22',0,100,'',2001,8,51,'@;?9'),('1\\DP','2015-11-25',0,40,'',2001,12,88,'\"ss3/AP\'\rק'),('[\"0D|е','2015-07-21',1,420,'',2001,9,45,'Z@>MD3'),('u;@!&','2015-07-22',0,0,'',2003,9,52,'@pUw<X'),('ܪ@p','2015-11-25',0,0,'',2003,14,90,'AC䏦6'),('ٷO{L','2015-07-23',0,0,'',2001,12,70,'^n؂E͔^~0'),('J\'(e94','2015-07-23',0,0,'',2001,10,68,'A(/O?#%_'),('C\n#JO','2015-07-22',0,0,'',2002,12,55,'1J2DfgOǍ%');

/* Trigger structure for table `Areas` */

DELIMITER $$

/*!50003 DROP TRIGGER*//*!50032 IF EXISTS */ /*!50003 `areasCreateDescendants` */$$

/*!50003 CREATE */ /*!50017 DEFINER = 'sapev'@'%' */ /*!50003 TRIGGER `areasCreateDescendants` AFTER INSERT ON `Areas` FOR EACH ROW CALL updateDescendants(NEW.id) */$$


DELIMITER ;

/* Procedure structure for procedure `updateDescendants` */

/*!50003 DROP PROCEDURE IF EXISTS  `updateDescendants` */;

DELIMITER $$

/*!50003 CREATE DEFINER=`sapev`@`%` PROCEDURE `updateDescendants`(areaId INT)
BEGIN
	SET @parent = areaId;
	SET @level = 0;
	REPEAT 
		INSERT INTO AreaDescendants(areaId, descendantId, LEVEL) VALUES(@parent, areaId, @level);
		SELECT parentId INTO @parent FROM Areas WHERE id = @parent;
		SET @level = @level + 1;
	UNTIL @parent IS NULL OR @level > 20 END REPEAT;
    END */$$
DELIMITER ;

/*Table structure for table `ReportLinesDetail` */

DROP TABLE IF EXISTS `ReportLinesDetail`;

/*!50001 DROP VIEW IF EXISTS `ReportLinesDetail` */;
/*!50001 DROP TABLE IF EXISTS `ReportLinesDetail` */;

/*!50001 CREATE TABLE  `ReportLinesDetail`(
 `reportId` int(11) ,
 `reportLineId` int(11) ,
 `areaId` int(11) ,
 `all.inspected` decimal(25,0) ,
 `all.focus` decimal(25,0) ,
 `all.treated` decimal(26,0) ,
 `4001.inspected` decimal(25,0) ,
 `4001.focus` decimal(25,0) ,
 `4001.treated` decimal(25,0) ,
 `4001.destroyed` decimal(25,0) ,
 `4002.inspected` decimal(25,0) ,
 `4002.focus` decimal(25,0) ,
 `4002.treated` decimal(25,0) ,
 `4002.destroyed` decimal(25,0) ,
 `4003.inspected` decimal(25,0) ,
 `4003.focus` decimal(25,0) ,
 `4003.treated` decimal(25,0) ,
 `4003.destroyed` decimal(25,0) ,
 `4004.inspected` decimal(25,0) ,
 `4004.focus` decimal(25,0) ,
 `4004.treated` decimal(25,0) ,
 `4004.destroyed` decimal(25,0) ,
 `4005.inspected` decimal(25,0) ,
 `4005.focus` decimal(25,0) ,
 `4005.treated` decimal(25,0) ,
 `4005.destroyed` decimal(25,0) ,
 `4006.inspected` decimal(25,0) ,
 `4006.focus` decimal(25,0) ,
 `4006.treated` decimal(25,0) ,
 `4006.destroyed` decimal(25,0) ,
 `4007.inspected` decimal(25,0) ,
 `4007.focus` decimal(25,0) ,
 `4007.treated` decimal(25,0) ,
 `4007.destroyed` decimal(25,0) ,
 `4008.inspected` decimal(25,0) ,
 `4008.focus` decimal(25,0) ,
 `4008.treated` decimal(25,0) ,
 `4008.destroyed` decimal(25,0) ,
 `4009.inspected` decimal(25,0) ,
 `4009.focus` decimal(25,0) ,
 `4009.treated` decimal(25,0) ,
 `4009.destroyed` decimal(25,0) ,
 `4010.inspected` decimal(25,0) ,
 `4010.focus` decimal(25,0) ,
 `4010.treated` decimal(25,0) ,
 `4010.destroyed` decimal(25,0) 
)*/;

/*Table structure for table `ReportLinesHeader` */

DROP TABLE IF EXISTS `ReportLinesHeader`;

/*!50001 DROP VIEW IF EXISTS `ReportLinesHeader` */;
/*!50001 DROP TABLE IF EXISTS `ReportLinesHeader` */;

/*!50001 CREATE TABLE  `ReportLinesHeader`(
 `reportId` int(11) ,
 `reportLineId` int(11) ,
 `areaId` int(11) ,
 `date` varchar(8) ,
 `areaName` varchar(200) ,
 `houses` bigint(21) ,
 `inspected` decimal(23,0) ,
 `closed` decimal(23,0) ,
 `renuente` decimal(23,0) ,
 `abandonada` decimal(23,0) ,
 `larvicide` decimal(32,0) 
)*/;

/*Table structure for table `ReportLinesHeaderComplement` */

DROP TABLE IF EXISTS `ReportLinesHeaderComplement`;

/*!50001 DROP VIEW IF EXISTS `ReportLinesHeaderComplement` */;
/*!50001 DROP TABLE IF EXISTS `ReportLinesHeaderComplement` */;

/*!50001 CREATE TABLE  `ReportLinesHeaderComplement`(
 `reportId` int(11) ,
 `reportLineId` int(11) ,
 `areaId` int(11) ,
 `foco` bigint(21) 
)*/;

/*Table structure for table `ReportLinesHeaderDestroyed` */

DROP TABLE IF EXISTS `ReportLinesHeaderDestroyed`;

/*!50001 DROP VIEW IF EXISTS `ReportLinesHeaderDestroyed` */;
/*!50001 DROP TABLE IF EXISTS `ReportLinesHeaderDestroyed` */;

/*!50001 CREATE TABLE  `ReportLinesHeaderDestroyed`(
 `reportId` int(11) ,
 `reportLineId` int(11) ,
 `areaId` int(11) ,
 `destroyed` bigint(21) 
)*/;

/*Table structure for table `ReportLinesHeaderTreated` */

DROP TABLE IF EXISTS `ReportLinesHeaderTreated`;

/*!50001 DROP VIEW IF EXISTS `ReportLinesHeaderTreated` */;
/*!50001 DROP TABLE IF EXISTS `ReportLinesHeaderTreated` */;

/*!50001 CREATE TABLE  `ReportLinesHeaderTreated`(
 `reportId` int(11) ,
 `reportLineId` int(11) ,
 `areaId` int(11) ,
 `treated` bigint(21) 
)*/;

/*View structure for view ReportLinesDetail */

/*!50001 DROP TABLE IF EXISTS `ReportLinesDetail` */;
/*!50001 DROP VIEW IF EXISTS `ReportLinesDetail` */;

/*!50001 CREATE ALGORITHM=UNDEFINED DEFINER=`sapev`@`%` SQL SECURITY DEFINER VIEW `ReportLinesDetail` AS (select `Reports`.`id` AS `reportId`,`ReportLines`.`id` AS `reportLineId`,`ReportLines`.`areaId` AS `areaId`,sum(`Inventories`.`inspected`) AS `all.inspected`,sum(`Inventories`.`focus`) AS `all.focus`,sum((`Inventories`.`treated` + `Inventories`.`destroyed`)) AS `all.treated`,sum(if((`Inventories`.`containerId` = 4001),`Inventories`.`inspected`,0)) AS `4001.inspected`,sum(if((`Inventories`.`containerId` = 4001),`Inventories`.`focus`,0)) AS `4001.focus`,sum(if((`Inventories`.`containerId` = 4001),`Inventories`.`treated`,0)) AS `4001.treated`,sum(if((`Inventories`.`containerId` = 4001),`Inventories`.`destroyed`,0)) AS `4001.destroyed`,sum(if((`Inventories`.`containerId` = 4002),`Inventories`.`inspected`,0)) AS `4002.inspected`,sum(if((`Inventories`.`containerId` = 4002),`Inventories`.`focus`,0)) AS `4002.focus`,sum(if((`Inventories`.`containerId` = 4002),`Inventories`.`treated`,0)) AS `4002.treated`,sum(if((`Inventories`.`containerId` = 4002),`Inventories`.`destroyed`,0)) AS `4002.destroyed`,sum(if((`Inventories`.`containerId` = 4003),`Inventories`.`inspected`,0)) AS `4003.inspected`,sum(if((`Inventories`.`containerId` = 4003),`Inventories`.`focus`,0)) AS `4003.focus`,sum(if((`Inventories`.`containerId` = 4003),`Inventories`.`treated`,0)) AS `4003.treated`,sum(if((`Inventories`.`containerId` = 4003),`Inventories`.`destroyed`,0)) AS `4003.destroyed`,sum(if((`Inventories`.`containerId` = 4004),`Inventories`.`inspected`,0)) AS `4004.inspected`,sum(if((`Inventories`.`containerId` = 4004),`Inventories`.`focus`,0)) AS `4004.focus`,sum(if((`Inventories`.`containerId` = 4004),`Inventories`.`treated`,0)) AS `4004.treated`,sum(if((`Inventories`.`containerId` = 4004),`Inventories`.`destroyed`,0)) AS `4004.destroyed`,sum(if((`Inventories`.`containerId` = 4005),`Inventories`.`inspected`,0)) AS `4005.inspected`,sum(if((`Inventories`.`containerId` = 4005),`Inventories`.`focus`,0)) AS `4005.focus`,sum(if((`Inventories`.`containerId` = 4005),`Inventories`.`treated`,0)) AS `4005.treated`,sum(if((`Inventories`.`containerId` = 4005),`Inventories`.`destroyed`,0)) AS `4005.destroyed`,sum(if((`Inventories`.`containerId` = 4006),`Inventories`.`inspected`,0)) AS `4006.inspected`,sum(if((`Inventories`.`containerId` = 4006),`Inventories`.`focus`,0)) AS `4006.focus`,sum(if((`Inventories`.`containerId` = 4006),`Inventories`.`treated`,0)) AS `4006.treated`,sum(if((`Inventories`.`containerId` = 4006),`Inventories`.`destroyed`,0)) AS `4006.destroyed`,sum(if((`Inventories`.`containerId` = 4007),`Inventories`.`inspected`,0)) AS `4007.inspected`,sum(if((`Inventories`.`containerId` = 4007),`Inventories`.`focus`,0)) AS `4007.focus`,sum(if((`Inventories`.`containerId` = 4007),`Inventories`.`treated`,0)) AS `4007.treated`,sum(if((`Inventories`.`containerId` = 4007),`Inventories`.`destroyed`,0)) AS `4007.destroyed`,sum(if((`Inventories`.`containerId` = 4008),`Inventories`.`inspected`,0)) AS `4008.inspected`,sum(if((`Inventories`.`containerId` = 4008),`Inventories`.`focus`,0)) AS `4008.focus`,sum(if((`Inventories`.`containerId` = 4008),`Inventories`.`treated`,0)) AS `4008.treated`,sum(if((`Inventories`.`containerId` = 4008),`Inventories`.`destroyed`,0)) AS `4008.destroyed`,sum(if((`Inventories`.`containerId` = 4009),`Inventories`.`inspected`,0)) AS `4009.inspected`,sum(if((`Inventories`.`containerId` = 4009),`Inventories`.`focus`,0)) AS `4009.focus`,sum(if((`Inventories`.`containerId` = 4009),`Inventories`.`treated`,0)) AS `4009.treated`,sum(if((`Inventories`.`containerId` = 4009),`Inventories`.`destroyed`,0)) AS `4009.destroyed`,sum(if((`Inventories`.`containerId` = 4010),`Inventories`.`inspected`,0)) AS `4010.inspected`,sum(if((`Inventories`.`containerId` = 4010),`Inventories`.`focus`,0)) AS `4010.focus`,sum(if((`Inventories`.`containerId` = 4010),`Inventories`.`treated`,0)) AS `4010.treated`,sum(if((`Inventories`.`containerId` = 4010),`Inventories`.`destroyed`,0)) AS `4010.destroyed` from (((((((`Reports` left join `ReportLines` on((`Reports`.`id` = `ReportLines`.`parentReportId`))) left join `Areas` on((`Areas`.`id` = `ReportLines`.`areaId`))) left join `ReportLineInspections` on((`ReportLines`.`id` = `ReportLineInspections`.`reportLineId`))) left join `Plans` on((`ReportLineInspections`.`inspectionId` = `Plans`.`inspectionId`))) left join `Visits` on((`Visits`.`planId` = `Plans`.`id`))) join `Houses` on(((`Houses`.`uuid` = `Visits`.`houseUuid`) and ((`ReportLines`.`sourceReportId` is not null) or (`ReportLines`.`areaId` = `Houses`.`areaId`))))) left join `Inventories` on((`Visits`.`uuid` = `Inventories`.`visitUuid`))) group by `Reports`.`id`,`ReportLines`.`id`,`ReportLines`.`areaId`) */;

/*View structure for view ReportLinesHeader */

/*!50001 DROP TABLE IF EXISTS `ReportLinesHeader` */;
/*!50001 DROP VIEW IF EXISTS `ReportLinesHeader` */;

/*!50001 CREATE ALGORITHM=UNDEFINED DEFINER=`sapev`@`%` SQL SECURITY DEFINER VIEW `ReportLinesHeader` AS (select `Reports`.`id` AS `reportId`,`ReportLines`.`id` AS `reportLineId`,`ReportLines`.`areaId` AS `areaId`,date_format(`Reports`.`date`,'%d/%m/%y') AS `date`,`Areas`.`name` AS `areaName`,count(`Visits`.`houseUuid`) AS `houses`,sum(if((`Visits`.`resultId` = 2001),1,0)) AS `inspected`,sum(if((`Visits`.`resultId` = 2002),1,0)) AS `closed`,sum(if((`Visits`.`resultId` = 2003),1,0)) AS `renuente`,sum(if((`Visits`.`resultId` = 2004),1,0)) AS `abandonada`,sum(`Visits`.`larvicide`) AS `larvicide` from ((((((`Reports` left join `ReportLines` on((`Reports`.`id` = `ReportLines`.`parentReportId`))) left join `Areas` on((`Areas`.`id` = `ReportLines`.`areaId`))) left join `ReportLineInspections` on((`ReportLines`.`id` = `ReportLineInspections`.`reportLineId`))) left join `Plans` on((`ReportLineInspections`.`inspectionId` = `Plans`.`inspectionId`))) left join `Visits` on((`Visits`.`planId` = `Plans`.`id`))) join `Houses` on(((`Houses`.`uuid` = `Visits`.`houseUuid`) and ((`ReportLines`.`sourceReportId` is not null) or (`ReportLines`.`areaId` = `Houses`.`areaId`))))) group by `Reports`.`id`,`ReportLines`.`id`,`ReportLines`.`areaId`) */;

/*View structure for view ReportLinesHeaderComplement */

/*!50001 DROP TABLE IF EXISTS `ReportLinesHeaderComplement` */;
/*!50001 DROP VIEW IF EXISTS `ReportLinesHeaderComplement` */;

/*!50001 CREATE ALGORITHM=UNDEFINED DEFINER=`sapev`@`%` SQL SECURITY DEFINER VIEW `ReportLinesHeaderComplement` AS (select `Reports`.`id` AS `reportId`,`ReportLines`.`id` AS `reportLineId`,`ReportLines`.`areaId` AS `areaId`,count(distinct `Houses`.`uuid`) AS `foco` from (((((((`Reports` left join `ReportLines` on((`Reports`.`id` = `ReportLines`.`parentReportId`))) left join `Areas` on((`Areas`.`id` = `ReportLines`.`areaId`))) left join `ReportLineInspections` on((`ReportLines`.`id` = `ReportLineInspections`.`reportLineId`))) left join `Plans` on((`ReportLineInspections`.`inspectionId` = `Plans`.`inspectionId`))) left join `Visits` on((`Visits`.`planId` = `Plans`.`id`))) join `Houses` on(((`Houses`.`uuid` = `Visits`.`houseUuid`) and ((`ReportLines`.`sourceReportId` is not null) or (`ReportLines`.`areaId` = `Houses`.`areaId`))))) join `Inventories` on(((`Visits`.`uuid` = `Inventories`.`visitUuid`) and (`Inventories`.`focus` > 0)))) group by `Reports`.`id`,`ReportLines`.`id`,`ReportLines`.`areaId`) */;

/*View structure for view ReportLinesHeaderDestroyed */

/*!50001 DROP TABLE IF EXISTS `ReportLinesHeaderDestroyed` */;
/*!50001 DROP VIEW IF EXISTS `ReportLinesHeaderDestroyed` */;

/*!50001 CREATE ALGORITHM=UNDEFINED DEFINER=`sapev`@`%` SQL SECURITY DEFINER VIEW `ReportLinesHeaderDestroyed` AS (select `Reports`.`id` AS `reportId`,`ReportLines`.`id` AS `reportLineId`,`ReportLines`.`areaId` AS `areaId`,count(distinct `Houses`.`uuid`) AS `destroyed` from (((((((`Reports` left join `ReportLines` on((`Reports`.`id` = `ReportLines`.`parentReportId`))) left join `Areas` on((`Areas`.`id` = `ReportLines`.`areaId`))) left join `ReportLineInspections` on((`ReportLines`.`id` = `ReportLineInspections`.`reportLineId`))) left join `Plans` on((`ReportLineInspections`.`inspectionId` = `Plans`.`inspectionId`))) left join `Visits` on((`Visits`.`planId` = `Plans`.`id`))) join `Houses` on(((`Houses`.`uuid` = `Visits`.`houseUuid`) and ((`ReportLines`.`sourceReportId` is not null) or (`ReportLines`.`areaId` = `Houses`.`areaId`))))) join `Inventories` on(((`Visits`.`uuid` = `Inventories`.`visitUuid`) and (`Inventories`.`destroyed` > 0)))) group by `Reports`.`id`,`ReportLines`.`id`,`ReportLines`.`areaId`) */;

/*View structure for view ReportLinesHeaderTreated */

/*!50001 DROP TABLE IF EXISTS `ReportLinesHeaderTreated` */;
/*!50001 DROP VIEW IF EXISTS `ReportLinesHeaderTreated` */;

/*!50001 CREATE ALGORITHM=UNDEFINED DEFINER=`sapev`@`%` SQL SECURITY DEFINER VIEW `ReportLinesHeaderTreated` AS (select `Reports`.`id` AS `reportId`,`ReportLines`.`id` AS `reportLineId`,`ReportLines`.`areaId` AS `areaId`,count(distinct `Houses`.`uuid`) AS `treated` from (((((((`Reports` left join `ReportLines` on((`Reports`.`id` = `ReportLines`.`parentReportId`))) left join `Areas` on((`Areas`.`id` = `ReportLines`.`areaId`))) left join `ReportLineInspections` on((`ReportLines`.`id` = `ReportLineInspections`.`reportLineId`))) left join `Plans` on((`ReportLineInspections`.`inspectionId` = `Plans`.`inspectionId`))) left join `Visits` on((`Visits`.`planId` = `Plans`.`id`))) join `Houses` on(((`Houses`.`uuid` = `Visits`.`houseUuid`) and ((`ReportLines`.`sourceReportId` is not null) or (`ReportLines`.`areaId` = `Houses`.`areaId`))))) join `Inventories` on(((`Visits`.`uuid` = `Inventories`.`visitUuid`) and (`Inventories`.`treated` > 0)))) group by `Reports`.`id`,`ReportLines`.`id`,`ReportLines`.`areaId`) */;

/*!40101 SET SQL_MODE=@OLD_SQL_MODE */;
/*!40014 SET FOREIGN_KEY_CHECKS=@OLD_FOREIGN_KEY_CHECKS */;
/*!40014 SET UNIQUE_CHECKS=@OLD_UNIQUE_CHECKS */;
/*!40111 SET SQL_NOTES=@OLD_SQL_NOTES */;
